model,epoch,epochs_total,train_loss,val_loss,stop_patience,threshold_patience,threshold_monitor_interval,best_val_loss_before_epoch,best_checkpoint_score_before_epoch,best_detection_score_before_epoch,patience_before_epoch,learning_rate,checkpoint,validation_monitor_source,val_precision,val_recall,val_f1,val_fp,val_fn,threshold,raw_threshold,safe_threshold,was_safety_applied,threshold_type,threshold_moved,previous_threshold,detection_score,detection_signal,threshold_monitor_ran,loss_improved,threshold_signal,threshold_checkpoint,threshold_save_loss_tolerance,checkpoint_score,best_checkpoint_score_after_epoch,is_best,best_val_loss_after_epoch,best_detection_score_after_epoch,patience_after_epoch,epoch_time_sec
tcn_transformer_ae,1,1000,0.1442321461584905,0.004674069087385484,9,9,5,,,,0,0.0003,/home/danderety/Documents/GitHub/TCN_Transformer_anomaly_analizer/outputs/rcaeval/models/tcn_transformer_ae_seed42_best.pt,real_val_plus_val_synthetic,0.2955444513845513,0.991617184771219,0.45536931590344054,6767.0,24.0,-0.0793287381529808,5.561192035675049,-0.07462000101804735,True,quantile_recall_fpr_tradeoff,False,,-23.323128441854077,True,True,True,True,False,0.05,0.004674069087385484,0.004674069087385484,True,0.004674069087385484,-23.323128441854077,0,44.952460050582886
tcn_transformer_ae,2,1000,0.0043837654495449815,0.002305232631245061,9,9,5,0.004674069087385484,0.004674069087385484,-23.323128441854077,0,0.0003,/home/danderety/Documents/GitHub/TCN_Transformer_anomaly_analizer/outputs/rcaeval/models/tcn_transformer_ae_seed42_best.pt,real_val_plus_val_synthetic,,,,,,,,,,,False,,,False,False,True,False,False,0.05,0.002305232631245061,0.002305232631245061,True,0.002305232631245061,-23.323128441854077,0,2.132406234741211
tcn_transformer_ae,3,1000,0.0024558330377381617,0.0014261597521987785,9,9,5,0.002305232631245061,0.002305232631245061,-23.323128441854077,0,0.0003,/home/danderety/Documents/GitHub/TCN_Transformer_anomaly_analizer/outputs/rcaeval/models/tcn_transformer_ae_seed42_best.pt,real_val_plus_val_synthetic,,,,,,,,,,,False,,,False,False,True,False,False,0.05,0.0014261597521987785,0.0014261597521987785,True,0.0014261597521987785,-23.323128441854077,0,2.1592395305633545
tcn_transformer_ae,4,1000,0.0016077440333269212,0.00098122671972859,9,9,5,0.0014261597521987785,0.0014261597521987785,-23.323128441854077,0,0.0003,/home/danderety/Documents/GitHub/TCN_Transformer_anomaly_analizer/outputs/rcaeval/models/tcn_transformer_ae_seed42_best.pt,real_val_plus_val_synthetic,,,,,,,,,,,False,,,False,False,True,False,False,0.05,0.00098122671972859,0.00098122671972859,True,0.00098122671972859,-23.323128441854077,0,2.153554916381836
tcn_transformer_ae,5,1000,0.0011415735631168861,0.0007204384487324759,9,9,5,0.00098122671972859,0.00098122671972859,-23.323128441854077,0,0.0003,/home/danderety/Documents/GitHub/TCN_Transformer_anomaly_analizer/outputs/rcaeval/models/tcn_transformer_ae_seed42_best.pt,real_val_plus_val_synthetic,0.30288153681963714,0.9912679008033531,0.46399084443717814,6532.0,25.0,-0.0069568525068461895,5.355323028564456,-0.006782797630876304,True,quantile_recall_fpr_tradeoff,True,-0.0793287381529808,-24.288112143572487,False,True,True,False,False,0.05,0.0007204384487324759,0.0007204384487324759,True,0.0007204384487324759,-23.323128441854077,0,45.76261758804321
tcn_transformer_ae,6,1000,0.000858915037774157,0.0005526286404347047,9,9,5,0.0007204384487324759,0.0007204384487324759,-23.323128441854077,0,0.0003,/home/danderety/Documents/GitHub/TCN_Transformer_anomaly_analizer/outputs/rcaeval/models/tcn_transformer_ae_seed42_best.pt,real_val_plus_val_synthetic,,,,,,,,,,,False,,,False,False,True,False,False,0.05,0.0005526286404347047,0.0005526286404347047,True,0.0005526286404347047,-23.323128441854077,0,2.1380088329315186
tcn_transformer_ae,7,1000,0.0006742151941263886,0.00043759711622007433,9,9,5,0.0005526286404347047,0.0005526286404347047,-23.323128441854077,0,0.0003,/home/danderety/Documents/GitHub/TCN_Transformer_anomaly_analizer/outputs/rcaeval/models/tcn_transformer_ae_seed42_best.pt,real_val_plus_val_synthetic,,,,,,,,,,,False,,,False,False,True,False,False,0.05,0.00043759711622007433,0.00043759711622007433,True,0.00043759711622007433,-23.323128441854077,0,2.1576786041259766
tcn_transformer_ae,8,1000,0.0005387555125786963,0.00035486948826988026,9,9,5,0.00043759711622007433,0.00043759711622007433,-23.323128441854077,0,0.0003,/home/danderety/Documents/GitHub/TCN_Transformer_anomaly_analizer/outputs/rcaeval/models/tcn_transformer_ae_seed42_best.pt,real_val_plus_val_synthetic,,,,,,,,,,,False,,,False,False,True,False,False,0.05,0.00035486948826988026,0.00035486948826988026,True,0.00035486948826988026,-23.323128441854077,0,2.1424570083618164
tcn_transformer_ae,9,1000,0.00044206597838479945,0.0002936701743949569,9,9,5,0.00035486948826988026,0.00035486948826988026,-23.323128441854077,0,0.0003,/home/danderety/Documents/GitHub/TCN_Transformer_anomaly_analizer/outputs/rcaeval/models/tcn_transformer_ae_seed42_best.pt,real_val_plus_val_synthetic,,,,,,,,,,,False,,,False,False,True,False,False,0.05,0.0002936701743949569,0.0002936701743949569,True,0.0002936701743949569,-23.323128441854077,0,2.158139228820801
tcn_transformer_ae,10,1000,0.00037004635226406646,0.00024671866159896246,9,9,5,0.0002936701743949569,0.0002936701743949569,-23.323128441854077,0,0.0003,/home/danderety/Documents/GitHub/TCN_Transformer_anomaly_analizer/outputs/rcaeval/models/tcn_transformer_ae_seed42_best.pt,real_val_plus_val_synthetic,0.29653589315525875,0.9926650366748166,0.4566562223829035,6742.0,21.0,0.0,4.923739242553711,-5e-324,True,quantile_recall_fpr_tradeoff,True,-0.0069568525068461895,-20.3179485713736,True,True,True,True,True,0.05,0.00024671866159896246,0.00024671866159896246,True,0.00024671866159896246,-20.3179485713736,0,51.83600425720215
tcn_transformer_ae,11,1000,0.0003130294434136569,0.00021004202189151724,9,9,5,0.00024671866159896246,0.00024671866159896246,-20.3179485713736,0,0.0003,/home/danderety/Documents/GitHub/TCN_Transformer_anomaly_analizer/outputs/rcaeval/models/tcn_transformer_ae_seed42_best.pt,real_val_plus_val_synthetic,,,,,,,,,,,False,,,False,False,True,False,False,0.05,0.00021004202189151724,0.00021004202189151724,True,0.00021004202189151724,-20.3179485713736,0,2.144759178161621
tcn_transformer_ae,12,1000,0.0002690135403574222,0.0001807684816215086,9,9,5,0.00021004202189151724,0.00021004202189151724,-20.3179485713736,0,0.0003,/home/danderety/Documents/GitHub/TCN_Transformer_anomaly_analizer/outputs/rcaeval/models/tcn_transformer_ae_seed42_best.pt,real_val_plus_val_synthetic,,,,,,,,,,,False,,,False,False,True,False,False,0.05,0.0001807684816215086,0.0001807684816215086,True,0.0001807684816215086,-20.3179485713736,0,2.1727166175842285
tcn_transformer_ae,13,1000,0.0002324220578252014,0.00015699045774375048,9,9,5,0.0001807684816215086,0.0001807684816215086,-20.3179485713736,0,0.0003,/home/danderety/Documents/GitHub/TCN_Transformer_anomaly_analizer/outputs/rcaeval/models/tcn_transformer_ae_seed42_best.pt,real_val_plus_val_synthetic,,,,,,,,,,,False,,,False,False,True,False,False,0.05,0.00015699045774375048,0.00015699045774375048,True,0.00015699045774375048,-20.3179485713736,0,2.20847225189209
tcn_transformer_ae,14,1000,0.00020462964960682692,0.00013747257174185032,9,9,5,0.00015699045774375048,0.00015699045774375048,-20.3179485713736,0,0.0003,/home/danderety/Documents/GitHub/TCN_Transformer_anomaly_analizer/outputs/rcaeval/models/tcn_transformer_ae_seed42_best.pt,real_val_plus_val_synthetic,,,,,,,,,,,False,,,False,False,True,False,False,0.05,0.00013747257174185032,0.00013747257174185032,True,0.00013747257174185032,-20.3179485713736,0,2.2091124057769775
tcn_transformer_ae,15,1000,0.00017860143397347596,0.00012113060509601264,9,9,5,0.00013747257174185032,0.00013747257174185032,-20.3179485713736,0,0.0003,/home/danderety/Documents/GitHub/TCN_Transformer_anomaly_analizer/outputs/rcaeval/models/tcn_transformer_ae_seed42_best.pt,real_val_plus_val_synthetic,0.3180136755969062,0.9909186168354872,0.48150033944331294,6084.0,26.0,0.0,4.658142852783206,-5e-324,True,quantile_recall_fpr_tradeoff,False,0.0,-25.21996752374851,False,True,True,False,False,0.05,0.00012113060509601264,0.00012113060509601264,True,0.00012113060509601264,-20.3179485713736,0,50.229093074798584
tcn_transformer_ae,16,1000,0.00015820238078721678,0.00010747596467769219,9,9,5,0.00012113060509601264,0.00012113060509601264,-20.3179485713736,0,0.0003,/home/danderety/Documents/GitHub/TCN_Transformer_anomaly_analizer/outputs/rcaeval/models/tcn_transformer_ae_seed42_best.pt,real_val_plus_val_synthetic,,,,,,,,,,,False,,,False,False,True,False,False,0.05,0.00010747596467769219,0.00010747596467769219,True,0.00010747596467769219,-20.3179485713736,0,2.152240753173828
tcn_transformer_ae,17,1000,0.0001411984382645207,9.587051412698044e-05,9,9,5,0.00010747596467769219,0.00010747596467769219,-20.3179485713736,0,0.0003,/home/danderety/Documents/GitHub/TCN_Transformer_anomaly_analizer/outputs/rcaeval/models/tcn_transformer_ae_seed42_best.pt,real_val_plus_val_synthetic,,,,,,,,,,,False,,,False,False,True,False,False,0.05,9.587051412698044e-05,9.587051412698044e-05,True,9.587051412698044e-05,-20.3179485713736,0,2.165235996246338
tcn_transformer_ae,18,1000,0.00012619575128432504,8.59297375111213e-05,9,9,5,9.587051412698044e-05,9.587051412698044e-05,-20.3179485713736,0,0.0003,/home/danderety/Documents/GitHub/TCN_Transformer_anomaly_analizer/outputs/rcaeval/models/tcn_transformer_ae_seed42_best.pt,real_val_plus_val_synthetic,,,,,,,,,,,False,,,False,False,True,False,False,0.05,8.59297375111213e-05,8.59297375111213e-05,True,8.59297375111213e-05,-20.3179485713736,0,2.18731951713562
tcn_transformer_ae,19,1000,0.00011352293799775552,7.736972791304731e-05,9,9,5,8.59297375111213e-05,8.59297375111213e-05,-20.3179485713736,0,0.0003,/home/danderety/Documents/GitHub/TCN_Transformer_anomaly_analizer/outputs/rcaeval/models/tcn_transformer_ae_seed42_best.pt,real_val_plus_val_synthetic,,,,,,,,,,,False,,,False,False,True,False,False,0.05,7.736972791304731e-05,7.736972791304731e-05,True,7.736972791304731e-05,-20.3179485713736,0,2.162714719772339
tcn_transformer_ae,20,1000,0.00010254866095277501,6.99399414098361e-05,9,9,5,7.736972791304731e-05,7.736972791304731e-05,-20.3179485713736,0,0.0003,/home/danderety/Documents/GitHub/TCN_Transformer_anomaly_analizer/outputs/rcaeval/models/tcn_transformer_ae_seed42_best.pt,real_val_plus_val_synthetic,0.29668266221573125,0.9933636046105484,0.456904169009559,6742.0,19.0,-0.0005477680824697018,4.5823640823364284,-5e-324,True,quantile_recall_fpr_tradeoff,True,0.0,-18.317002056811212,True,True,True,True,True,0.05,6.99399414098361e-05,6.99399414098361e-05,True,6.99399414098361e-05,-18.317002056811212,0,49.808678150177
tcn_transformer_ae,21,1000,9.298148111354195e-05,6.342132129920292e-05,9,9,5,6.99399414098361e-05,6.99399414098361e-05,-18.317002056811212,0,0.0003,/home/danderety/Documents/GitHub/TCN_Transformer_anomaly_analizer/outputs/rcaeval/models/tcn_transformer_ae_seed42_best.pt,real_val_plus_val_synthetic,,,,,,,,,,,False,,,False,False,True,False,False,0.05,6.342132129920292e-05,6.342132129920292e-05,True,6.342132129920292e-05,-18.317002056811212,0,2.168419361114502
tcn_transformer_ae,22,1000,8.45622086236962e-05,5.770122037495679e-05,9,9,5,6.342132129920292e-05,6.342132129920292e-05,-18.317002056811212,0,0.0003,/home/danderety/Documents/GitHub/TCN_Transformer_anomaly_analizer/outputs/rcaeval/models/tcn_transformer_ae_seed42_best.pt,real_val_plus_val_synthetic,,,,,,,,,,,False,,,False,False,True,False,False,0.05,5.770122037495679e-05,5.770122037495679e-05,True,5.770122037495679e-05,-18.317002056811212,0,2.193652629852295
tcn_transformer_ae,23,1000,7.714499683377495e-05,5.2641099817106884e-05,9,9,5,5.770122037495679e-05,5.770122037495679e-05,-18.317002056811212,0,0.0003,/home/danderety/Documents/GitHub/TCN_Transformer_anomaly_analizer/outputs/rcaeval/models/tcn_transformer_ae_seed42_best.pt,real_val_plus_val_synthetic,,,,,,,,,,,False,,,False,False,True,False,False,0.05,5.2641099817106884e-05,5.2641099817106884e-05,True,5.2641099817106884e-05,-18.317002056811212,0,2.135617971420288
tcn_transformer_ae,24,1000,7.059145489462105e-05,4.816157426197922e-05,9,9,5,5.2641099817106884e-05,5.2641099817106884e-05,-18.317002056811212,0,0.0003,/home/danderety/Documents/GitHub/TCN_Transformer_anomaly_analizer/outputs/rcaeval/models/tcn_transformer_ae_seed42_best.pt,real_val_plus_val_synthetic,,,,,,,,,,,False,,,False,False,True,False,False,0.05,4.816157426197922e-05,4.816157426197922e-05,True,4.816157426197922e-05,-18.317002056811212,0,2.14306640625
tcn_transformer_ae,25,1000,6.474292853375158e-05,4.4160520622466244e-05,9,9,5,4.816157426197922e-05,4.816157426197922e-05,-18.317002056811212,0,0.0003,/home/danderety/Documents/GitHub/TCN_Transformer_anomaly_analizer/outputs/rcaeval/models/tcn_transformer_ae_seed42_best.pt,real_val_plus_val_synthetic,0.2962808625898531,0.9933636046105484,0.45642753972075106,6755.0,19.0,0.0,4.539451694488528,-5e-324,True,quantile_recall_fpr_tradeoff,True,-0.0005477680824697018,-18.318958144390677,False,True,True,False,False,0.05,4.4160520622466244e-05,4.4160520622466244e-05,True,4.4160520622466244e-05,-18.317002056811212,0,49.725704193115234
tcn_transformer_ae,26,1000,5.9501390039614584e-05,4.058824703426343e-05,9,9,5,4.4160520622466244e-05,4.4160520622466244e-05,-18.317002056811212,0,0.0003,/home/danderety/Documents/GitHub/TCN_Transformer_anomaly_analizer/outputs/rcaeval/models/tcn_transformer_ae_seed42_best.pt,real_val_plus_val_synthetic,,,,,,,,,,,False,,,False,False,True,False,False,0.05,4.058824703426343e-05,4.058824703426343e-05,True,4.058824703426343e-05,-18.317002056811212,0,2.143524169921875
tcn_transformer_ae,27,1000,5.480818760153615e-05,3.7379478311302826e-05,9,9,5,4.058824703426343e-05,4.058824703426343e-05,-18.317002056811212,0,0.0003,/home/danderety/Documents/GitHub/TCN_Transformer_anomaly_analizer/outputs/rcaeval/models/tcn_transformer_ae_seed42_best.pt,real_val_plus_val_synthetic,,,,,,,,,,,False,,,False,False,True,False,False,0.05,3.7379478311302826e-05,3.7379478311302826e-05,True,3.7379478311302826e-05,-18.317002056811212,0,2.1515069007873535
tcn_transformer_ae,28,1000,5.060573023555385e-05,3.4493167534136497e-05,9,9,5,3.7379478311302826e-05,3.7379478311302826e-05,-18.317002056811212,0,0.0003,/home/danderety/Documents/GitHub/TCN_Transformer_anomaly_analizer/outputs/rcaeval/models/tcn_transformer_ae_seed42_best.pt,real_val_plus_val_synthetic,,,,,,,,,,,False,,,False,False,True,False,False,0.05,3.4493167534136497e-05,3.4493167534136497e-05,True,3.4493167534136497e-05,-18.317002056811212,0,2.156662940979004
tcn_transformer_ae,29,1000,4.676261778513435e-05,3.188540374495737e-05,9,9,5,3.4493167534136497e-05,3.4493167534136497e-05,-18.317002056811212,0,0.0003,/home/danderety/Documents/GitHub/TCN_Transformer_anomaly_analizer/outputs/rcaeval/models/tcn_transformer_ae_seed42_best.pt,real_val_plus_val_synthetic,,,,,,,,,,,False,,,False,False,True,False,False,0.05,3.188540374495737e-05,3.188540374495737e-05,True,3.188540374495737e-05,-18.317002056811212,0,2.140662431716919
tcn_transformer_ae,30,1000,4.341716992158858e-05,2.95139554470117e-05,9,9,5,3.188540374495737e-05,3.188540374495737e-05,-18.317002056811212,0,0.0003,/home/danderety/Documents/GitHub/TCN_Transformer_anomaly_analizer/outputs/rcaeval/models/tcn_transformer_ae_seed42_best.pt,real_val_plus_val_synthetic,0.28801051354630003,0.9951100244498777,0.4467267738141905,7043.0,14.0,-0.0013632134068757296,4.517630195617678,-5e-324,True,quantile_recall_fpr_tradeoff,True,0.0,-13.359688181820147,True,True,True,True,True,0.05,2.95139554470117e-05,2.95139554470117e-05,True,2.95139554470117e-05,-13.359688181820147,0,48.70923328399658
tcn_transformer_ae,31,1000,4.035893305073209e-05,2.736600325316312e-05,9,9,5,2.95139554470117e-05,2.95139554470117e-05,-13.359688181820147,0,0.0003,/home/danderety/Documents/GitHub/TCN_Transformer_anomaly_analizer/outputs/rcaeval/models/tcn_transformer_ae_seed42_best.pt,real_val_plus_val_synthetic,,,,,,,,,,,False,,,False,False,True,False,False,0.05,2.736600325316312e-05,2.736600325316312e-05,True,2.736600325316312e-05,-13.359688181820147,0,2.142516613006592
tcn_transformer_ae,32,1000,3.7930799131256364e-05,2.540190879422564e-05,9,9,5,2.736600325316312e-05,2.736600325316312e-05,-13.359688181820147,0,0.0003,/home/danderety/Documents/GitHub/TCN_Transformer_anomaly_analizer/outputs/rcaeval/models/tcn_transformer_ae_seed42_best.pt,real_val_plus_val_synthetic,,,,,,,,,,,False,,,False,False,True,False,False,0.05,2.540190879422564e-05,2.540190879422564e-05,True,2.540190879422564e-05,-13.359688181820147,0,2.147170066833496
tcn_transformer_ae,33,1000,3.46739898107088e-05,2.358866016078062e-05,9,9,5,2.540190879422564e-05,2.540190879422564e-05,-13.359688181820147,0,0.0003,/home/danderety/Documents/GitHub/TCN_Transformer_anomaly_analizer/outputs/rcaeval/models/tcn_transformer_ae_seed42_best.pt,real_val_plus_val_synthetic,,,,,,,,,,,False,,,False,False,True,False,False,0.05,2.358866016078062e-05,2.358866016078062e-05,True,2.358866016078062e-05,-13.359688181820147,0,2.143171548843384
tcn_transformer_ae,34,1000,3.243114590235485e-05,2.1959677229935313e-05,9,9,5,2.358866016078062e-05,2.358866016078062e-05,-13.359688181820147,0,0.0003,/home/danderety/Documents/GitHub/TCN_Transformer_anomaly_analizer/outputs/rcaeval/models/tcn_transformer_ae_seed42_best.pt,real_val_plus_val_synthetic,,,,,,,,,,,False,,,False,False,True,False,False,0.05,2.1959677229935313e-05,2.1959677229935313e-05,True,2.1959677229935313e-05,-13.359688181820147,0,2.1362111568450928
tcn_transformer_ae,35,1000,3.059740204306486e-05,2.0458210339869687e-05,9,9,5,2.1959677229935313e-05,2.1959677229935313e-05,-13.359688181820147,0,0.0003,/home/danderety/Documents/GitHub/TCN_Transformer_anomaly_analizer/outputs/rcaeval/models/tcn_transformer_ae_seed42_best.pt,real_val_plus_val_synthetic,0.3258349592562837,0.991617184771219,0.49049758120248793,5874.0,24.0,4.834605533687863e-07,4.534322547912601,4.834605533687862e-07,True,quantile_recall_fpr_tradeoff,True,-0.0013632134068757296,-23.186372772435305,False,True,True,False,False,0.05,2.0458210339869687e-05,2.0458210339869687e-05,True,2.0458210339869687e-05,-13.359688181820147,0,49.38800764083862
tcn_transformer_ae,36,1000,2.805975620266627e-05,1.907530043393743e-05,9,9,5,2.0458210339869687e-05,2.0458210339869687e-05,-13.359688181820147,0,0.0003,/home/danderety/Documents/GitHub/TCN_Transformer_anomaly_analizer/outputs/rcaeval/models/tcn_transformer_ae_seed42_best.pt,real_val_plus_val_synthetic,,,,,,,,,,,False,,,False,False,True,False,False,0.05,1.907530043393743e-05,1.907530043393743e-05,True,1.907530043393743e-05,-13.359688181820147,0,2.197784185409546
tcn_transformer_ae,37,1000,2.626361465049938e-05,1.7810627192058906e-05,9,9,5,1.907530043393743e-05,1.907530043393743e-05,-13.359688181820147,0,0.0003,/home/danderety/Documents/GitHub/TCN_Transformer_anomaly_analizer/outputs/rcaeval/models/tcn_transformer_ae_seed42_best.pt,real_val_plus_val_synthetic,,,,,,,,,,,False,,,False,False,True,False,False,0.05,1.7810627192058906e-05,1.7810627192058906e-05,True,1.7810627192058906e-05,-13.359688181820147,0,2.1333272457122803
tcn_transformer_ae,38,1000,2.456609603462351e-05,1.6641103803008065e-05,9,9,5,1.7810627192058906e-05,1.7810627192058906e-05,-13.359688181820147,0,0.0003,/home/danderety/Documents/GitHub/TCN_Transformer_anomaly_analizer/outputs/rcaeval/models/tcn_transformer_ae_seed42_best.pt,real_val_plus_val_synthetic,,,,,,,,,,,False,,,False,False,True,False,False,0.05,1.6641103803008065e-05,1.6641103803008065e-05,True,1.6641103803008065e-05,-13.359688181820147,0,2.119724750518799
tcn_transformer_ae,39,1000,2.3007828847608913e-05,1.5568312678822068e-05,9,9,5,1.6641103803008065e-05,1.6641103803008065e-05,-13.359688181820147,0,0.0003,/home/danderety/Documents/GitHub/TCN_Transformer_anomaly_analizer/outputs/rcaeval/models/tcn_transformer_ae_seed42_best.pt,real_val_plus_val_synthetic,,,,,,,,,,,False,,,False,False,True,False,False,0.05,1.5568312678822068e-05,1.5568312678822068e-05,True,1.5568312678822068e-05,-13.359688181820147,0,2.1345698833465576
tcn_transformer_ae,40,1000,2.1503505610345872e-05,1.4584285242128079e-05,9,9,5,1.5568312678822068e-05,1.5568312678822068e-05,-13.359688181820147,0,0.0003,/home/danderety/Documents/GitHub/TCN_Transformer_anomaly_analizer/outputs/rcaeval/models/tcn_transformer_ae_seed42_best.pt,real_val_plus_val_synthetic,0.29988392951355913,0.9926650366748166,0.4606158833063209,6635.0,21.0,0.0,4.642325019836429,-5e-324,True,quantile_recall_fpr_tradeoff,True,4.834605533687863e-07,-20.301811830673238,False,True,True,False,False,0.05,1.4584285242128079e-05,1.4584285242128079e-05,True,1.4584285242128079e-05,-13.359688181820147,0,46.92646265029907
tcn_transformer_ae,41,1000,2.0159366257481135e-05,1.366574711818944e-05,9,9,5,1.4584285242128079e-05,1.4584285242128079e-05,-13.359688181820147,0,0.0003,/home/danderety/Documents/GitHub/TCN_Transformer_anomaly_analizer/outputs/rcaeval/models/tcn_transformer_ae_seed42_best.pt,real_val_plus_val_synthetic,,,,,,,,,,,False,,,False,False,True,False,False,0.05,1.366574711818944e-05,1.366574711818944e-05,True,1.366574711818944e-05,-13.359688181820147,0,2.1353962421417236
tcn_transformer_ae,42,1000,1.891746699030868e-05,1.2807986877305666e-05,9,9,5,1.366574711818944e-05,1.366574711818944e-05,-13.359688181820147,0,0.0003,/home/danderety/Documents/GitHub/TCN_Transformer_anomaly_analizer/outputs/rcaeval/models/tcn_transformer_ae_seed42_best.pt,real_val_plus_val_synthetic,,,,,,,,,,,False,,,False,False,True,False,False,0.05,1.2807986877305666e-05,1.2807986877305666e-05,True,1.2807986877305666e-05,-13.359688181820147,0,2.1357510089874268
tcn_transformer_ae,43,1000,1.7762257742936566e-05,1.2019986293718988e-05,9,9,5,1.2807986877305666e-05,1.2807986877305666e-05,-13.359688181820147,0,0.0003,/home/danderety/Documents/GitHub/TCN_Transformer_anomaly_analizer/outputs/rcaeval/models/tcn_transformer_ae_seed42_best.pt,real_val_plus_val_synthetic,,,,,,,,,,,False,,,False,False,True,False,False,0.05,1.2019986293718988e-05,1.2019986293718988e-05,True,1.2019986293718988e-05,-13.359688181820147,0,2.1307172775268555
tcn_transformer_ae,44,1000,1.6696982999312002e-05,1.1290315698083166e-05,9,9,5,1.2019986293718988e-05,1.2019986293718988e-05,-13.359688181820147,0,0.0003,/home/danderety/Documents/GitHub/TCN_Transformer_anomaly_analizer/outputs/rcaeval/models/tcn_transformer_ae_seed42_best.pt,real_val_plus_val_synthetic,,,,,,,,,,,False,,,False,False,True,False,False,0.05,1.1290315698083166e-05,1.1290315698083166e-05,True,1.1290315698083166e-05,-13.359688181820147,0,2.136444330215454
tcn_transformer_ae,45,1000,1.603807426481976e-05,1.060366833411061e-05,9,9,5,1.1290315698083166e-05,1.1290315698083166e-05,-13.359688181820147,0,0.0003,/home/danderety/Documents/GitHub/TCN_Transformer_anomaly_analizer/outputs/rcaeval/models/tcn_transformer_ae_seed42_best.pt,real_val_plus_val_synthetic,0.3102732240437158,0.991617184771219,0.4726546241571631,6311.0,24.0,-0.0022590693552047014,4.692896366119395,-0.0009765764698386194,True,quantile_recall_fpr_tradeoff,True,0.0,-23.253948288943473,False,True,True,False,False,0.05,1.060366833411061e-05,1.060366833411061e-05,True,1.060366833411061e-05,-13.359688181820147,0,48.208423376083374
tcn_transformer_ae,46,1000,1.4746283014850949e-05,9.960887066130374e-06,9,9,5,1.060366833411061e-05,1.060366833411061e-05,-13.359688181820147,0,0.0003,/home/danderety/Documents/GitHub/TCN_Transformer_anomaly_analizer/outputs/rcaeval/models/tcn_transformer_ae_seed42_best.pt,real_val_plus_val_synthetic,,,,,,,,,,,False,,,False,False,True,False,False,0.05,9.960887066130374e-06,9.960887066130374e-06,True,9.960887066130374e-06,-13.359688181820147,0,2.206293821334839
tcn_transformer_ae,47,1000,1.3907189816603458e-05,9.368677247632307e-06,9,9,5,9.960887066130374e-06,9.960887066130374e-06,-13.359688181820147,0,0.0003,/home/danderety/Documents/GitHub/TCN_Transformer_anomaly_analizer/outputs/rcaeval/models/tcn_transformer_ae_seed42_best.pt,real_val_plus_val_synthetic,,,,,,,,,,,False,,,False,False,True,False,False,0.05,9.368677247632307e-06,9.368677247632307e-06,True,9.368677247632307e-06,-13.359688181820147,0,2.195006847381592
tcn_transformer_ae,48,1000,1.3102370303386124e-05,8.8145175338824e-06,9,9,5,9.368677247632307e-06,9.368677247632307e-06,-13.359688181820147,0,0.0003,/home/danderety/Documents/GitHub/TCN_Transformer_anomaly_analizer/outputs/rcaeval/models/tcn_transformer_ae_seed42_best.pt,real_val_plus_val_synthetic,,,,,,,,,,,False,,,False,False,True,False,False,0.05,8.8145175338824e-06,8.8145175338824e-06,True,8.8145175338824e-06,-13.359688181820147,0,2.2292368412017822
tcn_transformer_ae,49,1000,1.2312790016474775e-05,8.305633049649655e-06,9,9,5,8.8145175338824e-06,8.8145175338824e-06,-13.359688181820147,0,0.0003,/home/danderety/Documents/GitHub/TCN_Transformer_anomaly_analizer/outputs/rcaeval/models/tcn_transformer_ae_seed42_best.pt,real_val_plus_val_synthetic,,,,,,,,,,,False,,,False,False,True,False,False,0.05,8.305633049649655e-06,8.305633049649655e-06,True,8.305633049649655e-06,-13.359688181820147,0,2.212782382965088
tcn_transformer_ae,50,1000,1.160983176463481e-05,7.811771707644727e-06,9,9,5,8.305633049649655e-06,8.305633049649655e-06,-13.359688181820147,0,0.0003,/home/danderety/Documents/GitHub/TCN_Transformer_anomaly_analizer/outputs/rcaeval/models/tcn_transformer_ae_seed42_best.pt,real_val_plus_val_synthetic,0.3025613660618997,0.9902200488997555,0.4635003678574348,6535.0,28.0,-0.0040000444278120995,4.662707996368411,-0.0040000444278121,True,quantile_recall_fpr_tradeoff,True,-0.0022590693552047014,-27.28999188550752,False,True,True,False,False,0.05,7.811771707644727e-06,7.811771707644727e-06,True,7.811771707644727e-06,-13.359688181820147,0,48.64063835144043
tcn_transformer_ae,51,1000,1.0950971599136803e-05,7.372001964936119e-06,9,9,5,7.811771707644727e-06,7.811771707644727e-06,-13.359688181820147,0,0.0003,/home/danderety/Documents/GitHub/TCN_Transformer_anomaly_analizer/outputs/rcaeval/models/tcn_transformer_ae_seed42_best.pt,real_val_plus_val_synthetic,,,,,,,,,,,False,,,False,False,True,False,False,0.05,7.372001964936119e-06,7.372001964936119e-06,True,7.372001964936119e-06,-13.359688181820147,0,2.2507429122924805
tcn_transformer_ae,52,1000,1.0329795021907953e-05,6.947823566327355e-06,9,9,5,7.372001964936119e-06,7.372001964936119e-06,-13.359688181820147,0,0.0003,/home/danderety/Documents/GitHub/TCN_Transformer_anomaly_analizer/outputs/rcaeval/models/tcn_transformer_ae_seed42_best.pt,real_val_plus_val_synthetic,,,,,,,,,,,False,,,False,False,True,False,False,0.05,6.947823566327355e-06,6.947823566327355e-06,True,6.947823566327355e-06,-13.359688181820147,0,2.20701003074646
tcn_transformer_ae,53,1000,9.748873218956325e-06,6.545329290969201e-06,9,9,5,6.947823566327355e-06,6.947823566327355e-06,-13.359688181820147,0,0.0003,/home/danderety/Documents/GitHub/TCN_Transformer_anomaly_analizer/outputs/rcaeval/models/tcn_transformer_ae_seed42_best.pt,real_val_plus_val_synthetic,,,,,,,,,,,False,,,False,False,True,False,False,0.05,6.545329290969201e-06,6.545329290969201e-06,True,6.545329290969201e-06,-13.359688181820147,0,2.21724534034729
tcn_transformer_ae,54,1000,9.207275579485767e-06,6.177580970593819e-06,9,9,5,6.545329290969201e-06,6.545329290969201e-06,-13.359688181820147,0,0.0003,/home/danderety/Documents/GitHub/TCN_Transformer_anomaly_analizer/outputs/rcaeval/models/tcn_transformer_ae_seed42_best.pt,real_val_plus_val_synthetic,,,,,,,,,,,False,,,False,False,True,False,False,0.05,6.177580970593819e-06,6.177580970593819e-06,True,6.177580970593819e-06,-13.359688181820147,0,2.2198383808135986
tcn_transformer_ae,55,1000,8.698174309282205e-06,5.821240946439186e-06,9,9,5,6.177580970593819e-06,6.177580970593819e-06,-13.359688181820147,0,0.0003,/home/danderety/Documents/GitHub/TCN_Transformer_anomaly_analizer/outputs/rcaeval/models/tcn_transformer_ae_seed42_best.pt,real_val_plus_val_synthetic,0.2688630124017798,0.9919664687390849,0.42305973484284226,7723.0,23.0,-0.02105235680937767,4.640358352661147,-0.021052356809377674,True,quantile_recall_fpr_tradeoff,True,-0.0040000444278120995,-22.46388582555202,False,True,True,False,False,0.05,5.821240946439186e-06,5.821240946439186e-06,True,5.821240946439186e-06,-13.359688181820147,0,45.929882526397705
tcn_transformer_ae,56,1000,8.21875861496981e-06,5.531608043502669e-06,9,9,5,5.821240946439186e-06,5.821240946439186e-06,-13.359688181820147,0,0.0003,/home/danderety/Documents/GitHub/TCN_Transformer_anomaly_analizer/outputs/rcaeval/models/tcn_transformer_ae_seed42_best.pt,real_val_plus_val_synthetic,,,,,,,,,,,False,,,False,False,True,False,False,0.05,5.531608043502669e-06,5.531608043502669e-06,True,5.531608043502669e-06,-13.359688181820147,0,2.1972808837890625
tcn_transformer_ae,57,1000,7.784772235382938e-06,5.204432276830472e-06,9,9,5,5.531608043502669e-06,5.531608043502669e-06,-13.359688181820147,0,0.0003,/home/danderety/Documents/GitHub/TCN_Transformer_anomaly_analizer/outputs/rcaeval/models/tcn_transformer_ae_seed42_best.pt,real_val_plus_val_synthetic,,,,,,,,,,,False,,,False,False,True,False,False,0.05,5.204432276830472e-06,5.204432276830472e-06,True,5.204432276830472e-06,-13.359688181820147,0,2.252819299697876
tcn_transformer_ae,58,1000,7.342370133261758e-06,4.916507182513116e-06,9,9,5,5.204432276830472e-06,5.204432276830472e-06,-13.359688181820147,0,0.0003,/home/danderety/Documents/GitHub/TCN_Transformer_anomaly_analizer/outputs/rcaeval/models/tcn_transformer_ae_seed42_best.pt,real_val_plus_val_synthetic,,,,,,,,,,,False,,,False,False,True,False,False,0.05,4.916507182513116e-06,4.916507182513116e-06,True,4.916507182513116e-06,-13.359688181820147,0,2.2324209213256836
tcn_transformer_ae,59,1000,6.9439653069149125e-06,4.629839630208311e-06,9,9,5,4.916507182513116e-06,4.916507182513116e-06,-13.359688181820147,0,0.0003,/home/danderety/Documents/GitHub/TCN_Transformer_anomaly_analizer/outputs/rcaeval/models/tcn_transformer_ae_seed42_best.pt,real_val_plus_val_synthetic,,,,,,,,,,,False,,,False,False,True,False,False,0.05,4.629839630208311e-06,4.629839630208311e-06,True,4.629839630208311e-06,-13.359688181820147,0,2.258031129837036
tcn_transformer_ae,60,1000,6.565769334211717e-06,4.382460249614625e-06,9,9,5,4.629839630208311e-06,4.629839630208311e-06,-13.359688181820147,0,0.0003,/home/danderety/Documents/GitHub/TCN_Transformer_anomaly_analizer/outputs/rcaeval/models/tcn_transformer_ae_seed42_best.pt,real_val_plus_val_synthetic,0.30491732875241573,0.9919664687390849,0.46645314937997867,6474.0,23.0,-0.0007451035198755562,3.711711549758922,-5e-324,True,quantile_recall_fpr_tradeoff,True,-0.02105235680937767,-22.27835061062795,False,True,True,False,False,0.05,4.382460249614625e-06,4.382460249614625e-06,True,4.382460249614625e-06,-13.359688181820147,0,45.20652484893799
tcn_transformer_ae,61,1000,6.217407842442576e-06,4.1376022774942536e-06,9,9,5,4.382460249614625e-06,4.382460249614625e-06,-13.359688181820147,0,0.0003,/home/danderety/Documents/GitHub/TCN_Transformer_anomaly_analizer/outputs/rcaeval/models/tcn_transformer_ae_seed42_best.pt,real_val_plus_val_synthetic,,,,,,,,,,,False,,,False,False,True,False,False,0.05,4.1376022774942536e-06,4.1376022774942536e-06,True,4.1376022774942536e-06,-13.359688181820147,0,2.25114369392395
tcn_transformer_ae,62,1000,5.88416981412118e-06,3.925141673176847e-06,9,9,5,4.1376022774942536e-06,4.1376022774942536e-06,-13.359688181820147,0,0.0003,/home/danderety/Documents/GitHub/TCN_Transformer_anomaly_analizer/outputs/rcaeval/models/tcn_transformer_ae_seed42_best.pt,real_val_plus_val_synthetic,,,,,,,,,,,False,,,False,False,True,False,False,0.05,3.925141673176847e-06,3.925141673176847e-06,True,3.925141673176847e-06,-13.359688181820147,0,2.157197952270508
tcn_transformer_ae,63,1000,5.5684399591843e-06,3.6938811188955025e-06,9,9,5,3.925141673176847e-06,3.925141673176847e-06,-13.359688181820147,0,0.0003,/home/danderety/Documents/GitHub/TCN_Transformer_anomaly_analizer/outputs/rcaeval/models/tcn_transformer_ae_seed42_best.pt,real_val_plus_val_synthetic,,,,,,,,,,,False,,,False,False,True,False,False,0.05,3.6938811188955025e-06,3.6938811188955025e-06,True,3.6938811188955025e-06,-13.359688181820147,0,2.1691408157348633
tcn_transformer_ae,64,1000,5.286874733942766e-06,3.516217010774594e-06,9,9,5,3.6938811188955025e-06,3.6938811188955025e-06,-13.359688181820147,0,0.0003,/home/danderety/Documents/GitHub/TCN_Transformer_anomaly_analizer/outputs/rcaeval/models/tcn_transformer_ae_seed42_best.pt,real_val_plus_val_synthetic,,,,,,,,,,,False,,,False,False,True,False,False,0.05,3.516217010774594e-06,3.516217010774594e-06,True,3.516217010774594e-06,-13.359688181820147,0,2.1862730979919434
tcn_transformer_ae,65,1000,4.996259240610727e-06,3.3264554046937795e-06,9,9,5,3.516217010774594e-06,3.516217010774594e-06,-13.359688181820147,0,0.0003,/home/danderety/Documents/GitHub/TCN_Transformer_anomaly_analizer/outputs/rcaeval/models/tcn_transformer_ae_seed42_best.pt,real_val_plus_val_synthetic,0.2870014172909496,0.9902200488997555,0.4450200141276195,7043.0,28.0,-0.0027939677238464355,2.784256982803351,-0.002793967723846436,True,quantile_recall_fpr_tradeoff,True,-0.0007451035198755562,-27.36628491705684,False,True,True,False,False,0.05,3.3264554046937795e-06,3.3264554046937795e-06,True,3.3264554046937795e-06,-13.359688181820147,0,40.19396686553955
tcn_transformer_ae,66,1000,4.7296976578328884e-06,3.1448768906913123e-06,9,9,5,3.3264554046937795e-06,3.3264554046937795e-06,-13.359688181820147,0,0.0003,/home/danderety/Documents/GitHub/TCN_Transformer_anomaly_analizer/outputs/rcaeval/models/tcn_transformer_ae_seed42_best.pt,real_val_plus_val_synthetic,,,,,,,,,,,False,,,False,False,True,False,False,0.05,3.1448768906913123e-06,3.1448768906913123e-06,True,3.1448768906913123e-06,-13.359688181820147,0,2.135897397994995
tcn_transformer_ae,67,1000,4.4947596210397975e-06,2.9989012783398326e-06,9,9,5,3.1448768906913123e-06,3.1448768906913123e-06,-13.359688181820147,0,0.0003,/home/danderety/Documents/GitHub/TCN_Transformer_anomaly_analizer/outputs/rcaeval/models/tcn_transformer_ae_seed42_best.pt,real_val_plus_val_synthetic,,,,,,,,,,,False,,,False,False,True,False,False,0.05,2.9989012783398326e-06,2.9989012783398326e-06,True,2.9989012783398326e-06,-13.359688181820147,0,2.123053789138794
tcn_transformer_ae,68,1000,4.254792627208467e-06,2.8033253443027206e-06,9,9,5,2.9989012783398326e-06,2.9989012783398326e-06,-13.359688181820147,0,0.0003,/home/danderety/Documents/GitHub/TCN_Transformer_anomaly_analizer/outputs/rcaeval/models/tcn_transformer_ae_seed42_best.pt,real_val_plus_val_synthetic,,,,,,,,,,,False,,,False,False,True,False,False,0.05,2.8033253443027206e-06,2.8033253443027206e-06,True,2.8033253443027206e-06,-13.359688181820147,0,2.1370511054992676
tcn_transformer_ae,69,1000,4.0933476419053e-06,2.6378440462276163e-06,9,9,5,2.8033253443027206e-06,2.8033253443027206e-06,-13.359688181820147,0,0.0003,/home/danderety/Documents/GitHub/TCN_Transformer_anomaly_analizer/outputs/rcaeval/models/tcn_transformer_ae_seed42_best.pt,real_val_plus_val_synthetic,,,,,,,,,,,False,,,False,False,True,False,False,0.05,2.6378440462276163e-06,2.6378440462276163e-06,True,2.6378440462276163e-06,-13.359688181820147,0,2.153291702270508
tcn_transformer_ae,70,1000,3.812501384582783e-06,2.518959463585539e-06,9,9,5,2.6378440462276163e-06,2.6378440462276163e-06,-13.359688181820147,0,0.0003,/home/danderety/Documents/GitHub/TCN_Transformer_anomaly_analizer/outputs/rcaeval/models/tcn_transformer_ae_seed42_best.pt,real_val_plus_val_synthetic,0.30024341200126997,0.9909186168354872,0.46085120207927227,6612.0,26.0,0.0,2.1356943607330408,-5e-324,True,quantile_recall_fpr_tradeoff,True,-0.0027939677238464355,-25.300705428609994,False,True,True,False,False,0.05,2.518959463585539e-06,2.518959463585539e-06,True,2.518959463585539e-06,-13.359688181820147,0,38.63287091255188
tcn_transformer_ae,71,1000,3.614716423844979e-06,2.380783267535267e-06,9,9,5,2.518959463585539e-06,2.518959463585539e-06,-13.359688181820147,0,0.0003,/home/danderety/Documents/GitHub/TCN_Transformer_anomaly_analizer/outputs/rcaeval/models/tcn_transformer_ae_seed42_best.pt,real_val_plus_val_synthetic,,,,,,,,,,,False,,,False,False,True,False,False,0.05,2.380783267535267e-06,2.380783267535267e-06,True,2.380783267535267e-06,-13.359688181820147,0,2.1632943153381348
tcn_transformer_ae,72,1000,3.4259021726543524e-06,2.267357650037846e-06,9,9,5,2.380783267535267e-06,2.380783267535267e-06,-13.359688181820147,0,0.0003,/home/danderety/Documents/GitHub/TCN_Transformer_anomaly_analizer/outputs/rcaeval/models/tcn_transformer_ae_seed42_best.pt,real_val_plus_val_synthetic,,,,,,,,,,,False,,,False,False,True,False,False,0.05,2.267357650037846e-06,2.267357650037846e-06,True,2.267357650037846e-06,-13.359688181820147,0,2.2302608489990234
tcn_transformer_ae,73,1000,3.267546646937895e-06,2.134852941846633e-06,9,9,5,2.267357650037846e-06,2.267357650037846e-06,-13.359688181820147,0,0.0003,/home/danderety/Documents/GitHub/TCN_Transformer_anomaly_analizer/outputs/rcaeval/models/tcn_transformer_ae_seed42_best.pt,real_val_plus_val_synthetic,,,,,,,,,,,False,,,False,False,True,False,False,0.05,2.134852941846633e-06,2.134852941846633e-06,True,2.134852941846633e-06,-13.359688181820147,0,2.1992785930633545
tcn_transformer_ae,74,1000,3.0811826164885448e-06,2.0640221234573444e-06,9,9,5,2.134852941846633e-06,2.134852941846633e-06,-13.359688181820147,0,0.0003,/home/danderety/Documents/GitHub/TCN_Transformer_anomaly_analizer/outputs/rcaeval/models/tcn_transformer_ae_seed42_best.pt,real_val_plus_val_synthetic,,,,,,,,,,,False,,,False,False,True,False,False,0.05,2.0640221234573444e-06,2.0640221234573444e-06,True,2.0640221234573444e-06,-13.359688181820147,0,2.2007791996002197
tcn_transformer_ae,75,1000,2.922959615024529e-06,1.9034239605152043e-06,9,9,5,2.0640221234573444e-06,2.0640221234573444e-06,-13.359688181820147,0,0.0003,/home/danderety/Documents/GitHub/TCN_Transformer_anomaly_analizer/outputs/rcaeval/models/tcn_transformer_ae_seed42_best.pt,real_val_plus_val_synthetic,0.3029559278625547,0.991617184771219,0.464116396926598,6532.0,24.0,-0.0009313225746154785,1.6556345462799187,-5e-324,True,quantile_recall_fpr_tradeoff,True,0.0,-23.2876373071152,False,True,True,False,False,0.05,1.9034239605152043e-06,1.9034239605152043e-06,True,1.9034239605152043e-06,-13.359688181820147,0,41.38359975814819
tcn_transformer_ae,76,1000,2.771151667710238e-06,1.8269348926048183e-06,9,9,5,1.9034239605152043e-06,1.9034239605152043e-06,-13.359688181820147,0,0.0003,/home/danderety/Documents/GitHub/TCN_Transformer_anomaly_analizer/outputs/rcaeval/models/tcn_transformer_ae_seed42_best.pt,real_val_plus_val_synthetic,,,,,,,,,,,False,,,False,False,True,False,False,0.05,1.8269348926048183e-06,1.8269348926048183e-06,True,1.8269348926048183e-06,-13.359688181820147,0,2.198925256729126
tcn_transformer_ae,77,1000,2.637151157080592e-06,1.7391899392726413e-06,9,9,5,1.8269348926048183e-06,1.8269348926048183e-06,-13.359688181820147,0,0.0003,/home/danderety/Documents/GitHub/TCN_Transformer_anomaly_analizer/outputs/rcaeval/models/tcn_transformer_ae_seed42_best.pt,real_val_plus_val_synthetic,,,,,,,,,,,False,,,False,False,True,False,False,0.05,1.7391899392726413e-06,1.7391899392726413e-06,True,1.7391899392726413e-06,-13.359688181820147,0,2.2101104259490967
tcn_transformer_ae,78,1000,2.4950582443402114e-06,1.636257913471285e-06,9,9,5,1.7391899392726413e-06,1.7391899392726413e-06,-13.359688181820147,0,0.0003,/home/danderety/Documents/GitHub/TCN_Transformer_anomaly_analizer/outputs/rcaeval/models/tcn_transformer_ae_seed42_best.pt,real_val_plus_val_synthetic,,,,,,,,,,,False,,,False,False,True,False,False,0.05,1.636257913471285e-06,1.636257913471285e-06,True,1.636257913471285e-06,-13.359688181820147,0,2.2043492794036865
tcn_transformer_ae,79,1000,2.379091661761935e-06,1.5634059408235454e-06,9,9,5,1.636257913471285e-06,1.636257913471285e-06,-13.359688181820147,0,0.0003,/home/danderety/Documents/GitHub/TCN_Transformer_anomaly_analizer/outputs/rcaeval/models/tcn_transformer_ae_seed42_best.pt,real_val_plus_val_synthetic,,,,,,,,,,,False,,,False,False,True,False,False,0.05,1.5634059408235454e-06,1.5634059408235454e-06,True,1.5634059408235454e-06,-13.359688181820147,0,2.2021665573120117
tcn_transformer_ae,80,1000,2.256692433231523e-06,1.4734974713618336e-06,9,9,5,1.5634059408235454e-06,1.5634059408235454e-06,-13.359688181820147,0,0.0003,/home/danderety/Documents/GitHub/TCN_Transformer_anomaly_analizer/outputs/rcaeval/models/tcn_transformer_ae_seed42_best.pt,real_val_plus_val_synthetic,0.26236757254721327,0.9947607404820119,0.41522087767896193,8007.0,15.0,-0.003725290298461914,1.2570319652557467,-0.0037252902984619145,True,quantile_recall_fpr_tradeoff,True,-0.0009313225746154785,-14.501250884399626,False,True,True,False,False,0.05,1.4734974713618336e-06,1.4734974713618336e-06,True,1.4734974713618336e-06,-13.359688181820147,0,38.96476984024048
tcn_transformer_ae,81,1000,2.1311274575391113e-06,1.3873283251086832e-06,9,9,5,1.4734974713618336e-06,1.4734974713618336e-06,-13.359688181820147,0,0.0003,/home/danderety/Documents/GitHub/TCN_Transformer_anomaly_analizer/outputs/rcaeval/models/tcn_transformer_ae_seed42_best.pt,real_val_plus_val_synthetic,,,,,,,,,,,False,,,False,False,True,False,False,0.05,1.3873283251086832e-06,1.3873283251086832e-06,True,1.3873283251086832e-06,-13.359688181820147,0,2.2035233974456787
tcn_transformer_ae,82,1000,2.0232695997828674e-06,1.3382926970675528e-06,9,9,5,1.3873283251086832e-06,1.3873283251086832e-06,-13.359688181820147,0,0.0003,/home/danderety/Documents/GitHub/TCN_Transformer_anomaly_analizer/outputs/rcaeval/models/tcn_transformer_ae_seed42_best.pt,real_val_plus_val_synthetic,,,,,,,,,,,False,,,False,False,True,False,False,0.05,1.3382926970675528e-06,1.3382926970675528e-06,True,1.3382926970675528e-06,-13.359688181820147,0,2.2057688236236572
tcn_transformer_ae,83,1000,1.9245970577230764e-06,1.2865056090583453e-06,9,9,5,1.3382926970675528e-06,1.3382926970675528e-06,-13.359688181820147,0,0.0003,/home/danderety/Documents/GitHub/TCN_Transformer_anomaly_analizer/outputs/rcaeval/models/tcn_transformer_ae_seed42_best.pt,real_val_plus_val_synthetic,,,,,,,,,,,False,,,False,False,True,False,False,0.05,1.2865056090583453e-06,1.2865056090583453e-06,True,1.2865056090583453e-06,-13.359688181820147,0,2.2365925312042236
tcn_transformer_ae,84,1000,1.823712496033018e-06,1.2086040266754223e-06,9,9,5,1.2865056090583453e-06,1.2865056090583453e-06,-13.359688181820147,0,0.0003,/home/danderety/Documents/GitHub/TCN_Transformer_anomaly_analizer/outputs/rcaeval/models/tcn_transformer_ae_seed42_best.pt,real_val_plus_val_synthetic,,,,,,,,,,,False,,,False,False,True,False,False,0.05,1.2086040266754223e-06,1.2086040266754223e-06,True,1.2086040266754223e-06,-13.359688181820147,0,2.213548421859741
tcn_transformer_ae,85,1000,1.7345509886383852e-06,1.1310927380028932e-06,9,9,5,1.2086040266754223e-06,1.2086040266754223e-06,-13.359688181820147,0,0.0003,/home/danderety/Documents/GitHub/TCN_Transformer_anomaly_analizer/outputs/rcaeval/models/tcn_transformer_ae_seed42_best.pt,real_val_plus_val_synthetic,0.3042265608238575,0.9905693328676214,0.4654903569963069,6486.0,27.0,-1.1368683772161603e-07,0.9573964834213273,-1.1368683772161604e-07,True,quantile_recall_fpr_tradeoff,True,-0.003725290298461914,-26.282076192689843,False,True,True,False,False,0.05,1.1310927380028932e-06,1.1310927380028932e-06,True,1.1310927380028932e-06,-13.359688181820147,0,36.19950747489929
tcn_transformer_ae,86,1000,1.644995698459594e-06,1.0635562014850501e-06,9,9,5,1.1310927380028932e-06,1.1310927380028932e-06,-13.359688181820147,0,0.0003,/home/danderety/Documents/GitHub/TCN_Transformer_anomaly_analizer/outputs/rcaeval/models/tcn_transformer_ae_seed42_best.pt,real_val_plus_val_synthetic,,,,,,,,,,,False,,,False,False,True,False,False,0.05,1.0635562014850501e-06,1.0635562014850501e-06,True,1.0635562014850501e-06,-13.359688181820147,0,2.1585166454315186
tcn_transformer_ae,87,1000,1.571862429974989e-06,1.0002905915361344e-06,9,9,5,1.0635562014850501e-06,1.0635562014850501e-06,-13.359688181820147,0,0.0003,/home/danderety/Documents/GitHub/TCN_Transformer_anomaly_analizer/outputs/rcaeval/models/tcn_transformer_ae_seed42_best.pt,real_val_plus_val_synthetic,,,,,,,,,,,False,,,False,False,True,False,False,0.05,1.0002905915361344e-06,1.0002905915361344e-06,True,1.0002905915361344e-06,-13.359688181820147,0,2.1550631523132324
tcn_transformer_ae,88,1000,1.487625017103789e-06,9.567719237556167e-07,9,9,5,1.0002905915361344e-06,1.0002905915361344e-06,-13.359688181820147,0,0.0003,/home/danderety/Documents/GitHub/TCN_Transformer_anomaly_analizer/outputs/rcaeval/models/tcn_transformer_ae_seed42_best.pt,real_val_plus_val_synthetic,,,,,,,,,,,False,,,False,False,True,False,False,0.05,9.567719237556167e-07,9.567719237556167e-07,True,9.567719237556167e-07,-13.359688181820147,0,2.1676812171936035
tcn_transformer_ae,89,1000,1.410268988197656e-06,9.088579689808324e-07,9,9,5,9.567719237556167e-07,9.567719237556167e-07,-13.359688181820147,0,0.0003,/home/danderety/Documents/GitHub/TCN_Transformer_anomaly_analizer/outputs/rcaeval/models/tcn_transformer_ae_seed42_best.pt,real_val_plus_val_synthetic,,,,,,,,,,,False,,,False,False,True,False,False,0.05,9.088579689808324e-07,9.088579689808324e-07,True,9.088579689808324e-07,-13.359688181820147,0,2.1678483486175537
tcn_transformer_ae,90,1000,1.3397128260867643e-06,8.408961744892266e-07,9,9,5,9.088579689808324e-07,9.088579689808324e-07,-13.359688181820147,0,0.0003,/home/danderety/Documents/GitHub/TCN_Transformer_anomaly_analizer/outputs/rcaeval/models/tcn_transformer_ae_seed42_best.pt,real_val_plus_val_synthetic,0.30096469839923673,0.991617184771219,0.46177618737800913,6594.0,24.0,-0.00046566128730773926,0.741330718994144,-0.0004656612873077393,True,quantile_recall_fpr_tradeoff,True,-1.1368683772161603e-07,-23.297033394665384,False,True,True,False,False,0.05,8.408961744892266e-07,8.408961744892266e-07,True,8.408961744892266e-07,-13.359688181820147,0,33.778465270996094
tcn_transformer_ae,91,1000,1.2759960801976495e-06,8.025622981261656e-07,9,9,5,8.408961744892266e-07,8.408961744892266e-07,-13.359688181820147,0,0.0003,/home/danderety/Documents/GitHub/TCN_Transformer_anomaly_analizer/outputs/rcaeval/models/tcn_transformer_ae_seed42_best.pt,real_val_plus_val_synthetic,,,,,,,,,,,False,,,False,False,True,False,False,0.05,8.025622981261656e-07,8.025622981261656e-07,True,8.025622981261656e-07,-13.359688181820147,0,2.12331485748291
tcn_transformer_ae,92,1000,1.2047544185841854e-06,7.715938342362674e-07,9,9,5,8.025622981261656e-07,8.025622981261656e-07,-13.359688181820147,0,0.0003,/home/danderety/Documents/GitHub/TCN_Transformer_anomaly_analizer/outputs/rcaeval/models/tcn_transformer_ae_seed42_best.pt,real_val_plus_val_synthetic,,,,,,,,,,,False,,,False,False,True,False,False,0.05,7.715938342362674e-07,7.715938342362674e-07,True,7.715938342362674e-07,-13.359688181820147,0,2.1387834548950195
tcn_transformer_ae,93,1000,1.1415330210757415e-06,7.213900090619063e-07,9,9,5,7.715938342362674e-07,7.715938342362674e-07,-13.359688181820147,0,0.0003,/home/danderety/Documents/GitHub/TCN_Transformer_anomaly_analizer/outputs/rcaeval/models/tcn_transformer_ae_seed42_best.pt,real_val_plus_val_synthetic,,,,,,,,,,,False,,,False,False,True,False,False,0.05,7.213900090619063e-07,7.213900090619063e-07,True,7.213900090619063e-07,-13.359688181820147,0,2.121258497238159
tcn_transformer_ae,94,1000,1.0828480836637582e-06,7.062919811905095e-07,9,9,5,7.213900090619063e-07,7.213900090619063e-07,-13.359688181820147,0,0.0003,/home/danderety/Documents/GitHub/TCN_Transformer_anomaly_analizer/outputs/rcaeval/models/tcn_transformer_ae_seed42_best.pt,real_val_plus_val_synthetic,,,,,,,,,,,False,,,False,False,True,False,False,0.05,7.062919811905095e-07,7.062919811905095e-07,True,7.062919811905095e-07,-13.359688181820147,0,2.1173171997070312
tcn_transformer_ae,95,1000,1.0326853989137974e-06,6.826649338187923e-07,9,9,5,7.062919811905095e-07,7.062919811905095e-07,-13.359688181820147,0,0.0003,/home/danderety/Documents/GitHub/TCN_Transformer_anomaly_analizer/outputs/rcaeval/models/tcn_transformer_ae_seed42_best.pt,real_val_plus_val_synthetic,0.24575107296137338,1.0,0.39454282367532556,8787.0,0.0,-0.01862645149230957,0.5419349789619446,-0.016763806343078617,True,quantile_recall_fpr_tradeoff,True,-0.00046566128730773926,0.39454282367532567,True,True,True,True,True,0.05,6.826649338187923e-07,6.826649338187923e-07,True,6.826649338187923e-07,0.39454282367532567,0,28.55325746536255
tcn_transformer_ae,96,1000,9.787578552850786e-07,6.243191674941598e-07,9,9,5,6.826649338187923e-07,6.826649338187923e-07,0.39454282367532567,0,0.0003,/home/danderety/Documents/GitHub/TCN_Transformer_anomaly_analizer/outputs/rcaeval/models/tcn_transformer_ae_seed42_best.pt,real_val_plus_val_synthetic,,,,,,,,,,,False,,,False,False,True,False,False,0.05,6.243191674941598e-07,6.243191674941598e-07,True,6.243191674941598e-07,0.39454282367532567,0,2.1492340564727783
tcn_transformer_ae,97,1000,9.224884363250211e-07,6.079010729387807e-07,9,9,5,6.243191674941598e-07,6.243191674941598e-07,0.39454282367532567,0,0.0003,/home/danderety/Documents/GitHub/TCN_Transformer_anomaly_analizer/outputs/rcaeval/models/tcn_transformer_ae_seed42_best.pt,real_val_plus_val_synthetic,,,,,,,,,,,False,,,False,False,True,False,False,0.05,6.079010729387807e-07,6.079010729387807e-07,True,6.079010729387807e-07,0.39454282367532567,0,2.1447083950042725
tcn_transformer_ae,98,1000,8.765259914990446e-07,5.751636125054297e-07,9,9,5,6.079010729387807e-07,6.079010729387807e-07,0.39454282367532567,0,0.0003,/home/danderety/Documents/GitHub/TCN_Transformer_anomaly_analizer/outputs/rcaeval/models/tcn_transformer_ae_seed42_best.pt,real_val_plus_val_synthetic,,,,,,,,,,,False,,,False,False,True,False,False,0.05,5.751636125054297e-07,5.751636125054297e-07,True,5.751636125054297e-07,0.39454282367532567,0,2.143888235092163
tcn_transformer_ae,99,1000,8.329518995315479e-07,5.599350480476618e-07,9,9,5,5.751636125054297e-07,5.751636125054297e-07,0.39454282367532567,0,0.0003,/home/danderety/Documents/GitHub/TCN_Transformer_anomaly_analizer/outputs/rcaeval/models/tcn_transformer_ae_seed42_best.pt,real_val_plus_val_synthetic,,,,,,,,,,,False,,,False,False,True,False,False,0.05,5.599350480476618e-07,5.599350480476618e-07,True,5.599350480476618e-07,0.39454282367532567,0,2.143596887588501
tcn_transformer_ae,100,1000,8.115703568888499e-07,5.289290795496487e-07,9,9,5,5.599350480476618e-07,5.599350480476618e-07,0.39454282367532567,0,0.0003,/home/danderety/Documents/GitHub/TCN_Transformer_anomaly_analizer/outputs/rcaeval/models/tcn_transformer_ae_seed42_best.pt,real_val_plus_val_synthetic,0.2984210526315789,0.9902200488997555,0.4586265469546227,6665.0,28.0,-0.0013970122672617435,0.42058494687080755,-0.0013970122672617438,True,quantile_recall_fpr_tradeoff,True,-0.01862645149230957,-27.3096602893169,False,True,True,False,False,0.05,5.289290795496487e-07,5.289290795496487e-07,True,5.289290795496487e-07,0.39454282367532567,0,29.878212213516235
tcn_transformer_ae,101,1000,7.523658650677095e-07,4.986773098420124e-07,9,9,5,5.289290795496487e-07,5.289290795496487e-07,0.39454282367532567,0,0.0003,/home/danderety/Documents/GitHub/TCN_Transformer_anomaly_analizer/outputs/rcaeval/models/tcn_transformer_ae_seed42_best.pt,real_val_plus_val_synthetic,,,,,,,,,,,False,,,False,False,True,False,False,0.05,4.986773098420124e-07,4.986773098420124e-07,True,4.986773098420124e-07,0.39454282367532567,0,2.152672052383423
tcn_transformer_ae,102,1000,7.196209009941373e-07,4.853089166090285e-07,9,9,5,4.986773098420124e-07,4.986773098420124e-07,0.39454282367532567,0,0.0003,/home/danderety/Documents/GitHub/TCN_Transformer_anomaly_analizer/outputs/rcaeval/models/tcn_transformer_ae_seed42_best.pt,real_val_plus_val_synthetic,,,,,,,,,,,False,,,False,False,True,False,False,0.05,4.853089166090285e-07,4.853089166090285e-07,True,4.853089166090285e-07,0.39454282367532567,0,2.1441738605499268
tcn_transformer_ae,103,1000,6.816661609669292e-07,4.6732904108822643e-07,9,9,5,4.853089166090285e-07,4.853089166090285e-07,0.39454282367532567,0,0.0003,/home/danderety/Documents/GitHub/TCN_Transformer_anomaly_analizer/outputs/rcaeval/models/tcn_transformer_ae_seed42_best.pt,real_val_plus_val_synthetic,,,,,,,,,,,False,,,False,False,True,False,False,0.05,4.6732904108822643e-07,4.6732904108822643e-07,True,4.6732904108822643e-07,0.39454282367532567,0,2.147071361541748
tcn_transformer_ae,104,1000,6.496849673122478e-07,4.5743761057298365e-07,9,9,5,4.6732904108822643e-07,4.6732904108822643e-07,0.39454282367532567,0,0.0003,/home/danderety/Documents/GitHub/TCN_Transformer_anomaly_analizer/outputs/rcaeval/models/tcn_transformer_ae_seed42_best.pt,real_val_plus_val_synthetic,,,,,,,,,,,False,,,False,False,True,False,False,0.05,4.5743761057298365e-07,4.5743761057298365e-07,True,4.5743761057298365e-07,0.39454282367532567,0,2.1766955852508545
tcn_transformer_ae,105,1000,6.203065349490831e-07,3.846444940336369e-07,9,9,5,4.5743761057298365e-07,4.5743761057298365e-07,0.39454282367532567,0,0.0003,/home/danderety/Documents/GitHub/TCN_Transformer_anomaly_analizer/outputs/rcaeval/models/tcn_transformer_ae_seed42_best.pt,real_val_plus_val_synthetic,0.29763779527559053,0.9902200488997555,0.4577010009686794,6690.0,28.0,-0.0006209006533026695,0.375850260257723,-0.0006209006533026696,True,quantile_recall_fpr_tradeoff,True,-0.0013970122672617435,-27.313430947400256,False,True,True,False,False,0.05,3.846444940336369e-07,3.846444940336369e-07,True,3.846444940336369e-07,0.39454282367532567,0,30.985968351364136
tcn_transformer_ae,106,1000,5.94612012111176e-07,3.643394987060002e-07,9,9,5,3.846444940336369e-07,3.846444940336369e-07,0.39454282367532567,0,0.0003,/home/danderety/Documents/GitHub/TCN_Transformer_anomaly_analizer/outputs/rcaeval/models/tcn_transformer_ae_seed42_best.pt,real_val_plus_val_synthetic,,,,,,,,,,,False,,,False,False,True,False,False,0.05,3.643394987060002e-07,3.643394987060002e-07,True,3.643394987060002e-07,0.39454282367532567,0,2.1517767906188965
tcn_transformer_ae,107,1000,5.658106099590638e-07,3.425333029776598e-07,9,9,5,3.643394987060002e-07,3.643394987060002e-07,0.39454282367532567,0,0.0003,/home/danderety/Documents/GitHub/TCN_Transformer_anomaly_analizer/outputs/rcaeval/models/tcn_transformer_ae_seed42_best.pt,real_val_plus_val_synthetic,,,,,,,,,,,False,,,False,False,True,False,False,0.05,3.425333029776598e-07,3.425333029776598e-07,True,3.425333029776598e-07,0.39454282367532567,0,2.159986972808838
tcn_transformer_ae,108,1000,5.398330532349737e-07,3.1538279188225715e-07,9,9,5,3.425333029776598e-07,3.425333029776598e-07,0.39454282367532567,0,0.0003,/home/danderety/Documents/GitHub/TCN_Transformer_anomaly_analizer/outputs/rcaeval/models/tcn_transformer_ae_seed42_best.pt,real_val_plus_val_synthetic,,,,,,,,,,,False,,,False,False,True,False,False,0.05,3.1538279188225715e-07,3.1538279188225715e-07,True,3.1538279188225715e-07,0.39454282367532567,0,2.1622564792633057
tcn_transformer_ae,109,1000,5.139574541416273e-07,2.92392960626162e-07,9,9,5,3.1538279188225715e-07,3.1538279188225715e-07,0.39454282367532567,0,0.0003,/home/danderety/Documents/GitHub/TCN_Transformer_anomaly_analizer/outputs/rcaeval/models/tcn_transformer_ae_seed42_best.pt,real_val_plus_val_synthetic,,,,,,,,,,,False,,,False,False,True,False,False,0.05,2.92392960626162e-07,2.92392960626162e-07,True,2.92392960626162e-07,0.39454282367532567,0,2.157818555831909
tcn_transformer_ae,110,1000,4.860104719059761e-07,2.6613513402713063e-07,9,9,5,2.92392960626162e-07,2.92392960626162e-07,0.39454282367532567,0,0.0003,/home/danderety/Documents/GitHub/TCN_Transformer_anomaly_analizer/outputs/rcaeval/models/tcn_transformer_ae_seed42_best.pt,real_val_plus_val_synthetic,0.2804457154126812,0.9933636046105484,0.43740387573054446,7297.0,19.0,-0.00018260948127135634,0.3125515758991249,-5e-324,True,quantile_recall_fpr_tradeoff,True,-0.0006209006533026695,-18.399663838652877,False,True,True,False,False,0.05,2.6613513402713063e-07,2.6613513402713063e-07,True,2.6613513402713063e-07,0.39454282367532567,0,26.607938051223755
tcn_transformer_ae,111,1000,4.5829677320773993e-07,2.5306340458912574e-07,9,9,5,2.6613513402713063e-07,2.6613513402713063e-07,0.39454282367532567,0,0.0003,/home/danderety/Documents/GitHub/TCN_Transformer_anomaly_analizer/outputs/rcaeval/models/tcn_transformer_ae_seed42_best.pt,real_val_plus_val_synthetic,,,,,,,,,,,False,,,False,False,True,False,False,0.05,2.5306340458912574e-07,2.5306340458912574e-07,True,2.5306340458912574e-07,0.39454282367532567,0,2.161353826522827
tcn_transformer_ae,112,1000,4.2979423892327995e-07,2.438091599142057e-07,9,9,5,2.5306340458912574e-07,2.5306340458912574e-07,0.39454282367532567,0,0.0003,/home/danderety/Documents/GitHub/TCN_Transformer_anomaly_analizer/outputs/rcaeval/models/tcn_transformer_ae_seed42_best.pt,real_val_plus_val_synthetic,,,,,,,,,,,False,,,False,False,True,False,False,0.05,2.438091599142057e-07,2.438091599142057e-07,True,2.438091599142057e-07,0.39454282367532567,0,2.1760449409484863
tcn_transformer_ae,113,1000,4.0293114360021876e-07,2.39742830418861e-07,9,9,5,2.438091599142057e-07,2.438091599142057e-07,0.39454282367532567,0,0.0003,/home/danderety/Documents/GitHub/TCN_Transformer_anomaly_analizer/outputs/rcaeval/models/tcn_transformer_ae_seed42_best.pt,real_val_plus_val_synthetic,,,,,,,,,,,False,,,False,False,True,False,False,0.05,2.39742830418861e-07,2.39742830418861e-07,True,2.39742830418861e-07,0.39454282367532567,0,2.152968645095825
tcn_transformer_ae,114,1000,3.7685083529111024e-07,2.3000768177029307e-07,9,9,5,2.39742830418861e-07,2.39742830418861e-07,0.39454282367532567,0,0.0003,/home/danderety/Documents/GitHub/TCN_Transformer_anomaly_analizer/outputs/rcaeval/models/tcn_transformer_ae_seed42_best.pt,real_val_plus_val_synthetic,,,,,,,,,,,False,,,False,False,True,False,False,0.05,2.3000768177029307e-07,2.3000768177029307e-07,True,2.3000768177029307e-07,0.39454282367532567,0,2.153533935546875
tcn_transformer_ae,115,1000,3.538458643773716e-07,2.1283901404607922e-07,9,9,5,2.3000768177029307e-07,2.3000768177029307e-07,0.39454282367532567,0,0.0003,/home/danderety/Documents/GitHub/TCN_Transformer_anomaly_analizer/outputs/rcaeval/models/tcn_transformer_ae_seed42_best.pt,real_val_plus_val_synthetic,0.26760165662650603,0.9930143206426825,0.42159116185956846,7781.0,20.0,-0.0009313225746154785,0.19920972883701332,-0.0009313225746154786,True,quantile_recall_fpr_tradeoff,True,-0.00018260948127135634,-19.470907206697703,False,True,True,False,False,0.05,2.1283901404607922e-07,2.1283901404607922e-07,True,2.1283901404607922e-07,0.39454282367532567,0,25.734230518341064
tcn_transformer_ae,116,1000,3.354125393274365e-07,2.0676925617101954e-07,9,9,5,2.1283901404607922e-07,2.1283901404607922e-07,0.39454282367532567,0,0.0003,/home/danderety/Documents/GitHub/TCN_Transformer_anomaly_analizer/outputs/rcaeval/models/tcn_transformer_ae_seed42_best.pt,real_val_plus_val_synthetic,,,,,,,,,,,False,,,False,False,True,False,False,0.05,2.0676925617101954e-07,2.0676925617101954e-07,True,2.0676925617101954e-07,0.39454282367532567,0,2.2009384632110596
tcn_transformer_ae,117,1000,3.143181813762251e-07,2.023866803228983e-07,9,9,5,2.0676925617101954e-07,2.0676925617101954e-07,0.39454282367532567,0,0.0003,/home/danderety/Documents/GitHub/TCN_Transformer_anomaly_analizer/outputs/rcaeval/models/tcn_transformer_ae_seed42_best.pt,real_val_plus_val_synthetic,,,,,,,,,,,False,,,False,False,True,False,False,0.05,2.023866803228983e-07,2.023866803228983e-07,True,2.023866803228983e-07,0.39454282367532567,0,2.1967012882232666
tcn_transformer_ae,118,1000,2.9856008309104215e-07,1.904633958568648e-07,9,9,5,2.023866803228983e-07,2.023866803228983e-07,0.39454282367532567,0,0.0003,/home/danderety/Documents/GitHub/TCN_Transformer_anomaly_analizer/outputs/rcaeval/models/tcn_transformer_ae_seed42_best.pt,real_val_plus_val_synthetic,,,,,,,,,,,False,,,False,False,True,False,False,0.05,1.904633958568648e-07,1.904633958568648e-07,True,1.904633958568648e-07,0.39454282367532567,0,2.206230401992798
tcn_transformer_ae,119,1000,2.825051802925254e-07,1.7979157718173155e-07,9,9,5,1.904633958568648e-07,1.904633958568648e-07,0.39454282367532567,0,0.0003,/home/danderety/Documents/GitHub/TCN_Transformer_anomaly_analizer/outputs/rcaeval/models/tcn_transformer_ae_seed42_best.pt,real_val_plus_val_synthetic,,,,,,,,,,,False,,,False,False,True,False,False,0.05,1.7979157718173155e-07,1.7979157718173155e-07,True,1.7979157718173155e-07,0.39454282367532567,0,2.236238479614258
tcn_transformer_ae,120,1000,2.693498863948207e-07,1.72579614907976e-07,9,9,5,1.7979157718173155e-07,1.7979157718173155e-07,0.39454282367532567,0,0.0003,/home/danderety/Documents/GitHub/TCN_Transformer_anomaly_analizer/outputs/rcaeval/models/tcn_transformer_ae_seed42_best.pt,real_val_plus_val_synthetic,0.24575107296137338,1.0,0.39454282367532556,8787.0,0.0,-0.024214379489421844,0.14714892208576202,-0.0009313225746154786,True,quantile_recall_fpr_tradeoff,True,-0.0009313225746154785,0.39454282367532567,False,True,True,False,False,0.05,1.72579614907976e-07,1.72579614907976e-07,True,1.72579614907976e-07,0.39454282367532567,0,22.000454664230347
tcn_transformer_ae,121,1000,2.5672586252025925e-07,1.646767692257665e-07,9,9,5,1.72579614907976e-07,1.72579614907976e-07,0.39454282367532567,0,0.0003,/home/danderety/Documents/GitHub/TCN_Transformer_anomaly_analizer/outputs/rcaeval/models/tcn_transformer_ae_seed42_best.pt,real_val_plus_val_synthetic,,,,,,,,,,,False,,,False,False,True,False,False,0.05,1.646767692257665e-07,1.646767692257665e-07,True,1.646767692257665e-07,0.39454282367532567,0,2.1656789779663086
tcn_transformer_ae,122,1000,2.4507049869641934e-07,1.470029413752627e-07,9,9,5,1.646767692257665e-07,1.646767692257665e-07,0.39454282367532567,0,0.0003,/home/danderety/Documents/GitHub/TCN_Transformer_anomaly_analizer/outputs/rcaeval/models/tcn_transformer_ae_seed42_best.pt,real_val_plus_val_synthetic,,,,,,,,,,,False,,,False,False,True,False,False,0.05,1.470029413752627e-07,1.470029413752627e-07,True,1.470029413752627e-07,0.39454282367532567,0,2.1701500415802
tcn_transformer_ae,123,1000,2.3415719125993115e-07,1.302815687215966e-07,9,9,5,1.470029413752627e-07,1.470029413752627e-07,0.39454282367532567,0,0.0003,/home/danderety/Documents/GitHub/TCN_Transformer_anomaly_analizer/outputs/rcaeval/models/tcn_transformer_ae_seed42_best.pt,real_val_plus_val_synthetic,,,,,,,,,,,False,,,False,False,True,False,False,0.05,1.302815687215966e-07,1.302815687215966e-07,True,1.302815687215966e-07,0.39454282367532567,0,2.1700024604797363
tcn_transformer_ae,124,1000,2.2341541362829562e-07,1.0142395344837002e-07,9,9,5,1.302815687215966e-07,1.302815687215966e-07,0.39454282367532567,0,0.0003,/home/danderety/Documents/GitHub/TCN_Transformer_anomaly_analizer/outputs/rcaeval/models/tcn_transformer_ae_seed42_best.pt,real_val_plus_val_synthetic,,,,,,,,,,,False,,,False,False,True,False,False,0.05,1.0142395344837002e-07,1.0142395344837002e-07,True,1.0142395344837002e-07,0.39454282367532567,0,2.17785906791687
tcn_transformer_ae,125,1000,2.1302501791539094e-07,9.471332302021675e-08,9,9,5,1.0142395344837002e-07,1.0142395344837002e-07,0.39454282367532567,0,0.0003,/home/danderety/Documents/GitHub/TCN_Transformer_anomaly_analizer/outputs/rcaeval/models/tcn_transformer_ae_seed42_best.pt,real_val_plus_val_synthetic,0.2880875202593193,0.9933636046105484,0.446643109540636,7028.0,19.0,-0.00018443557200953364,0.1056119576096544,-5e-324,True,quantile_recall_fpr_tradeoff,True,-0.024214379489421844,-18.35981119867458,False,True,True,False,False,0.05,9.471332302021675e-08,9.471332302021675e-08,True,9.471332302021675e-08,0.39454282367532567,0,21.29724907875061
tcn_transformer_ae,126,1000,2.0247088473445768e-07,9.286560536983633e-08,9,9,5,9.471332302021675e-08,9.471332302021675e-08,0.39454282367532567,0,0.0003,/home/danderety/Documents/GitHub/TCN_Transformer_anomaly_analizer/outputs/rcaeval/models/tcn_transformer_ae_seed42_best.pt,real_val_plus_val_synthetic,,,,,,,,,,,False,,,False,False,True,False,False,0.05,9.286560536983633e-08,9.286560536983633e-08,True,9.286560536983633e-08,0.39454282367532567,0,2.382296323776245
tcn_transformer_ae,127,1000,1.9264313583957832e-07,8.46697615208353e-08,9,9,5,9.286560536983633e-08,9.286560536983633e-08,0.39454282367532567,0,0.0003,/home/danderety/Documents/GitHub/TCN_Transformer_anomaly_analizer/outputs/rcaeval/models/tcn_transformer_ae_seed42_best.pt,real_val_plus_val_synthetic,,,,,,,,,,,False,,,False,False,True,False,False,0.05,8.46697615208353e-08,8.46697615208353e-08,True,8.46697615208353e-08,0.39454282367532567,0,2.219027519226074
tcn_transformer_ae,128,1000,1.8204287700462413e-07,6.449878258538518e-08,9,9,5,8.46697615208353e-08,8.46697615208353e-08,0.39454282367532567,0,0.0003,/home/danderety/Documents/GitHub/TCN_Transformer_anomaly_analizer/outputs/rcaeval/models/tcn_transformer_ae_seed42_best.pt,real_val_plus_val_synthetic,,,,,,,,,,,False,,,False,False,True,False,False,0.05,6.449878258538518e-08,6.449878258538518e-08,True,6.449878258538518e-08,0.39454282367532567,0,2.1996707916259766
tcn_transformer_ae,129,1000,1.7119104001039886e-07,4.7415984607267626e-08,9,9,5,6.449878258538518e-08,6.449878258538518e-08,0.39454282367532567,0,0.0003,/home/danderety/Documents/GitHub/TCN_Transformer_anomaly_analizer/outputs/rcaeval/models/tcn_transformer_ae_seed42_best.pt,real_val_plus_val_synthetic,,,,,,,,,,,False,,,False,False,True,False,False,0.05,4.7415984607267626e-08,4.7415984607267626e-08,True,4.7415984607267626e-08,0.39454282367532567,0,2.1961472034454346
tcn_transformer_ae,130,1000,1.6026750631928496e-07,3.0553251195960966e-08,9,9,5,4.7415984607267626e-08,4.7415984607267626e-08,0.39454282367532567,0,0.0003,/home/danderety/Documents/GitHub/TCN_Transformer_anomaly_analizer/outputs/rcaeval/models/tcn_transformer_ae_seed42_best.pt,real_val_plus_val_synthetic,0.268058690744921,0.9954593084177437,0.42237865876250463,7782.0,13.0,-0.00046566122910007834,0.12479718923568725,-5e-324,True,quantile_recall_fpr_tradeoff,True,-0.00018443557200953364,-12.467788526503602,False,True,True,False,False,0.05,3.0553251195960966e-08,3.0553251195960966e-08,True,3.0553251195960966e-08,0.39454282367532567,0,23.265721082687378
tcn_transformer_ae,131,1000,1.489128271899794e-07,2.870288558040009e-08,9,9,5,3.0553251195960966e-08,3.0553251195960966e-08,0.39454282367532567,0,0.0003,/home/danderety/Documents/GitHub/TCN_Transformer_anomaly_analizer/outputs/rcaeval/models/tcn_transformer_ae_seed42_best.pt,real_val_plus_val_synthetic,,,,,,,,,,,False,,,False,False,True,False,False,0.05,2.870288558040009e-08,2.870288558040009e-08,True,2.870288558040009e-08,0.39454282367532567,0,2.185314655303955
tcn_transformer_ae,132,1000,1.3745210967487231e-07,2.7101004079162518e-08,9,9,5,2.870288558040009e-08,2.870288558040009e-08,0.39454282367532567,0,0.0003,/home/danderety/Documents/GitHub/TCN_Transformer_anomaly_analizer/outputs/rcaeval/models/tcn_transformer_ae_seed42_best.pt,real_val_plus_val_synthetic,,,,,,,,,,,False,,,False,False,True,False,False,0.05,2.7101004079162518e-08,2.7101004079162518e-08,True,2.7101004079162518e-08,0.39454282367532567,0,2.2047500610351562
tcn_transformer_ae,133,1000,1.2653703468609603e-07,2.3369631481784874e-08,9,9,5,2.7101004079162518e-08,2.7101004079162518e-08,0.39454282367532567,0,0.0003,/home/danderety/Documents/GitHub/TCN_Transformer_anomaly_analizer/outputs/rcaeval/models/tcn_transformer_ae_seed42_best.pt,real_val_plus_val_synthetic,,,,,,,,,,,False,,,False,False,True,False,False,0.05,2.3369631481784874e-08,2.3369631481784874e-08,True,2.3369631481784874e-08,0.39454282367532567,0,2.225472927093506
tcn_transformer_ae,134,1000,1.1598645336927961e-07,2.181234316989375e-08,9,9,5,2.3369631481784874e-08,2.3369631481784874e-08,0.39454282367532567,0,0.0003,/home/danderety/Documents/GitHub/TCN_Transformer_anomaly_analizer/outputs/rcaeval/models/tcn_transformer_ae_seed42_best.pt,real_val_plus_val_synthetic,,,,,,,,,,,False,,,False,False,True,False,False,0.05,2.181234316989375e-08,2.181234316989375e-08,True,2.181234316989375e-08,0.39454282367532567,0,2.253124237060547
tcn_transformer_ae,135,1000,1.0911156816709298e-07,2.1242199727170612e-08,9,9,5,2.181234316989375e-08,2.181234316989375e-08,0.39454282367532567,0,0.0003,/home/danderety/Documents/GitHub/TCN_Transformer_anomaly_analizer/outputs/rcaeval/models/tcn_transformer_ae_seed42_best.pt,real_val_plus_val_synthetic,0.24575107296137338,1.0,0.39454282367532556,8787.0,0.0,0.0,0.09872017800807953,-5e-324,True,quantile_recall_fpr_tradeoff,True,-0.00046566122910007834,0.39454282367532567,False,True,True,False,False,0.05,2.1242199727170612e-08,2.1242199727170612e-08,True,2.1242199727170612e-08,0.39454282367532567,0,20.84825563430786
tcn_transformer_ae,136,1000,9.467017577598515e-08,2.0580765797502218e-08,9,9,5,2.1242199727170612e-08,2.1242199727170612e-08,0.39454282367532567,0,0.0003,/home/danderety/Documents/GitHub/TCN_Transformer_anomaly_analizer/outputs/rcaeval/models/tcn_transformer_ae_seed42_best.pt,real_val_plus_val_synthetic,,,,,,,,,,,False,,,False,False,True,False,False,0.05,2.0580765797502218e-08,2.0580765797502218e-08,True,2.0580765797502218e-08,0.39454282367532567,0,2.220062494277954
tcn_transformer_ae,137,1000,8.615052354590934e-08,1.9611453467221797e-08,9,9,5,2.0580765797502218e-08,2.0580765797502218e-08,0.39454282367532567,0,0.0003,/home/danderety/Documents/GitHub/TCN_Transformer_anomaly_analizer/outputs/rcaeval/models/tcn_transformer_ae_seed42_best.pt,real_val_plus_val_synthetic,,,,,,,,,,,False,,,False,False,True,False,False,0.05,1.9611453467221797e-08,1.9611453467221797e-08,True,1.9611453467221797e-08,0.39454282367532567,0,2.2002315521240234
tcn_transformer_ae,138,1000,8.116129395605383e-08,1.9327239370218234e-08,9,9,5,1.9611453467221797e-08,1.9611453467221797e-08,0.39454282367532567,0,0.0003,/home/danderety/Documents/GitHub/TCN_Transformer_anomaly_analizer/outputs/rcaeval/models/tcn_transformer_ae_seed42_best.pt,real_val_plus_val_synthetic,,,,,,,,,,,False,,,False,False,True,False,False,0.05,1.9327239370218234e-08,1.9327239370218234e-08,True,1.9327239370218234e-08,0.39454282367532567,0,2.220987319946289
tcn_transformer_ae,139,1000,7.209484707777106e-08,1.919044278951263e-08,9,9,5,1.9327239370218234e-08,1.9327239370218234e-08,0.39454282367532567,0,0.0003,/home/danderety/Documents/GitHub/TCN_Transformer_anomaly_analizer/outputs/rcaeval/models/tcn_transformer_ae_seed42_best.pt,real_val_plus_val_synthetic,,,,,,,,,,,False,,,False,False,True,False,False,0.05,1.919044278951263e-08,1.919044278951263e-08,True,1.919044278951263e-08,0.39454282367532567,0,2.221494674682617
tcn_transformer_ae,140,1000,6.670443366745174e-08,1.9085291751877093e-08,9,9,5,1.919044278951263e-08,1.919044278951263e-08,0.39454282367532567,0,0.0003,/home/danderety/Documents/GitHub/TCN_Transformer_anomaly_analizer/outputs/rcaeval/models/tcn_transformer_ae_seed42_best.pt,real_val_plus_val_synthetic,0.24575107296137338,1.0,0.39454282367532556,8787.0,0.0,0.0,0.09350477308034906,-5e-324,True,quantile_recall_fpr_tradeoff,False,0.0,0.39454282367532567,False,True,True,False,False,0.05,1.9085291751877093e-08,1.9085291751877093e-08,True,1.9085291751877093e-08,0.39454282367532567,0,19.784732580184937
tcn_transformer_ae,141,1000,6.239218367075301e-08,1.9054374048696837e-08,9,9,5,1.9085291751877093e-08,1.9085291751877093e-08,0.39454282367532567,0,0.0003,/home/danderety/Documents/GitHub/TCN_Transformer_anomaly_analizer/outputs/rcaeval/models/tcn_transformer_ae_seed42_best.pt,real_val_plus_val_synthetic,,,,,,,,,,,False,,,False,False,True,False,False,0.05,1.9054374048696837e-08,1.9054374048696837e-08,True,1.9054374048696837e-08,0.39454282367532567,0,2.2182557582855225
tcn_transformer_ae,142,1000,5.8988639789239857e-08,1.9011936613488396e-08,9,9,5,1.9054374048696837e-08,1.9054374048696837e-08,0.39454282367532567,0,0.0003,/home/danderety/Documents/GitHub/TCN_Transformer_anomaly_analizer/outputs/rcaeval/models/tcn_transformer_ae_seed42_best.pt,real_val_plus_val_synthetic,,,,,,,,,,,False,,,False,False,True,False,False,0.05,1.9011936613488396e-08,1.9011936613488396e-08,True,1.9011936613488396e-08,0.39454282367532567,0,2.211757183074951
tcn_transformer_ae,143,1000,5.571258148537679e-08,1.887582752028933e-08,9,9,5,1.9011936613488396e-08,1.9011936613488396e-08,0.39454282367532567,0,0.0003,/home/danderety/Documents/GitHub/TCN_Transformer_anomaly_analizer/outputs/rcaeval/models/tcn_transformer_ae_seed42_best.pt,real_val_plus_val_synthetic,,,,,,,,,,,False,,,False,False,True,False,False,0.05,1.887582752028933e-08,1.887582752028933e-08,True,1.887582752028933e-08,0.39454282367532567,0,2.2462680339813232
tcn_transformer_ae,144,1000,5.2911621702424735e-08,1.7694432214883916e-08,9,9,5,1.887582752028933e-08,1.887582752028933e-08,0.39454282367532567,0,0.0003,/home/danderety/Documents/GitHub/TCN_Transformer_anomaly_analizer/outputs/rcaeval/models/tcn_transformer_ae_seed42_best.pt,real_val_plus_val_synthetic,,,,,,,,,,,False,,,False,False,True,False,False,0.05,1.7694432214883916e-08,1.7694432214883916e-08,True,1.7694432214883916e-08,0.39454282367532567,0,2.2610809803009033
tcn_transformer_ae,145,1000,5.101546300377025e-08,1.5239067066966938e-08,9,9,5,1.7694432214883916e-08,1.7694432214883916e-08,0.39454282367532567,0,0.0003,/home/danderety/Documents/GitHub/TCN_Transformer_anomaly_analizer/outputs/rcaeval/models/tcn_transformer_ae_seed42_best.pt,real_val_plus_val_synthetic,0.24575107296137338,1.0,0.39454282367532556,8787.0,0.0,0.0,0.07627530395984658,-5e-324,True,quantile_recall_fpr_tradeoff,False,0.0,0.39454282367532567,False,True,True,False,False,0.05,1.5239067066966938e-08,1.5239067066966938e-08,True,1.5239067066966938e-08,0.39454282367532567,0,18.949185132980347
tcn_transformer_ae,146,1000,4.8926222416473986e-08,1.4182415392596189e-08,9,9,5,1.5239067066966938e-08,1.5239067066966938e-08,0.39454282367532567,0,0.0003,/home/danderety/Documents/GitHub/TCN_Transformer_anomaly_analizer/outputs/rcaeval/models/tcn_transformer_ae_seed42_best.pt,real_val_plus_val_synthetic,,,,,,,,,,,False,,,False,False,True,False,False,0.05,1.4182415392596189e-08,1.4182415392596189e-08,True,1.4182415392596189e-08,0.39454282367532567,0,2.250493288040161
tcn_transformer_ae,147,1000,4.7282659546131416e-08,1.0164929818309009e-08,9,9,5,1.4182415392596189e-08,1.4182415392596189e-08,0.39454282367532567,0,0.0003,/home/danderety/Documents/GitHub/TCN_Transformer_anomaly_analizer/outputs/rcaeval/models/tcn_transformer_ae_seed42_best.pt,real_val_plus_val_synthetic,,,,,,,,,,,False,,,False,False,True,False,False,0.05,1.0164929818309009e-08,1.0164929818309009e-08,True,1.0164929818309009e-08,0.39454282367532567,0,2.22029185295105
tcn_transformer_ae,148,1000,4.5517545018160785e-08,8.756763476926468e-09,9,9,5,1.0164929818309009e-08,1.0164929818309009e-08,0.39454282367532567,0,0.0003,/home/danderety/Documents/GitHub/TCN_Transformer_anomaly_analizer/outputs/rcaeval/models/tcn_transformer_ae_seed42_best.pt,real_val_plus_val_synthetic,,,,,,,,,,,False,,,False,False,True,False,False,0.05,8.756763476926468e-09,8.756763476926468e-09,True,8.756763476926468e-09,0.39454282367532567,0,2.2081894874572754
tcn_transformer_ae,149,1000,4.431768100325282e-08,8.423648522224002e-09,9,9,5,8.756763476926468e-09,8.756763476926468e-09,0.39454282367532567,0,0.0003,/home/danderety/Documents/GitHub/TCN_Transformer_anomaly_analizer/outputs/rcaeval/models/tcn_transformer_ae_seed42_best.pt,real_val_plus_val_synthetic,,,,,,,,,,,False,,,False,False,True,False,False,0.05,8.423648522224002e-09,8.423648522224002e-09,True,8.423648522224002e-09,0.39454282367532567,0,2.2554931640625
tcn_transformer_ae,150,1000,4.2532813638235e-08,8.280868086500632e-09,9,9,5,8.423648522224002e-09,8.423648522224002e-09,0.39454282367532567,0,0.0003,/home/danderety/Documents/GitHub/TCN_Transformer_anomaly_analizer/outputs/rcaeval/models/tcn_transformer_ae_seed42_best.pt,real_val_plus_val_synthetic,0.24575107296137338,1.0,0.39454282367532556,8787.0,0.0,0.0,0.041510416567325924,-5e-324,True,quantile_recall_fpr_tradeoff,False,0.0,0.39454282367532567,False,True,True,False,False,0.05,8.280868086500632e-09,8.280868086500632e-09,True,8.280868086500632e-09,0.39454282367532567,0,17.926975965499878
tcn_transformer_ae,151,1000,4.105101281126622e-08,8.181417722493893e-09,9,9,5,8.280868086500632e-09,8.280868086500632e-09,0.39454282367532567,0,0.0003,/home/danderety/Documents/GitHub/TCN_Transformer_anomaly_analizer/outputs/rcaeval/models/tcn_transformer_ae_seed42_best.pt,real_val_plus_val_synthetic,,,,,,,,,,,False,,,False,False,True,False,False,0.05,8.181417722493893e-09,8.181417722493893e-09,True,8.181417722493893e-09,0.39454282367532567,0,2.20607328414917
tcn_transformer_ae,152,1000,4.1658455043046695e-08,8.019226603263138e-09,9,9,5,8.181417722493893e-09,8.181417722493893e-09,0.39454282367532567,0,0.0003,/home/danderety/Documents/GitHub/TCN_Transformer_anomaly_analizer/outputs/rcaeval/models/tcn_transformer_ae_seed42_best.pt,real_val_plus_val_synthetic,,,,,,,,,,,False,,,False,False,True,False,False,0.05,8.019226603263138e-09,8.019226603263138e-09,True,8.019226603263138e-09,0.39454282367532567,0,2.205953598022461
tcn_transformer_ae,153,1000,3.8145167546372004e-08,7.482159142559718e-09,9,9,5,8.019226603263138e-09,8.019226603263138e-09,0.39454282367532567,0,0.0003,/home/danderety/Documents/GitHub/TCN_Transformer_anomaly_analizer/outputs/rcaeval/models/tcn_transformer_ae_seed42_best.pt,real_val_plus_val_synthetic,,,,,,,,,,,False,,,False,False,True,False,False,0.05,7.482159142559718e-09,7.482159142559718e-09,True,7.482159142559718e-09,0.39454282367532567,0,2.2052555084228516
tcn_transformer_ae,154,1000,3.640831462401751e-08,6.77919379087006e-09,9,9,5,7.482159142559718e-09,7.482159142559718e-09,0.39454282367532567,0,0.0003,/home/danderety/Documents/GitHub/TCN_Transformer_anomaly_analizer/outputs/rcaeval/models/tcn_transformer_ae_seed42_best.pt,real_val_plus_val_synthetic,,,,,,,,,,,False,,,False,False,True,False,False,0.05,6.77919379087006e-09,6.77919379087006e-09,True,6.77919379087006e-09,0.39454282367532567,0,2.2378804683685303
tcn_transformer_ae,155,1000,3.489183064214993e-08,4.953250456535515e-09,9,9,5,6.77919379087006e-09,6.77919379087006e-09,0.39454282367532567,0,0.0003,/home/danderety/Documents/GitHub/TCN_Transformer_anomaly_analizer/outputs/rcaeval/models/tcn_transformer_ae_seed42_best.pt,real_val_plus_val_synthetic,0.24575107296137338,1.0,0.39454282367532556,8787.0,0.0,0.0,0.026704875007271988,-5e-324,True,quantile_recall_fpr_tradeoff,False,0.0,0.39454282367532567,False,True,True,False,False,0.05,4.953250456535515e-09,4.953250456535515e-09,True,4.953250456535515e-09,0.39454282367532567,0,18.456116437911987
tcn_transformer_ae,156,1000,3.3708377461286306e-08,2.1527625351882044e-09,9,9,5,4.953250456535515e-09,4.953250456535515e-09,0.39454282367532567,0,0.0003,/home/danderety/Documents/GitHub/TCN_Transformer_anomaly_analizer/outputs/rcaeval/models/tcn_transformer_ae_seed42_best.pt,real_val_plus_val_synthetic,,,,,,,,,,,False,,,False,False,True,False,False,0.05,2.1527625351882044e-09,2.1527625351882044e-09,True,2.1527625351882044e-09,0.39454282367532567,0,2.2166526317596436
tcn_transformer_ae,157,1000,3.2463125714158374e-08,1.426983703415548e-09,9,9,5,2.1527625351882044e-09,2.1527625351882044e-09,0.39454282367532567,0,0.0003,/home/danderety/Documents/GitHub/TCN_Transformer_anomaly_analizer/outputs/rcaeval/models/tcn_transformer_ae_seed42_best.pt,real_val_plus_val_synthetic,,,,,,,,,,,False,,,False,False,True,False,False,0.05,1.426983703415548e-09,1.426983703415548e-09,True,1.426983703415548e-09,0.39454282367532567,0,2.216219663619995
tcn_transformer_ae,158,1000,3.138057798154299e-08,1.1576827594764918e-09,9,9,5,1.426983703415548e-09,1.426983703415548e-09,0.39454282367532567,0,0.0003,/home/danderety/Documents/GitHub/TCN_Transformer_anomaly_analizer/outputs/rcaeval/models/tcn_transformer_ae_seed42_best.pt,real_val_plus_val_synthetic,,,,,,,,,,,False,,,False,False,True,False,False,0.05,1.1576827594764918e-09,1.1576827594764918e-09,True,1.1576827594764918e-09,0.39454282367532567,0,2.220211982727051
tcn_transformer_ae,159,1000,3.025767213594083e-08,1.1330598417922317e-09,9,9,5,1.1576827594764918e-09,1.1576827594764918e-09,0.39454282367532567,0,0.0003,/home/danderety/Documents/GitHub/TCN_Transformer_anomaly_analizer/outputs/rcaeval/models/tcn_transformer_ae_seed42_best.pt,real_val_plus_val_synthetic,,,,,,,,,,,False,,,False,False,True,False,False,0.05,1.1330598417922317e-09,1.1330598417922317e-09,True,1.1330598417922317e-09,0.39454282367532567,0,2.2302801609039307
tcn_transformer_ae,160,1000,2.9062488377215468e-08,1.1259053946186465e-09,9,9,5,1.1330598417922317e-09,1.1330598417922317e-09,0.39454282367532567,0,0.0003,/home/danderety/Documents/GitHub/TCN_Transformer_anomaly_analizer/outputs/rcaeval/models/tcn_transformer_ae_seed42_best.pt,real_val_plus_val_synthetic,0.24575107296137338,1.0,0.39454282367532556,8787.0,0.0,0.0,0.007132003363222136,-5e-324,True,quantile_recall_fpr_tradeoff,False,0.0,0.39454282367532567,False,True,True,False,False,0.05,1.1259053946186465e-09,1.1259053946186465e-09,True,1.1259053946186465e-09,0.39454282367532567,0,16.19306230545044
tcn_transformer_ae,161,1000,2.789078707118743e-08,1.109901597146622e-09,9,9,5,1.1259053946186465e-09,1.1259053946186465e-09,0.39454282367532567,0,0.0003,/home/danderety/Documents/GitHub/TCN_Transformer_anomaly_analizer/outputs/rcaeval/models/tcn_transformer_ae_seed42_best.pt,real_val_plus_val_synthetic,,,,,,,,,,,False,,,False,False,True,False,False,0.05,1.109901597146622e-09,1.109901597146622e-09,True,1.109901597146622e-09,0.39454282367532567,0,2.1973397731781006
tcn_transformer_ae,162,1000,2.6692148472183482e-08,1.104769228582663e-09,9,9,5,1.109901597146622e-09,1.109901597146622e-09,0.39454282367532567,0,0.0003,/home/danderety/Documents/GitHub/TCN_Transformer_anomaly_analizer/outputs/rcaeval/models/tcn_transformer_ae_seed42_best.pt,real_val_plus_val_synthetic,,,,,,,,,,,False,,,False,False,True,False,False,0.05,1.104769228582663e-09,1.104769228582663e-09,True,1.104769228582663e-09,0.39454282367532567,0,2.206029176712036
tcn_transformer_ae,163,1000,2.5718671154103968e-08,1.0952172476222377e-09,9,9,5,1.104769228582663e-09,1.104769228582663e-09,0.39454282367532567,0,0.0003,/home/danderety/Documents/GitHub/TCN_Transformer_anomaly_analizer/outputs/rcaeval/models/tcn_transformer_ae_seed42_best.pt,real_val_plus_val_synthetic,,,,,,,,,,,False,,,False,False,True,False,False,0.05,1.0952172476222377e-09,1.0952172476222377e-09,True,1.0952172476222377e-09,0.39454282367532567,0,2.2064132690429688
tcn_transformer_ae,164,1000,2.458548779053469e-08,1.0888523302730216e-09,9,9,5,1.0952172476222377e-09,1.0952172476222377e-09,0.39454282367532567,0,0.0003,/home/danderety/Documents/GitHub/TCN_Transformer_anomaly_analizer/outputs/rcaeval/models/tcn_transformer_ae_seed42_best.pt,real_val_plus_val_synthetic,,,,,,,,,,,False,,,False,False,True,False,False,0.05,1.0888523302730216e-09,1.0888523302730216e-09,True,1.0888523302730216e-09,0.39454282367532567,0,2.203726291656494
tcn_transformer_ae,165,1000,2.359178612851649e-08,1.0878582531697793e-09,9,9,5,1.0888523302730216e-09,1.0888523302730216e-09,0.39454282367532567,0,0.0003,/home/danderety/Documents/GitHub/TCN_Transformer_anomaly_analizer/outputs/rcaeval/models/tcn_transformer_ae_seed42_best.pt,real_val_plus_val_synthetic,0.24575107296137338,1.0,0.39454282367532556,8787.0,0.0,0.0,0.005559804383665323,-5e-324,True,quantile_recall_fpr_tradeoff,False,0.0,0.39454282367532567,False,True,True,False,False,0.05,1.0878582531697793e-09,1.0878582531697793e-09,True,1.0878582531697793e-09,0.39454282367532567,0,15.99051833152771
tcn_transformer_ae,166,1000,2.280121664424344e-08,1.0873579196994726e-09,9,9,5,1.0878582531697793e-09,1.0878582531697793e-09,0.39454282367532567,0,0.0003,/home/danderety/Documents/GitHub/TCN_Transformer_anomaly_analizer/outputs/rcaeval/models/tcn_transformer_ae_seed42_best.pt,real_val_plus_val_synthetic,,,,,,,,,,,False,,,False,False,True,False,False,0.05,1.0873579196994726e-09,1.0873579196994726e-09,True,1.0873579196994726e-09,0.39454282367532567,0,2.2286489009857178
tcn_transformer_ae,167,1000,2.1970123633407036e-08,1.0868614137833812e-09,9,9,5,1.0873579196994726e-09,1.0873579196994726e-09,0.39454282367532567,0,0.0003,/home/danderety/Documents/GitHub/TCN_Transformer_anomaly_analizer/outputs/rcaeval/models/tcn_transformer_ae_seed42_best.pt,real_val_plus_val_synthetic,,,,,,,,,,,False,,,False,False,True,False,False,0.05,1.0868614137833812e-09,1.0868614137833812e-09,True,1.0868614137833812e-09,0.39454282367532567,0,2.166351795196533
tcn_transformer_ae,168,1000,2.1208978940240077e-08,1.0853646422511814e-09,9,9,5,1.0868614137833812e-09,1.0868614137833812e-09,0.39454282367532567,0,0.0003,/home/danderety/Documents/GitHub/TCN_Transformer_anomaly_analizer/outputs/rcaeval/models/tcn_transformer_ae_seed42_best.pt,real_val_plus_val_synthetic,,,,,,,,,,,False,,,False,False,True,False,False,0.05,1.0853646422511814e-09,1.0853646422511814e-09,True,1.0853646422511814e-09,0.39454282367532567,0,2.2434558868408203
tcn_transformer_ae,169,1000,2.0909955699289145e-08,1.0840283693713936e-09,9,9,5,1.0853646422511814e-09,1.0853646422511814e-09,0.39454282367532567,0,0.0003,/home/danderety/Documents/GitHub/TCN_Transformer_anomaly_analizer/outputs/rcaeval/models/tcn_transformer_ae_seed42_best.pt,real_val_plus_val_synthetic,,,,,,,,,,,False,,,False,False,True,False,False,0.05,1.0840283693713936e-09,1.0840283693713936e-09,True,1.0840283693713936e-09,0.39454282367532567,0,2.2099971771240234
tcn_transformer_ae,170,1000,1.997519768916272e-08,1.0822048137231223e-09,9,9,5,1.0840283693713936e-09,1.0840283693713936e-09,0.39454282367532567,0,0.0003,/home/danderety/Documents/GitHub/TCN_Transformer_anomaly_analizer/outputs/rcaeval/models/tcn_transformer_ae_seed42_best.pt,real_val_plus_val_synthetic,0.24575107296137338,1.0,0.39454282367532556,8787.0,0.0,0.0,0.004078001808375205,-5e-324,True,quantile_recall_fpr_tradeoff,False,0.0,0.39454282367532567,False,True,True,False,False,0.05,1.0822048137231223e-09,1.0822048137231223e-09,True,1.0822048137231223e-09,0.39454282367532567,0,16.076735496520996
tcn_transformer_ae,171,1000,1.9395757377005867e-08,1.0805493410514341e-09,9,9,5,1.0822048137231223e-09,1.0822048137231223e-09,0.39454282367532567,0,0.0003,/home/danderety/Documents/GitHub/TCN_Transformer_anomaly_analizer/outputs/rcaeval/models/tcn_transformer_ae_seed42_best.pt,real_val_plus_val_synthetic,,,,,,,,,,,False,,,False,False,True,False,False,0.05,1.0805493410514341e-09,1.0805493410514341e-09,True,1.0805493410514341e-09,0.39454282367532567,0,2.203636884689331
tcn_transformer_ae,172,1000,1.901273057832189e-08,1.0793969021734115e-09,9,9,5,1.0805493410514341e-09,1.0805493410514341e-09,0.39454282367532567,0,0.0003,/home/danderety/Documents/GitHub/TCN_Transformer_anomaly_analizer/outputs/rcaeval/models/tcn_transformer_ae_seed42_best.pt,real_val_plus_val_synthetic,,,,,,,,,,,False,,,False,False,True,False,False,0.05,1.0793969021734115e-09,1.0793969021734115e-09,True,1.0793969021734115e-09,0.39454282367532567,0,2.1946990489959717
tcn_transformer_ae,173,1000,1.838311521364643e-08,1.0784025380111454e-09,9,9,5,1.0793969021734115e-09,1.0793969021734115e-09,0.39454282367532567,0,0.0003,/home/danderety/Documents/GitHub/TCN_Transformer_anomaly_analizer/outputs/rcaeval/models/tcn_transformer_ae_seed42_best.pt,real_val_plus_val_synthetic,,,,,,,,,,,False,,,False,False,True,False,False,0.05,1.0784025380111454e-09,1.0784025380111454e-09,True,1.0784025380111454e-09,0.39454282367532567,0,2.1987833976745605
tcn_transformer_ae,174,1000,1.8055156191388238e-08,1.0777414291623208e-09,9,9,5,1.0784025380111454e-09,1.0784025380111454e-09,0.39454282367532567,0,0.0003,/home/danderety/Documents/GitHub/TCN_Transformer_anomaly_analizer/outputs/rcaeval/models/tcn_transformer_ae_seed42_best.pt,real_val_plus_val_synthetic,,,,,,,,,,,False,,,False,False,True,False,False,0.05,1.0777414291623208e-09,1.0777414291623208e-09,True,1.0777414291623208e-09,0.39454282367532567,0,2.1920206546783447
tcn_transformer_ae,175,1000,1.7570362285885436e-08,1.0770841471134842e-09,9,9,5,1.0777414291623208e-09,1.0777414291623208e-09,0.39454282367532567,0,0.0003,/home/danderety/Documents/GitHub/TCN_Transformer_anomaly_analizer/outputs/rcaeval/models/tcn_transformer_ae_seed42_best.pt,real_val_plus_val_synthetic,0.24575107296137338,1.0,0.39454282367532556,8787.0,0.0,0.0,0.0037070438265800476,-5e-324,True,quantile_recall_fpr_tradeoff,False,0.0,0.39454282367532567,False,True,True,False,False,0.05,1.0770841471134842e-09,1.0770841471134842e-09,True,1.0770841471134842e-09,0.39454282367532567,0,16.40675163269043
tcn_transformer_ae,176,1000,1.712418850197611e-08,1.0719398750278788e-09,9,9,5,1.0770841471134842e-09,1.0770841471134842e-09,0.39454282367532567,0,0.0003,/home/danderety/Documents/GitHub/TCN_Transformer_anomaly_analizer/outputs/rcaeval/models/tcn_transformer_ae_seed42_best.pt,real_val_plus_val_synthetic,,,,,,,,,,,False,,,False,False,True,False,False,0.05,1.0719398750278788e-09,1.0719398750278788e-09,True,1.0719398750278788e-09,0.39454282367532567,0,2.231639862060547
tcn_transformer_ae,177,1000,1.672207364848386e-08,1.0686194234752768e-09,9,9,5,1.0719398750278788e-09,1.0719398750278788e-09,0.39454282367532567,0,0.0003,/home/danderety/Documents/GitHub/TCN_Transformer_anomaly_analizer/outputs/rcaeval/models/tcn_transformer_ae_seed42_best.pt,real_val_plus_val_synthetic,,,,,,,,,,,False,,,False,False,True,False,False,0.05,1.0686194234752768e-09,1.0686194234752768e-09,True,1.0686194234752768e-09,0.39454282367532567,0,2.2529613971710205
tcn_transformer_ae,178,1000,1.644950252339297e-08,1.0581503223457919e-09,9,9,5,1.0686194234752768e-09,1.0686194234752768e-09,0.39454282367532567,0,0.0003,/home/danderety/Documents/GitHub/TCN_Transformer_anomaly_analizer/outputs/rcaeval/models/tcn_transformer_ae_seed42_best.pt,real_val_plus_val_synthetic,,,,,,,,,,,False,,,False,False,True,False,False,0.05,1.0581503223457919e-09,1.0581503223457919e-09,True,1.0581503223457919e-09,0.39454282367532567,0,2.205500602722168
tcn_transformer_ae,179,1000,1.590244700173756e-08,7.582411174628101e-10,9,9,5,1.0581503223457919e-09,1.0581503223457919e-09,0.39454282367532567,0,0.0003,/home/danderety/Documents/GitHub/TCN_Transformer_anomaly_analizer/outputs/rcaeval/models/tcn_transformer_ae_seed42_best.pt,real_val_plus_val_synthetic,,,,,,,,,,,False,,,False,False,True,False,False,0.05,7.582411174628101e-10,7.582411174628101e-10,True,7.582411174628101e-10,0.39454282367532567,0,2.19240665435791
tcn_transformer_ae,180,1000,1.5602554909901672e-08,2.941980385906781e-10,9,9,5,7.582411174628101e-10,7.582411174628101e-10,0.39454282367532567,0,0.0003,/home/danderety/Documents/GitHub/TCN_Transformer_anomaly_analizer/outputs/rcaeval/models/tcn_transformer_ae_seed42_best.pt,real_val_plus_val_synthetic,0.24575107296137338,1.0,0.39454282367532556,8787.0,0.0,0.0,0.001857841038145125,-5e-324,True,quantile_recall_fpr_tradeoff,False,0.0,0.39454282367532567,False,True,True,False,False,0.05,2.941980385906781e-10,2.941980385906781e-10,True,2.941980385906781e-10,0.39454282367532567,0,16.351847887039185
tcn_transformer_ae,181,1000,1.5234040772821554e-08,1.4268427611682425e-10,9,9,5,2.941980385906781e-10,2.941980385906781e-10,0.39454282367532567,0,0.0003,/home/danderety/Documents/GitHub/TCN_Transformer_anomaly_analizer/outputs/rcaeval/models/tcn_transformer_ae_seed42_best.pt,real_val_plus_val_synthetic,,,,,,,,,,,False,,,False,False,True,False,False,0.05,1.4268427611682425e-10,1.4268427611682425e-10,True,1.4268427611682425e-10,0.39454282367532567,0,2.202549695968628
tcn_transformer_ae,182,1000,1.4950701343607875e-08,6.946614743273621e-11,9,9,5,1.4268427611682425e-10,1.4268427611682425e-10,0.39454282367532567,0,0.0003,/home/danderety/Documents/GitHub/TCN_Transformer_anomaly_analizer/outputs/rcaeval/models/tcn_transformer_ae_seed42_best.pt,real_val_plus_val_synthetic,,,,,,,,,,,False,,,False,False,True,False,False,0.05,6.946614743273621e-11,6.946614743273621e-11,True,6.946614743273621e-11,0.39454282367532567,0,2.1486153602600098
tcn_transformer_ae,183,1000,1.4602608069595915e-08,4.8993825753653453e-11,9,9,5,6.946614743273621e-11,6.946614743273621e-11,0.39454282367532567,0,0.0003,/home/danderety/Documents/GitHub/TCN_Transformer_anomaly_analizer/outputs/rcaeval/models/tcn_transformer_ae_seed42_best.pt,real_val_plus_val_synthetic,,,,,,,,,,,False,,,False,False,True,False,False,0.05,4.8993825753653453e-11,4.8993825753653453e-11,True,4.8993825753653453e-11,0.39454282367532567,0,2.2298262119293213
tcn_transformer_ae,184,1000,1.4294765641718344e-08,3.085058868995924e-11,9,9,5,4.8993825753653453e-11,4.8993825753653453e-11,0.39454282367532567,0,0.0003,/home/danderety/Documents/GitHub/TCN_Transformer_anomaly_analizer/outputs/rcaeval/models/tcn_transformer_ae_seed42_best.pt,real_val_plus_val_synthetic,,,,,,,,,,,False,,,False,False,True,False,False,0.05,3.085058868995924e-11,3.085058868995924e-11,True,3.085058868995924e-11,0.39454282367532567,0,2.3049988746643066
tcn_transformer_ae,185,1000,1.3931655215933078e-08,2.3747821870211066e-11,9,9,5,3.085058868995924e-11,3.085058868995924e-11,0.39454282367532567,0,0.0003,/home/danderety/Documents/GitHub/TCN_Transformer_anomaly_analizer/outputs/rcaeval/models/tcn_transformer_ae_seed42_best.pt,real_val_plus_val_synthetic,0.24575107296137338,1.0,0.39454282367532556,8787.0,0.0,0.0,0.0,-5e-324,False,quantile_recall_fpr_tradeoff,False,0.0,0.39454282367532567,False,True,True,False,False,0.05,2.3747821870211066e-11,2.3747821870211066e-11,True,2.3747821870211066e-11,0.39454282367532567,0,15.852386474609375
tcn_transformer_ae,186,1000,1.3683032142113692e-08,2.1265445982483817e-11,9,9,5,2.3747821870211066e-11,2.3747821870211066e-11,0.39454282367532567,0,0.0003,/home/danderety/Documents/GitHub/TCN_Transformer_anomaly_analizer/outputs/rcaeval/models/tcn_transformer_ae_seed42_best.pt,real_val_plus_val_synthetic,,,,,,,,,,,False,,,False,False,True,False,False,0.05,2.1265445982483817e-11,2.1265445982483817e-11,True,2.1265445982483817e-11,0.39454282367532567,0,2.326817750930786
tcn_transformer_ae,187,1000,1.3360256176737736e-08,2.1432526779145638e-11,9,9,5,2.1265445982483817e-11,2.1265445982483817e-11,0.39454282367532567,0,0.0003,/home/danderety/Documents/GitHub/TCN_Transformer_anomaly_analizer/outputs/rcaeval/models/tcn_transformer_ae_seed42_best.pt,real_val_plus_val_synthetic,,,,,,,,,,,False,,,False,False,False,False,False,0.05,2.1432526779145638e-11,2.1265445982483817e-11,False,2.1265445982483817e-11,0.39454282367532567,1,2.227597236633301
tcn_transformer_ae,188,1000,1.303126878868123e-08,2.127168815864384e-11,9,9,5,2.1265445982483817e-11,2.1265445982483817e-11,0.39454282367532567,1,0.0003,/home/danderety/Documents/GitHub/TCN_Transformer_anomaly_analizer/outputs/rcaeval/models/tcn_transformer_ae_seed42_best.pt,real_val_plus_val_synthetic,,,,,,,,,,,False,,,False,False,False,False,False,0.05,2.127168815864384e-11,2.1265445982483817e-11,False,2.1265445982483817e-11,0.39454282367532567,2,2.201350212097168
tcn_transformer_ae,189,1000,1.2693308838800764e-08,2.143629086510885e-11,9,9,5,2.1265445982483817e-11,2.1265445982483817e-11,0.39454282367532567,2,0.0003,/home/danderety/Documents/GitHub/TCN_Transformer_anomaly_analizer/outputs/rcaeval/models/tcn_transformer_ae_seed42_best.pt,real_val_plus_val_synthetic,,,,,,,,,,,False,,,False,False,False,False,False,0.05,2.143629086510885e-11,2.1265445982483817e-11,False,2.1265445982483817e-11,0.39454282367532567,3,2.1988213062286377
tcn_transformer_ae,190,1000,1.2520093609201472e-08,2.0939784194790034e-11,9,9,5,2.1265445982483817e-11,2.1265445982483817e-11,0.39454282367532567,3,0.0003,/home/danderety/Documents/GitHub/TCN_Transformer_anomaly_analizer/outputs/rcaeval/models/tcn_transformer_ae_seed42_best.pt,real_val_plus_val_synthetic,0.24575107296137338,1.0,0.39454282367532556,8787.0,0.0,0.0,0.0,-5e-324,False,quantile_recall_fpr_tradeoff,False,0.0,0.39454282367532567,False,True,True,False,False,0.05,2.0939784194790034e-11,2.0939784194790034e-11,True,2.0939784194790034e-11,0.39454282367532567,0,16.162033081054688
tcn_transformer_ae,191,1000,1.2153140899437299e-08,2.093573655696126e-11,9,9,5,2.0939784194790034e-11,2.0939784194790034e-11,0.39454282367532567,0,0.0003,/home/danderety/Documents/GitHub/TCN_Transformer_anomaly_analizer/outputs/rcaeval/models/tcn_transformer_ae_seed42_best.pt,real_val_plus_val_synthetic,,,,,,,,,,,False,,,False,False,True,False,False,0.05,2.093573655696126e-11,2.093573655696126e-11,True,2.093573655696126e-11,0.39454282367532567,0,2.2313027381896973
tcn_transformer_ae,192,1000,1.2031491368409033e-08,2.0273277904715544e-11,9,9,5,2.093573655696126e-11,2.093573655696126e-11,0.39454282367532567,0,0.0003,/home/danderety/Documents/GitHub/TCN_Transformer_anomaly_analizer/outputs/rcaeval/models/tcn_transformer_ae_seed42_best.pt,real_val_plus_val_synthetic,,,,,,,,,,,False,,,False,False,True,False,False,0.05,2.0273277904715544e-11,2.0273277904715544e-11,True,2.0273277904715544e-11,0.39454282367532567,0,2.2417614459991455
tcn_transformer_ae,193,1000,1.1650223471927684e-08,2.0273057180008918e-11,9,9,5,2.0273277904715544e-11,2.0273277904715544e-11,0.39454282367532567,0,0.0003,/home/danderety/Documents/GitHub/TCN_Transformer_anomaly_analizer/outputs/rcaeval/models/tcn_transformer_ae_seed42_best.pt,real_val_plus_val_synthetic,,,,,,,,,,,False,,,False,False,True,False,False,0.05,2.0273057180008918e-11,2.0273057180008918e-11,True,2.0273057180008918e-11,0.39454282367532567,0,2.2423808574676514
tcn_transformer_ae,194,1000,1.1549099502825856e-08,2.043765988647393e-11,9,9,5,2.0273057180008918e-11,2.0273057180008918e-11,0.39454282367532567,0,0.0003,/home/danderety/Documents/GitHub/TCN_Transformer_anomaly_analizer/outputs/rcaeval/models/tcn_transformer_ae_seed42_best.pt,real_val_plus_val_synthetic,,,,,,,,,,,False,,,False,False,False,False,False,0.05,2.043765988647393e-11,2.0273057180008918e-11,False,2.0273057180008918e-11,0.39454282367532567,1,2.193985939025879
tcn_transformer_ae,195,1000,1.1403115060899624e-08,2.0269292754643287e-11,9,9,5,2.0273057180008918e-11,2.0273057180008918e-11,0.39454282367532567,1,0.0003,/home/danderety/Documents/GitHub/TCN_Transformer_anomaly_analizer/outputs/rcaeval/models/tcn_transformer_ae_seed42_best.pt,real_val_plus_val_synthetic,0.24575107296137338,1.0,0.39454282367532556,8787.0,0.0,0.0,0.0,-5e-324,False,quantile_recall_fpr_tradeoff,False,0.0,0.39454282367532567,False,True,True,False,False,0.05,2.0269292754643287e-11,2.0269292754643287e-11,True,2.0269292754643287e-11,0.39454282367532567,0,16.508137226104736
tcn_transformer_ae,196,1000,1.115762201471828e-08,2.076310121344074e-11,9,9,5,2.0269292754643287e-11,2.0269292754643287e-11,0.39454282367532567,0,0.0003,/home/danderety/Documents/GitHub/TCN_Transformer_anomaly_analizer/outputs/rcaeval/models/tcn_transformer_ae_seed42_best.pt,real_val_plus_val_synthetic,,,,,,,,,,,False,,,False,False,False,False,False,0.05,2.076310121344074e-11,2.0269292754643287e-11,False,2.0269292754643287e-11,0.39454282367532567,1,2.2459559440612793
tcn_transformer_ae,197,1000,1.1001445204103873e-08,2.1435628879545865e-11,9,9,5,2.0269292754643287e-11,2.0269292754643287e-11,0.39454282367532567,1,0.0003,/home/danderety/Documents/GitHub/TCN_Transformer_anomaly_analizer/outputs/rcaeval/models/tcn_transformer_ae_seed42_best.pt,real_val_plus_val_synthetic,,,,,,,,,,,False,,,False,False,False,False,False,0.05,2.1435628879545865e-11,2.0269292754643287e-11,False,2.0269292754643287e-11,0.39454282367532567,2,2.228722095489502
tcn_transformer_ae,198,1000,1.0807080365870114e-08,2.1439393003220454e-11,9,9,5,2.0269292754643287e-11,2.0269292754643287e-11,0.39454282367532567,2,0.0003,/home/danderety/Documents/GitHub/TCN_Transformer_anomaly_analizer/outputs/rcaeval/models/tcn_transformer_ae_seed42_best.pt,real_val_plus_val_synthetic,,,,,,,,,,,False,,,False,False,False,False,False,0.05,2.1439393003220454e-11,2.0269292754643287e-11,False,2.0269292754643287e-11,0.39454282367532567,3,2.2378618717193604
tcn_transformer_ae,199,1000,1.0745776201226891e-08,2.160917197369226e-11,9,9,5,2.0269292754643287e-11,2.0269292754643287e-11,0.39454282367532567,3,0.0003,/home/danderety/Documents/GitHub/TCN_Transformer_anomaly_analizer/outputs/rcaeval/models/tcn_transformer_ae_seed42_best.pt,real_val_plus_val_synthetic,,,,,,,,,,,False,,,False,False,False,False,False,0.05,2.160917197369226e-11,2.0269292754643287e-11,False,2.0269292754643287e-11,0.39454282367532567,4,2.223445415496826
tcn_transformer_ae,200,1000,1.0606908187520317e-08,2.1444569191804492e-11,9,9,5,2.0269292754643287e-11,2.0269292754643287e-11,0.39454282367532567,4,0.0003,/home/danderety/Documents/GitHub/TCN_Transformer_anomaly_analizer/outputs/rcaeval/models/tcn_transformer_ae_seed42_best.pt,real_val_plus_val_synthetic,0.24575107296137338,1.0,0.39454282367532556,8787.0,0.0,0.0,0.0,-5e-324,False,quantile_recall_fpr_tradeoff,False,0.0,0.39454282367532567,False,True,False,False,False,0.05,2.1444569191804492e-11,2.0269292754643287e-11,False,2.0269292754643287e-11,0.39454282367532567,5,16.834396600723267
tcn_transformer_ae,201,1000,1.0599587555497034e-08,2.1444569191804492e-11,9,9,5,2.0269292754643287e-11,2.0269292754643287e-11,0.39454282367532567,5,0.0003,/home/danderety/Documents/GitHub/TCN_Transformer_anomaly_analizer/outputs/rcaeval/models/tcn_transformer_ae_seed42_best.pt,real_val_plus_val_synthetic,,,,,,,,,,,False,,,False,False,False,False,False,0.05,2.1444569191804492e-11,2.0269292754643287e-11,False,2.0269292754643287e-11,0.39454282367532567,6,2.199768543243408
tcn_transformer_ae,202,1000,1.0263779835701538e-08,2.160917197369226e-11,9,9,5,2.0269292754643287e-11,2.0269292754643287e-11,0.39454282367532567,6,0.0003,/home/danderety/Documents/GitHub/TCN_Transformer_anomaly_analizer/outputs/rcaeval/models/tcn_transformer_ae_seed42_best.pt,real_val_plus_val_synthetic,,,,,,,,,,,False,,,False,False,False,False,False,0.05,2.160917197369226e-11,2.0269292754643287e-11,False,2.0269292754643287e-11,0.39454282367532567,7,2.1906776428222656
tcn_transformer_ae,203,1000,1.0189038984512299e-08,2.1778950944164068e-11,9,9,5,2.0269292754643287e-11,2.0269292754643287e-11,0.39454282367532567,7,0.0003,/home/danderety/Documents/GitHub/TCN_Transformer_anomaly_analizer/outputs/rcaeval/models/tcn_transformer_ae_seed42_best.pt,real_val_plus_val_synthetic,0.24575107296137338,1.0,0.39454282367532556,8787.0,0.0,0.0,0.0,-5e-324,False,quantile_recall_fpr_tradeoff,False,0.0,0.39454282367532567,False,True,False,False,False,0.05,2.1778950944164068e-11,2.0269292754643287e-11,False,2.0269292754643287e-11,0.39454282367532567,8,17.142033338546753
tcn_transformer_ae,204,1000,1.0127760258457508e-08,2.2272759327538763e-11,9,9,5,2.0269292754643287e-11,2.0269292754643287e-11,0.39454282367532567,8,0.0003,/home/danderety/Documents/GitHub/TCN_Transformer_anomaly_analizer/outputs/rcaeval/models/tcn_transformer_ae_seed42_best.pt,real_val_plus_val_synthetic,0.24575107296137338,1.0,0.39454282367532556,8787.0,0.0,0.0,0.0,-5e-324,False,quantile_recall_fpr_tradeoff,False,0.0,0.39454282367532567,False,True,False,False,False,0.05,2.2272759327538763e-11,2.0269292754643287e-11,False,2.0269292754643287e-11,0.39454282367532567,9,17.52760076522827
