model,epoch,epochs_total,train_loss,val_loss,stop_patience,threshold_patience,threshold_monitor_interval,best_val_loss_before_epoch,best_checkpoint_score_before_epoch,best_detection_score_before_epoch,patience_before_epoch,learning_rate,checkpoint,validation_monitor_source,val_precision,val_recall,val_f1,val_fp,val_fn,threshold,raw_threshold,safe_threshold,was_safety_applied,threshold_type,threshold_moved,previous_threshold,detection_score,detection_signal,threshold_monitor_ran,loss_improved,threshold_signal,threshold_checkpoint,threshold_save_loss_tolerance,checkpoint_score,best_checkpoint_score_after_epoch,is_best,best_val_loss_after_epoch,best_detection_score_after_epoch,patience_after_epoch,epoch_time_sec
tcn_transformer_ae,1,1000,0.17996756596308525,0.00497122075530174,9,9,5,,,,0,0.0003,/home/danderety/Documents/GitHub/TCN_Transformer_anomaly_analizer/outputs/rcaeval/models/tcn_transformer_ae_seed43_best.pt,real_val_plus_val_synthetic,0.2954711087975013,0.9912679008033531,0.4552454282964389,6767.0,25.0,-0.06545592099428177,5.7655863761901855,-0.06209217011928559,True,quantile_recall_fpr_tradeoff,False,,-24.323601613428945,True,True,True,True,False,0.05,0.00497122075530174,0.00497122075530174,True,0.00497122075530174,-24.323601613428945,0,47.44350028038025
tcn_transformer_ae,2,1000,0.004683861169842598,0.002445469860939066,9,9,5,0.00497122075530174,0.00497122075530174,-24.323601613428945,0,0.0003,/home/danderety/Documents/GitHub/TCN_Transformer_anomaly_analizer/outputs/rcaeval/models/tcn_transformer_ae_seed43_best.pt,real_val_plus_val_synthetic,,,,,,,,,,,False,,,False,False,True,False,False,0.05,0.002445469860939066,0.002445469860939066,True,0.002445469860939066,-24.323601613428945,0,2.2313148975372314
tcn_transformer_ae,3,1000,0.002613449327485717,0.0015076412743402889,9,9,5,0.002445469860939066,0.002445469860939066,-24.323601613428945,0,0.0003,/home/danderety/Documents/GitHub/TCN_Transformer_anomaly_analizer/outputs/rcaeval/models/tcn_transformer_ae_seed43_best.pt,real_val_plus_val_synthetic,,,,,,,,,,,False,,,False,False,True,False,False,0.05,0.0015076412743402889,0.0015076412743402889,True,0.0015076412743402889,-24.323601613428945,0,2.1945345401763916
tcn_transformer_ae,4,1000,0.0017083176631865133,0.0010358937402286203,9,9,5,0.0015076412743402889,0.0015076412743402889,-24.323601613428945,0,0.0003,/home/danderety/Documents/GitHub/TCN_Transformer_anomaly_analizer/outputs/rcaeval/models/tcn_transformer_ae_seed43_best.pt,real_val_plus_val_synthetic,,,,,,,,,,,False,,,False,False,True,False,False,0.05,0.0010358937402286203,0.0010358937402286203,True,0.0010358937402286203,-24.323601613428945,0,2.2061686515808105
tcn_transformer_ae,5,1000,0.0012151029121646982,0.0007587733036970072,9,9,5,0.0010358937402286203,0.0010358937402286203,-24.323601613428945,0,0.0003,/home/danderety/Documents/GitHub/TCN_Transformer_anomaly_analizer/outputs/rcaeval/models/tcn_transformer_ae_seed43_best.pt,real_val_plus_val_synthetic,0.295617778703029,0.9919664687390849,0.45549318364073776,6767.0,23.0,-0.020911991596221924,5.688845062255878,-0.01720955222845078,True,quantile_recall_fpr_tradeoff,True,-0.06545592099428177,-22.322655290148912,True,True,True,True,True,0.05,0.0007587733036970072,0.0007587733036970072,True,0.0007587733036970072,-22.322655290148912,0,48.98556566238403
tcn_transformer_ae,6,1000,0.0009123942506013681,0.0005804366933855066,9,9,5,0.0007587733036970072,0.0007587733036970072,-22.322655290148912,0,0.0003,/home/danderety/Documents/GitHub/TCN_Transformer_anomaly_analizer/outputs/rcaeval/models/tcn_transformer_ae_seed43_best.pt,real_val_plus_val_synthetic,,,,,,,,,,,False,,,False,False,True,False,False,0.05,0.0005804366933855066,0.0005804366933855066,True,0.0005804366933855066,-22.322655290148912,0,2.2221179008483887
tcn_transformer_ae,7,1000,0.0007150121787360505,0.0004588248763036023,9,9,5,0.0005804366933855066,0.0005804366933855066,-22.322655290148912,0,0.0003,/home/danderety/Documents/GitHub/TCN_Transformer_anomaly_analizer/outputs/rcaeval/models/tcn_transformer_ae_seed43_best.pt,real_val_plus_val_synthetic,,,,,,,,,,,False,,,False,False,True,False,False,0.05,0.0004588248763036023,0.0004588248763036023,True,0.0004588248763036023,-22.322655290148912,0,2.2035725116729736
tcn_transformer_ae,8,1000,0.0005696374355466105,0.00037120150480642104,9,9,5,0.0004588248763036023,0.0004588248763036023,-22.322655290148912,0,0.0003,/home/danderety/Documents/GitHub/TCN_Transformer_anomaly_analizer/outputs/rcaeval/models/tcn_transformer_ae_seed43_best.pt,real_val_plus_val_synthetic,,,,,,,,,,,False,,,False,False,True,False,False,0.05,0.00037120150480642104,0.00037120150480642104,True,0.00037120150480642104,-22.322655290148912,0,2.1962404251098633
tcn_transformer_ae,9,1000,0.00046698733469542196,0.00030671145625250495,9,9,5,0.00037120150480642104,0.00037120150480642104,-22.322655290148912,0,0.0003,/home/danderety/Documents/GitHub/TCN_Transformer_anomaly_analizer/outputs/rcaeval/models/tcn_transformer_ae_seed43_best.pt,real_val_plus_val_synthetic,,,,,,,,,,,False,,,False,False,True,False,False,0.05,0.00030671145625250495,0.00030671145625250495,True,0.00030671145625250495,-22.322655290148912,0,2.1935105323791504
tcn_transformer_ae,10,1000,0.0003897620668083065,0.00025743152867147256,9,9,5,0.00030671145625250495,0.00030671145625250495,-22.322655290148912,0,0.0003,/home/danderety/Documents/GitHub/TCN_Transformer_anomaly_analizer/outputs/rcaeval/models/tcn_transformer_ae_seed43_best.pt,real_val_plus_val_synthetic,0.295617778703029,0.9919664687390849,0.45549318364073776,6767.0,23.0,-0.010204200632870197,5.259030532836921,-0.008504319936037065,True,quantile_recall_fpr_tradeoff,True,-0.020911991596221924,-22.322655290148912,False,True,True,False,False,0.05,0.00025743152867147256,0.00025743152867147256,True,0.00025743152867147256,-22.322655290148912,0,48.86427974700928
tcn_transformer_ae,11,1000,0.00032980593570518187,0.00021891841575068057,9,9,5,0.00025743152867147256,0.00025743152867147256,-22.322655290148912,0,0.0003,/home/danderety/Documents/GitHub/TCN_Transformer_anomaly_analizer/outputs/rcaeval/models/tcn_transformer_ae_seed43_best.pt,real_val_plus_val_synthetic,,,,,,,,,,,False,,,False,False,True,False,False,0.05,0.00021891841575068057,0.00021891841575068057,True,0.00021891841575068057,-22.322655290148912,0,2.206763505935669
tcn_transformer_ae,12,1000,0.00028273408299909255,0.00018825687884995915,9,9,5,0.00021891841575068057,0.00021891841575068057,-22.322655290148912,0,0.0003,/home/danderety/Documents/GitHub/TCN_Transformer_anomaly_analizer/outputs/rcaeval/models/tcn_transformer_ae_seed43_best.pt,real_val_plus_val_synthetic,,,,,,,,,,,False,,,False,False,True,False,False,0.05,0.00018825687884995915,0.00018825687884995915,True,0.00018825687884995915,-22.322655290148912,0,2.221513509750366
tcn_transformer_ae,13,1000,0.0002445948638247184,0.00016343032320551373,9,9,5,0.00018825687884995915,0.00018825687884995915,-22.322655290148912,0,0.0003,/home/danderety/Documents/GitHub/TCN_Transformer_anomaly_analizer/outputs/rcaeval/models/tcn_transformer_ae_seed43_best.pt,real_val_plus_val_synthetic,,,,,,,,,,,False,,,False,False,True,False,False,0.05,0.00016343032320551373,0.00016343032320551373,True,0.00016343032320551373,-22.322655290148912,0,2.1728971004486084
tcn_transformer_ae,14,1000,0.0002136328554985559,0.0001429999390339894,9,9,5,0.00016343032320551373,0.00016343032320551373,-22.322655290148912,0,0.0003,/home/danderety/Documents/GitHub/TCN_Transformer_anomaly_analizer/outputs/rcaeval/models/tcn_transformer_ae_seed43_best.pt,real_val_plus_val_synthetic,,,,,,,,,,,False,,,False,False,True,False,False,0.05,0.0001429999390339894,0.0001429999390339894,True,0.0001429999390339894,-22.322655290148912,0,2.183353900909424
tcn_transformer_ae,15,1000,0.00018793825928815235,0.00012600335906862037,9,9,5,0.0001429999390339894,0.0001429999390339894,-22.322655290148912,0,0.0003,/home/danderety/Documents/GitHub/TCN_Transformer_anomaly_analizer/outputs/rcaeval/models/tcn_transformer_ae_seed43_best.pt,real_val_plus_val_synthetic,0.295617778703029,0.9919664687390849,0.45549318364073776,6767.0,23.0,-0.011350558139383793,5.0722551345825195,-0.00862898211926222,True,quantile_recall_fpr_tradeoff,True,-0.010204200632870197,-22.322655290148912,False,True,True,False,False,0.05,0.00012600335906862037,0.00012600335906862037,True,0.00012600335906862037,-22.322655290148912,0,50.15550398826599
tcn_transformer_ae,16,1000,0.00016686314974440788,0.00011176288867516078,9,9,5,0.00012600335906862037,0.00012600335906862037,-22.322655290148912,0,0.0003,/home/danderety/Documents/GitHub/TCN_Transformer_anomaly_analizer/outputs/rcaeval/models/tcn_transformer_ae_seed43_best.pt,real_val_plus_val_synthetic,,,,,,,,,,,False,,,False,False,True,False,False,0.05,0.00011176288867516078,0.00011176288867516078,True,0.00011176288867516078,-22.322655290148912,0,2.2247138023376465
tcn_transformer_ae,17,1000,0.00014820000702140692,9.962490920493703e-05,9,9,5,0.00011176288867516078,0.00011176288867516078,-22.322655290148912,0,0.0003,/home/danderety/Documents/GitHub/TCN_Transformer_anomaly_analizer/outputs/rcaeval/models/tcn_transformer_ae_seed43_best.pt,real_val_plus_val_synthetic,,,,,,,,,,,False,,,False,False,True,False,False,0.05,9.962490920493703e-05,9.962490920493703e-05,True,9.962490920493703e-05,-22.322655290148912,0,2.1954185962677
tcn_transformer_ae,18,1000,0.00013356432867547719,8.922855111292017e-05,9,9,5,9.962490920493703e-05,9.962490920493703e-05,-22.322655290148912,0,0.0003,/home/danderety/Documents/GitHub/TCN_Transformer_anomaly_analizer/outputs/rcaeval/models/tcn_transformer_ae_seed43_best.pt,real_val_plus_val_synthetic,,,,,,,,,,,False,,,False,False,True,False,False,0.05,8.922855111292017e-05,8.922855111292017e-05,True,8.922855111292017e-05,-22.322655290148912,0,2.241992712020874
tcn_transformer_ae,19,1000,0.00011926993568561991,8.025739280919484e-05,9,9,5,8.922855111292017e-05,8.922855111292017e-05,-22.322655290148912,0,0.0003,/home/danderety/Documents/GitHub/TCN_Transformer_anomaly_analizer/outputs/rcaeval/models/tcn_transformer_ae_seed43_best.pt,real_val_plus_val_synthetic,,,,,,,,,,,False,,,False,False,True,False,False,0.05,8.025739280919484e-05,8.025739280919484e-05,True,8.025739280919484e-05,-22.322655290148912,0,2.212580680847168
tcn_transformer_ae,20,1000,0.00010844522607247042,7.24961228115717e-05,9,9,5,8.025739280919484e-05,8.025739280919484e-05,-22.322655290148912,0,0.0003,/home/danderety/Documents/GitHub/TCN_Transformer_anomaly_analizer/outputs/rcaeval/models/tcn_transformer_ae_seed43_best.pt,real_val_plus_val_synthetic,0.28634760705289675,0.9926650366748166,0.44447919924929624,7083.0,21.0,-0.009430136531591415,5.008049011230469,-0.009430136531591417,True,quantile_recall_fpr_tradeoff,True,-0.011350558139383793,-20.36893292351597,True,True,True,True,True,0.05,7.24961228115717e-05,7.24961228115717e-05,True,7.24961228115717e-05,-20.36893292351597,0,51.6595778465271
tcn_transformer_ae,21,1000,9.781497132992271e-05,6.570988103782798e-05,9,9,5,7.24961228115717e-05,7.24961228115717e-05,-20.36893292351597,0,0.0003,/home/danderety/Documents/GitHub/TCN_Transformer_anomaly_analizer/outputs/rcaeval/models/tcn_transformer_ae_seed43_best.pt,real_val_plus_val_synthetic,,,,,,,,,,,False,,,False,False,True,False,False,0.05,6.570988103782798e-05,6.570988103782798e-05,True,6.570988103782798e-05,-20.36893292351597,0,2.2287275791168213
tcn_transformer_ae,22,1000,8.870203252982996e-05,5.974616179509726e-05,9,9,5,6.570988103782798e-05,6.570988103782798e-05,-20.36893292351597,0,0.0003,/home/danderety/Documents/GitHub/TCN_Transformer_anomaly_analizer/outputs/rcaeval/models/tcn_transformer_ae_seed43_best.pt,real_val_plus_val_synthetic,,,,,,,,,,,False,,,False,False,True,False,False,0.05,5.974616179509726e-05,5.974616179509726e-05,True,5.974616179509726e-05,-20.36893292351597,0,2.193164825439453
tcn_transformer_ae,23,1000,8.089209412624452e-05,5.4514323655103396e-05,9,9,5,5.974616179509726e-05,5.974616179509726e-05,-20.36893292351597,0,0.0003,/home/danderety/Documents/GitHub/TCN_Transformer_anomaly_analizer/outputs/rcaeval/models/tcn_transformer_ae_seed43_best.pt,real_val_plus_val_synthetic,,,,,,,,,,,False,,,False,False,True,False,False,0.05,5.4514323655103396e-05,5.4514323655103396e-05,True,5.4514323655103396e-05,-20.36893292351597,0,2.2050983905792236
tcn_transformer_ae,24,1000,7.404270819160561e-05,4.9857397915848594e-05,9,9,5,5.4514323655103396e-05,5.4514323655103396e-05,-20.36893292351597,0,0.0003,/home/danderety/Documents/GitHub/TCN_Transformer_anomaly_analizer/outputs/rcaeval/models/tcn_transformer_ae_seed43_best.pt,real_val_plus_val_synthetic,,,,,,,,,,,False,,,False,False,True,False,False,0.05,4.9857397915848594e-05,4.9857397915848594e-05,True,4.9857397915848594e-05,-20.36893292351597,0,2.2045340538024902
tcn_transformer_ae,25,1000,6.787144459098192e-05,4.5706569598342355e-05,9,9,5,4.9857397915848594e-05,4.9857397915848594e-05,-20.36893292351597,0,0.0003,/home/danderety/Documents/GitHub/TCN_Transformer_anomaly_analizer/outputs/rcaeval/models/tcn_transformer_ae_seed43_best.pt,real_val_plus_val_synthetic,0.2955444513845513,0.991617184771219,0.45536931590344054,6767.0,24.0,-0.009932412765920162,4.9853034019470215,-0.008874522522091867,True,quantile_recall_fpr_tradeoff,True,-0.009430136531591415,-23.323128441854077,False,True,True,False,False,0.05,4.5706569598342355e-05,4.5706569598342355e-05,True,4.5706569598342355e-05,-20.36893292351597,0,50.86262130737305
tcn_transformer_ae,26,1000,6.242123973883598e-05,4.200797953355663e-05,9,9,5,4.5706569598342355e-05,4.5706569598342355e-05,-20.36893292351597,0,0.0003,/home/danderety/Documents/GitHub/TCN_Transformer_anomaly_analizer/outputs/rcaeval/models/tcn_transformer_ae_seed43_best.pt,real_val_plus_val_synthetic,,,,,,,,,,,False,,,False,False,True,False,False,0.05,4.200797953355663e-05,4.200797953355663e-05,True,4.200797953355663e-05,-20.36893292351597,0,2.188788890838623
tcn_transformer_ae,27,1000,5.747210561030838e-05,3.8671643936971165e-05,9,9,5,4.200797953355663e-05,4.200797953355663e-05,-20.36893292351597,0,0.0003,/home/danderety/Documents/GitHub/TCN_Transformer_anomaly_analizer/outputs/rcaeval/models/tcn_transformer_ae_seed43_best.pt,real_val_plus_val_synthetic,,,,,,,,,,,False,,,False,False,True,False,False,0.05,3.8671643936971165e-05,3.8671643936971165e-05,True,3.8671643936971165e-05,-20.36893292351597,0,2.2075254917144775
tcn_transformer_ae,28,1000,5.303369688709095e-05,3.568145937448286e-05,9,9,5,3.8671643936971165e-05,3.8671643936971165e-05,-20.36893292351597,0,0.0003,/home/danderety/Documents/GitHub/TCN_Transformer_anomaly_analizer/outputs/rcaeval/models/tcn_transformer_ae_seed43_best.pt,real_val_plus_val_synthetic,,,,,,,,,,,False,,,False,False,True,False,False,0.05,3.568145937448286e-05,3.568145937448286e-05,True,3.568145937448286e-05,-20.36893292351597,0,2.166322708129883
tcn_transformer_ae,29,1000,4.904448538265728e-05,3.296548588284919e-05,9,9,5,3.568145937448286e-05,3.568145937448286e-05,-20.36893292351597,0,0.0003,/home/danderety/Documents/GitHub/TCN_Transformer_anomaly_analizer/outputs/rcaeval/models/tcn_transformer_ae_seed43_best.pt,real_val_plus_val_synthetic,,,,,,,,,,,False,,,False,False,True,False,False,0.05,3.296548588284919e-05,3.296548588284919e-05,True,3.296548588284919e-05,-20.36893292351597,0,2.1717727184295654
tcn_transformer_ae,30,1000,4.541305628188876e-05,3.0516898159080682e-05,9,9,5,3.296548588284919e-05,3.296548588284919e-05,-20.36893292351597,0,0.0003,/home/danderety/Documents/GitHub/TCN_Transformer_anomaly_analizer/outputs/rcaeval/models/tcn_transformer_ae_seed43_best.pt,real_val_plus_val_synthetic,0.287536701427559,0.9919664687390849,0.44583987441130296,7037.0,23.0,-0.01057017594575882,4.917876243591309,-0.010570175945758821,True,quantile_recall_fpr_tradeoff,True,-0.009932412765920162,-22.363035810030446,False,True,True,False,False,0.05,3.0516898159080682e-05,3.0516898159080682e-05,True,3.0516898159080682e-05,-20.36893292351597,0,48.98882532119751
tcn_transformer_ae,31,1000,4.231921146761717e-05,2.8287490136869525e-05,9,9,5,3.0516898159080682e-05,3.0516898159080682e-05,-20.36893292351597,0,0.0003,/home/danderety/Documents/GitHub/TCN_Transformer_anomaly_analizer/outputs/rcaeval/models/tcn_transformer_ae_seed43_best.pt,real_val_plus_val_synthetic,,,,,,,,,,,False,,,False,False,True,False,False,0.05,2.8287490136869525e-05,2.8287490136869525e-05,True,2.8287490136869525e-05,-20.36893292351597,0,2.131798267364502
tcn_transformer_ae,32,1000,3.9123102594559263e-05,2.6248493253186336e-05,9,9,5,2.8287490136869525e-05,2.8287490136869525e-05,-20.36893292351597,0,0.0003,/home/danderety/Documents/GitHub/TCN_Transformer_anomaly_analizer/outputs/rcaeval/models/tcn_transformer_ae_seed43_best.pt,real_val_plus_val_synthetic,,,,,,,,,,,False,,,False,False,True,False,False,0.05,2.6248493253186336e-05,2.6248493253186336e-05,True,2.6248493253186336e-05,-20.36893292351597,0,2.162748336791992
tcn_transformer_ae,33,1000,3.637714855911959e-05,2.4399091256307894e-05,9,9,5,2.6248493253186336e-05,2.6248493253186336e-05,-20.36893292351597,0,0.0003,/home/danderety/Documents/GitHub/TCN_Transformer_anomaly_analizer/outputs/rcaeval/models/tcn_transformer_ae_seed43_best.pt,real_val_plus_val_synthetic,,,,,,,,,,,False,,,False,False,True,False,False,0.05,2.4399091256307894e-05,2.4399091256307894e-05,True,2.4399091256307894e-05,-20.36893292351597,0,2.1221086978912354
tcn_transformer_ae,34,1000,3.3868847031439856e-05,2.2705937760253185e-05,9,9,5,2.4399091256307894e-05,2.4399091256307894e-05,-20.36893292351597,0,0.0003,/home/danderety/Documents/GitHub/TCN_Transformer_anomaly_analizer/outputs/rcaeval/models/tcn_transformer_ae_seed43_best.pt,real_val_plus_val_synthetic,,,,,,,,,,,False,,,False,False,True,False,False,0.05,2.2705937760253185e-05,2.2705937760253185e-05,True,2.2705937760253185e-05,-20.36893292351597,0,2.1241092681884766
tcn_transformer_ae,35,1000,3.1594313006043315e-05,2.115315739660139e-05,9,9,5,2.2705937760253185e-05,2.2705937760253185e-05,-20.36893292351597,0,0.0003,/home/danderety/Documents/GitHub/TCN_Transformer_anomaly_analizer/outputs/rcaeval/models/tcn_transformer_ae_seed43_best.pt,real_val_plus_val_synthetic,0.2897263071895425,0.9909186168354872,0.4483603318846306,6955.0,26.0,0.0,4.8921098709106445,-5e-324,True,quantile_recall_fpr_tradeoff,True,-0.01057017594575882,-25.35223123678119,False,True,True,False,False,0.05,2.115315739660139e-05,2.115315739660139e-05,True,2.115315739660139e-05,-20.36893292351597,0,49.03650164604187
tcn_transformer_ae,36,1000,2.94639900422898e-05,1.9730994944952926e-05,9,9,5,2.115315739660139e-05,2.115315739660139e-05,-20.36893292351597,0,0.0003,/home/danderety/Documents/GitHub/TCN_Transformer_anomaly_analizer/outputs/rcaeval/models/tcn_transformer_ae_seed43_best.pt,real_val_plus_val_synthetic,,,,,,,,,,,False,,,False,False,True,False,False,0.05,1.9730994944952926e-05,1.9730994944952926e-05,True,1.9730994944952926e-05,-20.36893292351597,0,2.148897647857666
tcn_transformer_ae,37,1000,2.7548949951185772e-05,1.84060519606409e-05,9,9,5,1.9730994944952926e-05,1.9730994944952926e-05,-20.36893292351597,0,0.0003,/home/danderety/Documents/GitHub/TCN_Transformer_anomaly_analizer/outputs/rcaeval/models/tcn_transformer_ae_seed43_best.pt,real_val_plus_val_synthetic,,,,,,,,,,,False,,,False,False,True,False,False,0.05,1.84060519606409e-05,1.84060519606409e-05,True,1.84060519606409e-05,-20.36893292351597,0,2.1961803436279297
tcn_transformer_ae,38,1000,2.6044539066313757e-05,1.720699028935443e-05,9,9,5,1.84060519606409e-05,1.84060519606409e-05,-20.36893292351597,0,0.0003,/home/danderety/Documents/GitHub/TCN_Transformer_anomaly_analizer/outputs/rcaeval/models/tcn_transformer_ae_seed43_best.pt,real_val_plus_val_synthetic,,,,,,,,,,,False,,,False,False,True,False,False,0.05,1.720699028935443e-05,1.720699028935443e-05,True,1.720699028935443e-05,-20.36893292351597,0,2.1673996448516846
tcn_transformer_ae,39,1000,2.4146652223229783e-05,1.6082670022708203e-05,9,9,5,1.720699028935443e-05,1.720699028935443e-05,-20.36893292351597,0,0.0003,/home/danderety/Documents/GitHub/TCN_Transformer_anomaly_analizer/outputs/rcaeval/models/tcn_transformer_ae_seed43_best.pt,real_val_plus_val_synthetic,,,,,,,,,,,False,,,False,False,True,False,False,0.05,1.6082670022708203e-05,1.6082670022708203e-05,True,1.6082670022708203e-05,-20.36893292351597,0,2.148824691772461
tcn_transformer_ae,40,1000,2.255064492087315e-05,1.5048164809543422e-05,9,9,5,1.6082670022708203e-05,1.6082670022708203e-05,-20.36893292351597,0,0.0003,/home/danderety/Documents/GitHub/TCN_Transformer_anomaly_analizer/outputs/rcaeval/models/tcn_transformer_ae_seed43_best.pt,real_val_plus_val_synthetic,0.3197248223750987,0.9902200488997555,0.4833759590792839,6032.0,28.0,-0.0003557831805665046,4.76112699508667,-0.00035578318056650465,True,quantile_recall_fpr_tradeoff,True,0.0,-27.212872638885646,False,True,True,False,False,0.05,1.5048164809543422e-05,1.5048164809543422e-05,True,1.5048164809543422e-05,-20.36893292351597,0,49.871580600738525
tcn_transformer_ae,41,1000,2.132289603690404e-05,1.409278294649203e-05,9,9,5,1.5048164809543422e-05,1.5048164809543422e-05,-20.36893292351597,0,0.0003,/home/danderety/Documents/GitHub/TCN_Transformer_anomaly_analizer/outputs/rcaeval/models/tcn_transformer_ae_seed43_best.pt,real_val_plus_val_synthetic,,,,,,,,,,,False,,,False,False,True,False,False,0.05,1.409278294649203e-05,1.409278294649203e-05,True,1.409278294649203e-05,-20.36893292351597,0,2.1521077156066895
tcn_transformer_ae,42,1000,1.9825254402467575e-05,1.3219172368063363e-05,9,9,5,1.409278294649203e-05,1.409278294649203e-05,-20.36893292351597,0,0.0003,/home/danderety/Documents/GitHub/TCN_Transformer_anomaly_analizer/outputs/rcaeval/models/tcn_transformer_ae_seed43_best.pt,real_val_plus_val_synthetic,,,,,,,,,,,False,,,False,False,True,False,False,0.05,1.3219172368063363e-05,1.3219172368063363e-05,True,1.3219172368063363e-05,-20.36893292351597,0,2.1805388927459717
tcn_transformer_ae,43,1000,1.8616041742184873e-05,1.2398520707195175e-05,9,9,5,1.3219172368063363e-05,1.3219172368063363e-05,-20.36893292351597,0,0.0003,/home/danderety/Documents/GitHub/TCN_Transformer_anomaly_analizer/outputs/rcaeval/models/tcn_transformer_ae_seed43_best.pt,real_val_plus_val_synthetic,,,,,,,,,,,False,,,False,False,True,False,False,0.05,1.2398520707195175e-05,1.2398520707195175e-05,True,1.2398520707195175e-05,-20.36893292351597,0,2.2498908042907715
tcn_transformer_ae,44,1000,1.749871658712041e-05,1.163601140156654e-05,9,9,5,1.2398520707195175e-05,1.2398520707195175e-05,-20.36893292351597,0,0.0003,/home/danderety/Documents/GitHub/TCN_Transformer_anomaly_analizer/outputs/rcaeval/models/tcn_transformer_ae_seed43_best.pt,real_val_plus_val_synthetic,,,,,,,,,,,False,,,False,False,True,False,False,0.05,1.163601140156654e-05,1.163601140156654e-05,True,1.163601140156654e-05,-20.36893292351597,0,2.172609806060791
tcn_transformer_ae,45,1000,1.651677359365314e-05,1.09343206986523e-05,9,9,5,1.163601140156654e-05,1.163601140156654e-05,-20.36893292351597,0,0.0003,/home/danderety/Documents/GitHub/TCN_Transformer_anomaly_analizer/outputs/rcaeval/models/tcn_transformer_ae_seed43_best.pt,real_val_plus_val_synthetic,0.29699759389057434,0.991617184771219,0.45709225567541456,6720.0,24.0,-0.0009685367695055902,4.790345764160158,-0.0009657306945882739,True,quantile_recall_fpr_tradeoff,True,-0.0003557831805665046,-23.316056691338957,False,True,True,False,False,0.05,1.09343206986523e-05,1.09343206986523e-05,True,1.09343206986523e-05,-20.36893292351597,0,46.64218282699585
tcn_transformer_ae,46,1000,1.550480285162769e-05,1.0267096790219354e-05,9,9,5,1.09343206986523e-05,1.09343206986523e-05,-20.36893292351597,0,0.0003,/home/danderety/Documents/GitHub/TCN_Transformer_anomaly_analizer/outputs/rcaeval/models/tcn_transformer_ae_seed43_best.pt,real_val_plus_val_synthetic,,,,,,,,,,,False,,,False,False,True,False,False,0.05,1.0267096790219354e-05,1.0267096790219354e-05,True,1.0267096790219354e-05,-20.36893292351597,0,2.1304945945739746
tcn_transformer_ae,47,1000,1.4622978764948684e-05,9.651727178488331e-06,9,9,5,1.0267096790219354e-05,1.0267096790219354e-05,-20.36893292351597,0,0.0003,/home/danderety/Documents/GitHub/TCN_Transformer_anomaly_analizer/outputs/rcaeval/models/tcn_transformer_ae_seed43_best.pt,real_val_plus_val_synthetic,,,,,,,,,,,False,,,False,False,True,False,False,0.05,9.651727178488331e-06,9.651727178488331e-06,True,9.651727178488331e-06,-20.36893292351597,0,2.126030206680298
tcn_transformer_ae,48,1000,1.3693822013564109e-05,9.079471535345794e-06,9,9,5,9.651727178488331e-06,9.651727178488331e-06,-20.36893292351597,0,0.0003,/home/danderety/Documents/GitHub/TCN_Transformer_anomaly_analizer/outputs/rcaeval/models/tcn_transformer_ae_seed43_best.pt,real_val_plus_val_synthetic,,,,,,,,,,,False,,,False,False,True,False,False,0.05,9.079471535345794e-06,9.079471535345794e-06,True,9.079471535345794e-06,-20.36893292351597,0,2.119596481323242
tcn_transformer_ae,49,1000,1.289924756272977e-05,8.535613005733467e-06,9,9,5,9.079471535345794e-06,9.079471535345794e-06,-20.36893292351597,0,0.0003,/home/danderety/Documents/GitHub/TCN_Transformer_anomaly_analizer/outputs/rcaeval/models/tcn_transformer_ae_seed43_best.pt,real_val_plus_val_synthetic,,,,,,,,,,,False,,,False,False,True,False,False,0.05,8.535613005733467e-06,8.535613005733467e-06,True,8.535613005733467e-06,-20.36893292351597,0,2.127546548843384
tcn_transformer_ae,50,1000,1.2157187701750841e-05,8.04232328609151e-06,9,9,5,8.535613005733467e-06,8.535613005733467e-06,-20.36893292351597,0,0.0003,/home/danderety/Documents/GitHub/TCN_Transformer_anomaly_analizer/outputs/rcaeval/models/tcn_transformer_ae_seed43_best.pt,real_val_plus_val_synthetic,0.28630454499647284,0.9923157527069507,0.44439230408259034,7082.0,22.0,-0.005187803413718939,4.858490467071533,-0.002645530039444566,True,quantile_recall_fpr_tradeoff,True,-0.0009685367695055902,-21.369255298166646,False,True,True,False,False,0.05,8.04232328609151e-06,8.04232328609151e-06,True,8.04232328609151e-06,-20.36893292351597,0,48.02783751487732
tcn_transformer_ae,51,1000,1.146620857268673e-05,7.5773633724289224e-06,9,9,5,8.04232328609151e-06,8.04232328609151e-06,-20.36893292351597,0,0.0003,/home/danderety/Documents/GitHub/TCN_Transformer_anomaly_analizer/outputs/rcaeval/models/tcn_transformer_ae_seed43_best.pt,real_val_plus_val_synthetic,,,,,,,,,,,False,,,False,False,True,False,False,0.05,7.5773633724289224e-06,7.5773633724289224e-06,True,7.5773633724289224e-06,-20.36893292351597,0,2.1251347064971924
tcn_transformer_ae,52,1000,1.0888174667501437e-05,7.127351192020401e-06,9,9,5,7.5773633724289224e-06,7.5773633724289224e-06,-20.36893292351597,0,0.0003,/home/danderety/Documents/GitHub/TCN_Transformer_anomaly_analizer/outputs/rcaeval/models/tcn_transformer_ae_seed43_best.pt,real_val_plus_val_synthetic,,,,,,,,,,,False,,,False,False,True,False,False,0.05,7.127351192020401e-06,7.127351192020401e-06,True,7.127351192020401e-06,-20.36893292351597,0,2.1768271923065186
tcn_transformer_ae,53,1000,1.0205727261089361e-05,6.735022699776101e-06,9,9,5,7.127351192020401e-06,7.127351192020401e-06,-20.36893292351597,0,0.0003,/home/danderety/Documents/GitHub/TCN_Transformer_anomaly_analizer/outputs/rcaeval/models/tcn_transformer_ae_seed43_best.pt,real_val_plus_val_synthetic,,,,,,,,,,,False,,,False,False,True,False,False,0.05,6.735022699776101e-06,6.735022699776101e-06,True,6.735022699776101e-06,-20.36893292351597,0,2.1731984615325928
tcn_transformer_ae,54,1000,9.635007789098461e-06,6.355993323465911e-06,9,9,5,6.735022699776101e-06,6.735022699776101e-06,-20.36893292351597,0,0.0003,/home/danderety/Documents/GitHub/TCN_Transformer_anomaly_analizer/outputs/rcaeval/models/tcn_transformer_ae_seed43_best.pt,real_val_plus_val_synthetic,,,,,,,,,,,False,,,False,False,True,False,False,0.05,6.355993323465911e-06,6.355993323465911e-06,True,6.355993323465911e-06,-20.36893292351597,0,2.1716134548187256
tcn_transformer_ae,55,1000,9.094433069193379e-06,6.003331814890376e-06,9,9,5,6.355993323465911e-06,6.355993323465911e-06,-20.36893292351597,0,0.0003,/home/danderety/Documents/GitHub/TCN_Transformer_anomaly_analizer/outputs/rcaeval/models/tcn_transformer_ae_seed43_best.pt,real_val_plus_val_synthetic,0.3003174603174603,0.9912679008033531,0.46097620401201983,6612.0,25.0,0.0,4.741760730743408,-5e-324,True,quantile_recall_fpr_tradeoff,True,-0.005187803413718939,-24.30023114270938,False,True,True,False,False,0.05,6.003331814890376e-06,6.003331814890376e-06,True,6.003331814890376e-06,-20.36893292351597,0,45.82464003562927
tcn_transformer_ae,56,1000,8.595246843311623e-06,5.6606863342059786e-06,9,9,5,6.003331814890376e-06,6.003331814890376e-06,-20.36893292351597,0,0.0003,/home/danderety/Documents/GitHub/TCN_Transformer_anomaly_analizer/outputs/rcaeval/models/tcn_transformer_ae_seed43_best.pt,real_val_plus_val_synthetic,,,,,,,,,,,False,,,False,False,True,False,False,0.05,5.6606863342059786e-06,5.6606863342059786e-06,True,5.6606863342059786e-06,-20.36893292351597,0,2.1504428386688232
tcn_transformer_ae,57,1000,8.13341852750929e-06,5.341391902615926e-06,9,9,5,5.6606863342059786e-06,5.6606863342059786e-06,-20.36893292351597,0,0.0003,/home/danderety/Documents/GitHub/TCN_Transformer_anomaly_analizer/outputs/rcaeval/models/tcn_transformer_ae_seed43_best.pt,real_val_plus_val_synthetic,,,,,,,,,,,False,,,False,False,True,False,False,0.05,5.341391902615926e-06,5.341391902615926e-06,True,5.341391902615926e-06,-20.36893292351597,0,2.2111077308654785
tcn_transformer_ae,58,1000,7.675737927694053e-06,5.054391675437965e-06,9,9,5,5.341391902615926e-06,5.341391902615926e-06,-20.36893292351597,0,0.0003,/home/danderety/Documents/GitHub/TCN_Transformer_anomaly_analizer/outputs/rcaeval/models/tcn_transformer_ae_seed43_best.pt,real_val_plus_val_synthetic,,,,,,,,,,,False,,,False,False,True,False,False,0.05,5.054391675437965e-06,5.054391675437965e-06,True,5.054391675437965e-06,-20.36893292351597,0,2.2110140323638916
tcn_transformer_ae,59,1000,7.30452222302594e-06,4.7614295770314206e-06,9,9,5,5.054391675437965e-06,5.054391675437965e-06,-20.36893292351597,0,0.0003,/home/danderety/Documents/GitHub/TCN_Transformer_anomaly_analizer/outputs/rcaeval/models/tcn_transformer_ae_seed43_best.pt,real_val_plus_val_synthetic,,,,,,,,,,,False,,,False,False,True,False,False,0.05,4.7614295770314206e-06,4.7614295770314206e-06,True,4.7614295770314206e-06,-20.36893292351597,0,2.149592399597168
tcn_transformer_ae,60,1000,6.859754485642201e-06,4.514490713162282e-06,9,9,5,4.7614295770314206e-06,4.7614295770314206e-06,-20.36893292351597,0,0.0003,/home/danderety/Documents/GitHub/TCN_Transformer_anomaly_analizer/outputs/rcaeval/models/tcn_transformer_ae_seed43_best.pt,real_val_plus_val_synthetic,0.253167922020381,0.9979042961928047,0.4038733389878428,8428.0,6.0,-0.020489096641540527,3.785141372680669,-0.018626451492309574,True,quantile_recall_fpr_tradeoff,True,0.0,-5.557366555100449,True,True,True,True,True,0.05,4.514490713162282e-06,4.514490713162282e-06,True,4.514490713162282e-06,-5.557366555100449,0,44.277570962905884
tcn_transformer_ae,61,1000,6.489492079708725e-06,4.244428957324841e-06,9,9,5,4.514490713162282e-06,4.514490713162282e-06,-5.557366555100449,0,0.0003,/home/danderety/Documents/GitHub/TCN_Transformer_anomaly_analizer/outputs/rcaeval/models/tcn_transformer_ae_seed43_best.pt,real_val_plus_val_synthetic,,,,,,,,,,,False,,,False,False,True,False,False,0.05,4.244428957324841e-06,4.244428957324841e-06,True,4.244428957324841e-06,-5.557366555100449,0,2.2519936561584473
tcn_transformer_ae,62,1000,6.142945108956115e-06,4.01935776163436e-06,9,9,5,4.244428957324841e-06,4.244428957324841e-06,-5.557366555100449,0,0.0003,/home/danderety/Documents/GitHub/TCN_Transformer_anomaly_analizer/outputs/rcaeval/models/tcn_transformer_ae_seed43_best.pt,real_val_plus_val_synthetic,,,,,,,,,,,False,,,False,False,True,False,False,0.05,4.01935776163436e-06,4.01935776163436e-06,True,4.01935776163436e-06,-5.557366555100449,0,2.217801570892334
tcn_transformer_ae,63,1000,5.835909657593141e-06,3.7887378376264835e-06,9,9,5,4.01935776163436e-06,4.01935776163436e-06,-5.557366555100449,0,0.0003,/home/danderety/Documents/GitHub/TCN_Transformer_anomaly_analizer/outputs/rcaeval/models/tcn_transformer_ae_seed43_best.pt,real_val_plus_val_synthetic,,,,,,,,,,,False,,,False,False,True,False,False,0.05,3.7887378376264835e-06,3.7887378376264835e-06,True,3.7887378376264835e-06,-5.557366555100449,0,2.221285820007324
tcn_transformer_ae,64,1000,5.5287759363162205e-06,3.6029729788266276e-06,9,9,5,3.7887378376264835e-06,3.7887378376264835e-06,-5.557366555100449,0,0.0003,/home/danderety/Documents/GitHub/TCN_Transformer_anomaly_analizer/outputs/rcaeval/models/tcn_transformer_ae_seed43_best.pt,real_val_plus_val_synthetic,,,,,,,,,,,False,,,False,False,True,False,False,0.05,3.6029729788266276e-06,3.6029729788266276e-06,True,3.6029729788266276e-06,-5.557366555100449,0,2.24011492729187
tcn_transformer_ae,65,1000,5.209597277470216e-06,3.376349992401589e-06,9,9,5,3.6029729788266276e-06,3.6029729788266276e-06,-5.557366555100449,0,0.0003,/home/danderety/Documents/GitHub/TCN_Transformer_anomaly_analizer/outputs/rcaeval/models/tcn_transformer_ae_seed43_best.pt,real_val_plus_val_synthetic,0.28691258211217785,0.991617184771219,0.4450540837121806,7056.0,24.0,-0.003725290298461914,2.8861522674560547,-0.0037252902984619145,True,quantile_recall_fpr_tradeoff,True,-0.020489096641540527,-23.366333169891472,False,True,True,False,False,0.05,3.376349992401589e-06,3.376349992401589e-06,True,3.376349992401589e-06,-5.557366555100449,0,45.01609468460083
tcn_transformer_ae,66,1000,4.936014153392297e-06,3.219795510868489e-06,9,9,5,3.376349992401589e-06,3.376349992401589e-06,-5.557366555100449,0,0.0003,/home/danderety/Documents/GitHub/TCN_Transformer_anomaly_analizer/outputs/rcaeval/models/tcn_transformer_ae_seed43_best.pt,real_val_plus_val_synthetic,,,,,,,,,,,False,,,False,False,True,False,False,0.05,3.219795510868489e-06,3.219795510868489e-06,True,3.219795510868489e-06,-5.557366555100449,0,2.194451093673706
tcn_transformer_ae,67,1000,4.673362176934303e-06,3.0476526732222142e-06,9,9,5,3.219795510868489e-06,3.219795510868489e-06,-5.557366555100449,0,0.0003,/home/danderety/Documents/GitHub/TCN_Transformer_anomaly_analizer/outputs/rcaeval/models/tcn_transformer_ae_seed43_best.pt,real_val_plus_val_synthetic,,,,,,,,,,,False,,,False,False,True,False,False,0.05,3.0476526732222142e-06,3.0476526732222142e-06,True,3.0476526732222142e-06,-5.557366555100449,0,2.202564001083374
tcn_transformer_ae,68,1000,4.426478325137356e-06,2.878870549486e-06,9,9,5,3.0476526732222142e-06,3.0476526732222142e-06,-5.557366555100449,0,0.0003,/home/danderety/Documents/GitHub/TCN_Transformer_anomaly_analizer/outputs/rcaeval/models/tcn_transformer_ae_seed43_best.pt,real_val_plus_val_synthetic,,,,,,,,,,,False,,,False,False,True,False,False,0.05,2.878870549486e-06,2.878870549486e-06,True,2.878870549486e-06,-5.557366555100449,0,2.2400500774383545
tcn_transformer_ae,69,1000,4.196161598982776e-06,2.7138825237710513e-06,9,9,5,2.878870549486e-06,2.878870549486e-06,-5.557366555100449,0,0.0003,/home/danderety/Documents/GitHub/TCN_Transformer_anomaly_analizer/outputs/rcaeval/models/tcn_transformer_ae_seed43_best.pt,real_val_plus_val_synthetic,,,,,,,,,,,False,,,False,False,True,False,False,0.05,2.7138825237710513e-06,2.7138825237710513e-06,True,2.7138825237710513e-06,-5.557366555100449,0,2.208791732788086
tcn_transformer_ae,70,1000,3.996292449577911e-06,2.5949369160116476e-06,9,9,5,2.7138825237710513e-06,2.7138825237710513e-06,-5.557366555100449,0,0.0003,/home/danderety/Documents/GitHub/TCN_Transformer_anomaly_analizer/outputs/rcaeval/models/tcn_transformer_ae_seed43_best.pt,real_val_plus_val_synthetic,0.2792207792207792,0.9912679008033531,0.4357104475320488,7326.0,25.0,-0.002496335655450821,2.15134596824646,-0.0018626451492309572,True,quantile_recall_fpr_tradeoff,True,-0.003725290298461914,-24.40675330069157,False,True,True,False,False,0.05,2.5949369160116476e-06,2.5949369160116476e-06,True,2.5949369160116476e-06,-5.557366555100449,0,40.15171241760254
tcn_transformer_ae,71,1000,3.7896918530824895e-06,2.4479392416888794e-06,9,9,5,2.5949369160116476e-06,2.5949369160116476e-06,-5.557366555100449,0,0.0003,/home/danderety/Documents/GitHub/TCN_Transformer_anomaly_analizer/outputs/rcaeval/models/tcn_transformer_ae_seed43_best.pt,real_val_plus_val_synthetic,,,,,,,,,,,False,,,False,False,True,False,False,0.05,2.4479392416888794e-06,2.4479392416888794e-06,True,2.4479392416888794e-06,-5.557366555100449,0,2.1714556217193604
tcn_transformer_ae,72,1000,3.570390091404672e-06,2.2933794303239465e-06,9,9,5,2.4479392416888794e-06,2.4479392416888794e-06,-5.557366555100449,0,0.0003,/home/danderety/Documents/GitHub/TCN_Transformer_anomaly_analizer/outputs/rcaeval/models/tcn_transformer_ae_seed43_best.pt,real_val_plus_val_synthetic,,,,,,,,,,,False,,,False,False,True,False,False,0.05,2.2933794303239465e-06,2.2933794303239465e-06,True,2.2933794303239465e-06,-5.557366555100449,0,2.1867218017578125
tcn_transformer_ae,73,1000,3.386859431054251e-06,2.2125888639710984e-06,9,9,5,2.2933794303239465e-06,2.2933794303239465e-06,-5.557366555100449,0,0.0003,/home/danderety/Documents/GitHub/TCN_Transformer_anomaly_analizer/outputs/rcaeval/models/tcn_transformer_ae_seed43_best.pt,real_val_plus_val_synthetic,,,,,,,,,,,False,,,False,False,True,False,False,0.05,2.2125888639710984e-06,2.2125888639710984e-06,True,2.2125888639710984e-06,-5.557366555100449,0,2.2098002433776855
tcn_transformer_ae,74,1000,3.226684713275102e-06,2.05270868283823e-06,9,9,5,2.2125888639710984e-06,2.2125888639710984e-06,-5.557366555100449,0,0.0003,/home/danderety/Documents/GitHub/TCN_Transformer_anomaly_analizer/outputs/rcaeval/models/tcn_transformer_ae_seed43_best.pt,real_val_plus_val_synthetic,,,,,,,,,,,False,,,False,False,True,False,False,0.05,2.05270868283823e-06,2.05270868283823e-06,True,2.05270868283823e-06,-5.557366555100449,0,2.2050788402557373
tcn_transformer_ae,75,1000,3.050344814611257e-06,1.946577050968857e-06,9,9,5,2.05270868283823e-06,2.05270868283823e-06,-5.557366555100449,0,0.0003,/home/danderety/Documents/GitHub/TCN_Transformer_anomaly_analizer/outputs/rcaeval/models/tcn_transformer_ae_seed43_best.pt,real_val_plus_val_synthetic,0.2872855701311806,0.994411456514146,0.4457840757848587,7063.0,16.0,0.0,1.6689248085021973,-5e-324,True,quantile_recall_fpr_tradeoff,True,-0.002496335655450821,-15.363605537463144,False,True,True,False,False,0.05,1.946577050968857e-06,1.946577050968857e-06,True,1.946577050968857e-06,-5.557366555100449,0,38.103590965270996
tcn_transformer_ae,76,1000,2.8859764637198406e-06,1.8477721761942318e-06,9,9,5,1.946577050968857e-06,1.946577050968857e-06,-5.557366555100449,0,0.0003,/home/danderety/Documents/GitHub/TCN_Transformer_anomaly_analizer/outputs/rcaeval/models/tcn_transformer_ae_seed43_best.pt,real_val_plus_val_synthetic,,,,,,,,,,,False,,,False,False,True,False,False,0.05,1.8477721761942318e-06,1.8477721761942318e-06,True,1.8477721761942318e-06,-5.557366555100449,0,2.2242867946624756
tcn_transformer_ae,77,1000,2.736044361585221e-06,1.7507280967552303e-06,9,9,5,1.8477721761942318e-06,1.8477721761942318e-06,-5.557366555100449,0,0.0003,/home/danderety/Documents/GitHub/TCN_Transformer_anomaly_analizer/outputs/rcaeval/models/tcn_transformer_ae_seed43_best.pt,real_val_plus_val_synthetic,,,,,,,,,,,False,,,False,False,True,False,False,0.05,1.7507280967552303e-06,1.7507280967552303e-06,True,1.7507280967552303e-06,-5.557366555100449,0,2.228243827819824
tcn_transformer_ae,78,1000,2.595847003862139e-06,1.6619993185367607e-06,9,9,5,1.7507280967552303e-06,1.7507280967552303e-06,-5.557366555100449,0,0.0003,/home/danderety/Documents/GitHub/TCN_Transformer_anomaly_analizer/outputs/rcaeval/models/tcn_transformer_ae_seed43_best.pt,real_val_plus_val_synthetic,,,,,,,,,,,False,,,False,False,True,False,False,0.05,1.6619993185367607e-06,1.6619993185367607e-06,True,1.6619993185367607e-06,-5.557366555100449,0,2.2500264644622803
tcn_transformer_ae,79,1000,2.4762808735708264e-06,1.5920169969179014e-06,9,9,5,1.6619993185367607e-06,1.6619993185367607e-06,-5.557366555100449,0,0.0003,/home/danderety/Documents/GitHub/TCN_Transformer_anomaly_analizer/outputs/rcaeval/models/tcn_transformer_ae_seed43_best.pt,real_val_plus_val_synthetic,,,,,,,,,,,False,,,False,False,True,False,False,0.05,1.5920169969179014e-06,1.5920169969179014e-06,True,1.5920169969179014e-06,-5.557366555100449,0,2.171510934829712
tcn_transformer_ae,80,1000,2.334888548553547e-06,1.5208434658491214e-06,9,9,5,1.5920169969179014e-06,1.5920169969179014e-06,-5.557366555100449,0,0.0003,/home/danderety/Documents/GitHub/TCN_Transformer_anomaly_analizer/outputs/rcaeval/models/tcn_transformer_ae_seed43_best.pt,real_val_plus_val_synthetic,0.3087723117109273,0.9909186168354872,0.47083229607501453,6351.0,26.0,-0.0009310952154919505,1.237908554077149,-0.0009310952154919506,True,quantile_recall_fpr_tradeoff,True,0.0,-25.26102136431722,False,True,True,False,False,0.05,1.5208434658491214e-06,1.5208434658491214e-06,True,1.5208434658491214e-06,-5.557366555100449,0,37.08719205856323
tcn_transformer_ae,81,1000,2.220378309195202e-06,1.453400667218296e-06,9,9,5,1.5208434658491214e-06,1.5208434658491214e-06,-5.557366555100449,0,0.0003,/home/danderety/Documents/GitHub/TCN_Transformer_anomaly_analizer/outputs/rcaeval/models/tcn_transformer_ae_seed43_best.pt,real_val_plus_val_synthetic,,,,,,,,,,,False,,,False,False,True,False,False,0.05,1.453400667218296e-06,1.453400667218296e-06,True,1.453400667218296e-06,-5.557366555100449,0,2.150573253631592
tcn_transformer_ae,82,1000,2.1014461622045295e-06,1.3596737287373444e-06,9,9,5,1.453400667218296e-06,1.453400667218296e-06,-5.557366555100449,0,0.0003,/home/danderety/Documents/GitHub/TCN_Transformer_anomaly_analizer/outputs/rcaeval/models/tcn_transformer_ae_seed43_best.pt,real_val_plus_val_synthetic,,,,,,,,,,,False,,,False,False,True,False,False,0.05,1.3596737287373444e-06,1.3596737287373444e-06,True,1.3596737287373444e-06,-5.557366555100449,0,2.1651434898376465
tcn_transformer_ae,83,1000,1.9944424682604302e-06,1.2817281680841204e-06,9,9,5,1.3596737287373444e-06,1.3596737287373444e-06,-5.557366555100449,0,0.0003,/home/danderety/Documents/GitHub/TCN_Transformer_anomaly_analizer/outputs/rcaeval/models/tcn_transformer_ae_seed43_best.pt,real_val_plus_val_synthetic,,,,,,,,,,,False,,,False,False,True,False,False,0.05,1.2817281680841204e-06,1.2817281680841204e-06,True,1.2817281680841204e-06,-5.557366555100449,0,2.1642963886260986
tcn_transformer_ae,84,1000,1.894069986687812e-06,1.2107015883746341e-06,9,9,5,1.2817281680841204e-06,1.2817281680841204e-06,-5.557366555100449,0,0.0003,/home/danderety/Documents/GitHub/TCN_Transformer_anomaly_analizer/outputs/rcaeval/models/tcn_transformer_ae_seed43_best.pt,real_val_plus_val_synthetic,,,,,,,,,,,False,,,False,False,True,False,False,0.05,1.2107015883746341e-06,1.2107015883746341e-06,True,1.2107015883746341e-06,-5.557366555100449,0,2.158846378326416
tcn_transformer_ae,85,1000,1.7978047646525026e-06,1.1394366209594369e-06,9,9,5,1.2107015883746341e-06,1.2107015883746341e-06,-5.557366555100449,0,0.0003,/home/danderety/Documents/GitHub/TCN_Transformer_anomaly_analizer/outputs/rcaeval/models/tcn_transformer_ae_seed43_best.pt,real_val_plus_val_synthetic,0.26661051843533595,0.9951100244498777,0.4205476418923906,7837.0,14.0,-0.0013969838619232178,1.0002386569976807,-0.0009313225746154786,True,quantile_recall_fpr_tradeoff,True,-0.0009310952154919505,-13.4762280739559,False,True,True,False,False,0.05,1.1394366209594369e-06,1.1394366209594369e-06,True,1.1394366209594369e-06,-5.557366555100449,0,35.76132941246033
tcn_transformer_ae,86,1000,1.7088215491125796e-06,1.0614059762118537e-06,9,9,5,1.1394366209594369e-06,1.1394366209594369e-06,-5.557366555100449,0,0.0003,/home/danderety/Documents/GitHub/TCN_Transformer_anomaly_analizer/outputs/rcaeval/models/tcn_transformer_ae_seed43_best.pt,real_val_plus_val_synthetic,,,,,,,,,,,False,,,False,False,True,False,False,0.05,1.0614059762118537e-06,1.0614059762118537e-06,True,1.0614059762118537e-06,-5.557366555100449,0,2.1859679222106934
tcn_transformer_ae,87,1000,1.65724036773811e-06,1.0333136521506712e-06,9,9,5,1.0614059762118537e-06,1.0614059762118537e-06,-5.557366555100449,0,0.0003,/home/danderety/Documents/GitHub/TCN_Transformer_anomaly_analizer/outputs/rcaeval/models/tcn_transformer_ae_seed43_best.pt,real_val_plus_val_synthetic,,,,,,,,,,,False,,,False,False,True,False,False,0.05,1.0333136521506712e-06,1.0333136521506712e-06,True,1.0333136521506712e-06,-5.557366555100449,0,2.205014228820801
tcn_transformer_ae,88,1000,1.5801328187159884e-06,9.84275721951077e-07,9,9,5,1.0333136521506712e-06,1.0333136521506712e-06,-5.557366555100449,0,0.0003,/home/danderety/Documents/GitHub/TCN_Transformer_anomaly_analizer/outputs/rcaeval/models/tcn_transformer_ae_seed43_best.pt,real_val_plus_val_synthetic,,,,,,,,,,,False,,,False,False,True,False,False,0.05,9.84275721951077e-07,9.84275721951077e-07,True,9.84275721951077e-07,-5.557366555100449,0,2.2087607383728027
tcn_transformer_ae,89,1000,1.459568611904694e-06,9.39221286483624e-07,9,9,5,9.84275721951077e-07,9.84275721951077e-07,-5.557366555100449,0,0.0003,/home/danderety/Documents/GitHub/TCN_Transformer_anomaly_analizer/outputs/rcaeval/models/tcn_transformer_ae_seed43_best.pt,real_val_plus_val_synthetic,,,,,,,,,,,False,,,False,False,True,False,False,0.05,9.39221286483624e-07,9.39221286483624e-07,True,9.39221286483624e-07,-5.557366555100449,0,2.2409698963165283
tcn_transformer_ae,90,1000,1.3848346315092426e-06,9.040079630573888e-07,9,9,5,9.39221286483624e-07,9.39221286483624e-07,-5.557366555100449,0,0.0003,/home/danderety/Documents/GitHub/TCN_Transformer_anomaly_analizer/outputs/rcaeval/models/tcn_transformer_ae_seed43_best.pt,real_val_plus_val_synthetic,0.28320702034303946,0.9919664687390849,0.4406174850671011,7188.0,23.0,-0.0009313225746154785,0.704078733921051,-0.0009313225746154786,True,quantile_recall_fpr_tradeoff,True,-0.0013969838619232178,-22.385442676443045,False,True,True,False,False,0.05,9.040079630573888e-07,9.040079630573888e-07,True,9.040079630573888e-07,-5.557366555100449,0,31.64406156539917
tcn_transformer_ae,91,1000,1.3167630767008591e-06,8.67090027218578e-07,9,9,5,9.040079630573888e-07,9.040079630573888e-07,-5.557366555100449,0,0.0003,/home/danderety/Documents/GitHub/TCN_Transformer_anomaly_analizer/outputs/rcaeval/models/tcn_transformer_ae_seed43_best.pt,real_val_plus_val_synthetic,,,,,,,,,,,False,,,False,False,True,False,False,0.05,8.67090027218578e-07,8.67090027218578e-07,True,8.67090027218578e-07,-5.557366555100449,0,2.1576027870178223
tcn_transformer_ae,92,1000,1.2468379914618866e-06,7.965128126532205e-07,9,9,5,8.67090027218578e-07,8.67090027218578e-07,-5.557366555100449,0,0.0003,/home/danderety/Documents/GitHub/TCN_Transformer_anomaly_analizer/outputs/rcaeval/models/tcn_transformer_ae_seed43_best.pt,real_val_plus_val_synthetic,,,,,,,,,,,False,,,False,False,True,False,False,0.05,7.965128126532205e-07,7.965128126532205e-07,True,7.965128126532205e-07,-5.557366555100449,0,2.1625618934631348
tcn_transformer_ae,93,1000,1.1831388936007383e-06,7.546480022908683e-07,9,9,5,7.965128126532205e-07,7.965128126532205e-07,-5.557366555100449,0,0.0003,/home/danderety/Documents/GitHub/TCN_Transformer_anomaly_analizer/outputs/rcaeval/models/tcn_transformer_ae_seed43_best.pt,real_val_plus_val_synthetic,,,,,,,,,,,False,,,False,False,True,False,False,0.05,7.546480022908683e-07,7.546480022908683e-07,True,7.546480022908683e-07,-5.557366555100449,0,2.1503665447235107
tcn_transformer_ae,94,1000,1.124519880961642e-06,6.979120032808525e-07,9,9,5,7.546480022908683e-07,7.546480022908683e-07,-5.557366555100449,0,0.0003,/home/danderety/Documents/GitHub/TCN_Transformer_anomaly_analizer/outputs/rcaeval/models/tcn_transformer_ae_seed43_best.pt,real_val_plus_val_synthetic,,,,,,,,,,,False,,,False,False,True,False,False,0.05,6.979120032808525e-07,6.979120032808525e-07,True,6.979120032808525e-07,-5.557366555100449,0,2.158308982849121
tcn_transformer_ae,95,1000,1.072277306637103e-06,6.564751256222656e-07,9,9,5,6.979120032808525e-07,6.979120032808525e-07,-5.557366555100449,0,0.0003,/home/danderety/Documents/GitHub/TCN_Transformer_anomaly_analizer/outputs/rcaeval/models/tcn_transformer_ae_seed43_best.pt,real_val_plus_val_synthetic,0.2566132805470578,0.9961578763534754,0.4080990198182729,8262.0,11.0,-0.011175870895385742,0.5960456728935242,-0.005587935447692872,True,quantile_recall_fpr_tradeoff,True,-0.0009313225746154785,-10.535995749782503,False,True,True,False,False,0.05,6.564751256222656e-07,6.564751256222656e-07,True,6.564751256222656e-07,-5.557366555100449,0,27.40976595878601
tcn_transformer_ae,96,1000,1.017301834810061e-06,6.12263450682843e-07,9,9,5,6.564751256222656e-07,6.564751256222656e-07,-5.557366555100449,0,0.0003,/home/danderety/Documents/GitHub/TCN_Transformer_anomaly_analizer/outputs/rcaeval/models/tcn_transformer_ae_seed43_best.pt,real_val_plus_val_synthetic,,,,,,,,,,,False,,,False,False,True,False,False,0.05,6.12263450682843e-07,6.12263450682843e-07,True,6.12263450682843e-07,-5.557366555100449,0,2.1620371341705322
tcn_transformer_ae,97,1000,9.691670927820624e-07,5.905019854733086e-07,9,9,5,6.12263450682843e-07,6.12263450682843e-07,-5.557366555100449,0,0.0003,/home/danderety/Documents/GitHub/TCN_Transformer_anomaly_analizer/outputs/rcaeval/models/tcn_transformer_ae_seed43_best.pt,real_val_plus_val_synthetic,,,,,,,,,,,False,,,False,False,True,False,False,0.05,5.905019854733086e-07,5.905019854733086e-07,True,5.905019854733086e-07,-5.557366555100449,0,2.1482460498809814
tcn_transformer_ae,98,1000,9.177109199714798e-07,5.666817248494305e-07,9,9,5,5.905019854733086e-07,5.905019854733086e-07,-5.557366555100449,0,0.0003,/home/danderety/Documents/GitHub/TCN_Transformer_anomaly_analizer/outputs/rcaeval/models/tcn_transformer_ae_seed43_best.pt,real_val_plus_val_synthetic,,,,,,,,,,,False,,,False,False,True,False,False,0.05,5.666817248494305e-07,5.666817248494305e-07,True,5.666817248494305e-07,-5.557366555100449,0,2.1507394313812256
tcn_transformer_ae,99,1000,8.695136211431616e-07,5.547269739983439e-07,9,9,5,5.666817248494305e-07,5.666817248494305e-07,-5.557366555100449,0,0.0003,/home/danderety/Documents/GitHub/TCN_Transformer_anomaly_analizer/outputs/rcaeval/models/tcn_transformer_ae_seed43_best.pt,real_val_plus_val_synthetic,,,,,,,,,,,False,,,False,False,True,False,False,0.05,5.547269739983439e-07,5.547269739983439e-07,True,5.547269739983439e-07,-5.557366555100449,0,2.154958486557007
tcn_transformer_ae,100,1000,8.21411243409982e-07,5.315498104669527e-07,9,9,5,5.547269739983439e-07,5.547269739983439e-07,-5.557366555100449,0,0.0003,/home/danderety/Documents/GitHub/TCN_Transformer_anomaly_analizer/outputs/rcaeval/models/tcn_transformer_ae_seed43_best.pt,real_val_plus_val_synthetic,0.2596074851665906,0.9933636046105484,0.41163699522362135,8111.0,19.0,-0.0013969838619232178,0.4041936695575714,-0.0011175984982401135,True,quantile_recall_fpr_tradeoff,True,-0.011175870895385742,-18.518067569051684,False,True,True,False,False,0.05,5.315498104669527e-07,5.315498104669527e-07,True,5.315498104669527e-07,-5.557366555100449,0,28.697689294815063
tcn_transformer_ae,101,1000,7.783655036064374e-07,5.149516637644688e-07,9,9,5,5.315498104669527e-07,5.315498104669527e-07,-5.557366555100449,0,0.0003,/home/danderety/Documents/GitHub/TCN_Transformer_anomaly_analizer/outputs/rcaeval/models/tcn_transformer_ae_seed43_best.pt,real_val_plus_val_synthetic,,,,,,,,,,,False,,,False,False,True,False,False,0.05,5.149516637644688e-07,5.149516637644688e-07,True,5.149516637644688e-07,-5.557366555100449,0,2.1229751110076904
tcn_transformer_ae,102,1000,7.340498762647732e-07,4.6269235770316064e-07,9,9,5,5.149516637644688e-07,5.149516637644688e-07,-5.557366555100449,0,0.0003,/home/danderety/Documents/GitHub/TCN_Transformer_anomaly_analizer/outputs/rcaeval/models/tcn_transformer_ae_seed43_best.pt,real_val_plus_val_synthetic,,,,,,,,,,,False,,,False,False,True,False,False,0.05,4.6269235770316064e-07,4.6269235770316064e-07,True,4.6269235770316064e-07,-5.557366555100449,0,2.117978096008301
tcn_transformer_ae,103,1000,6.953603355728062e-07,4.179793967172491e-07,9,9,5,4.6269235770316064e-07,4.6269235770316064e-07,-5.557366555100449,0,0.0003,/home/danderety/Documents/GitHub/TCN_Transformer_anomaly_analizer/outputs/rcaeval/models/tcn_transformer_ae_seed43_best.pt,real_val_plus_val_synthetic,,,,,,,,,,,False,,,False,False,True,False,False,0.05,4.179793967172491e-07,4.179793967172491e-07,True,4.179793967172491e-07,-5.557366555100449,0,2.1147730350494385
tcn_transformer_ae,104,1000,6.608753709691012e-07,3.810574268492889e-07,9,9,5,4.179793967172491e-07,4.179793967172491e-07,-5.557366555100449,0,0.0003,/home/danderety/Documents/GitHub/TCN_Transformer_anomaly_analizer/outputs/rcaeval/models/tcn_transformer_ae_seed43_best.pt,real_val_plus_val_synthetic,,,,,,,,,,,False,,,False,False,True,False,False,0.05,3.810574268492889e-07,3.810574268492889e-07,True,3.810574268492889e-07,-5.557366555100449,0,2.1594274044036865
tcn_transformer_ae,105,1000,6.304132021430474e-07,3.690373246024098e-07,9,9,5,3.810574268492889e-07,3.810574268492889e-07,-5.557366555100449,0,0.0003,/home/danderety/Documents/GitHub/TCN_Transformer_anomaly_analizer/outputs/rcaeval/models/tcn_transformer_ae_seed43_best.pt,real_val_plus_val_synthetic,0.27036510194404934,0.9958085923856095,0.4252684964200477,7694.0,12.0,-0.0007450467091985047,0.3799793124198918,-5e-324,True,quantile_recall_fpr_tradeoff,True,-0.0013969838619232178,-11.454534610295287,False,True,True,False,False,0.05,3.690373246024098e-07,3.690373246024098e-07,True,3.690373246024098e-07,-5.557366555100449,0,25.699106216430664
tcn_transformer_ae,106,1000,6.008254160860815e-07,3.4455987589679987e-07,9,9,5,3.690373246024098e-07,3.690373246024098e-07,-5.557366555100449,0,0.0003,/home/danderety/Documents/GitHub/TCN_Transformer_anomaly_analizer/outputs/rcaeval/models/tcn_transformer_ae_seed43_best.pt,real_val_plus_val_synthetic,,,,,,,,,,,False,,,False,False,True,False,False,0.05,3.4455987589679987e-07,3.4455987589679987e-07,True,3.4455987589679987e-07,-5.557366555100449,0,2.1122779846191406
tcn_transformer_ae,107,1000,5.702737565649801e-07,3.382243416739505e-07,9,9,5,3.4455987589679987e-07,3.4455987589679987e-07,-5.557366555100449,0,0.0003,/home/danderety/Documents/GitHub/TCN_Transformer_anomaly_analizer/outputs/rcaeval/models/tcn_transformer_ae_seed43_best.pt,real_val_plus_val_synthetic,,,,,,,,,,,False,,,False,False,True,False,False,0.05,3.382243416739505e-07,3.382243416739505e-07,True,3.382243416739505e-07,-5.557366555100449,0,2.199768304824829
tcn_transformer_ae,108,1000,5.422539609990844e-07,3.319579241055299e-07,9,9,5,3.382243416739505e-07,3.382243416739505e-07,-5.557366555100449,0,0.0003,/home/danderety/Documents/GitHub/TCN_Transformer_anomaly_analizer/outputs/rcaeval/models/tcn_transformer_ae_seed43_best.pt,real_val_plus_val_synthetic,,,,,,,,,,,False,,,False,False,True,False,False,0.05,3.319579241055299e-07,3.319579241055299e-07,True,3.319579241055299e-07,-5.557366555100449,0,2.182436466217041
tcn_transformer_ae,109,1000,5.156743160020359e-07,3.1919726023696293e-07,9,9,5,3.319579241055299e-07,3.319579241055299e-07,-5.557366555100449,0,0.0003,/home/danderety/Documents/GitHub/TCN_Transformer_anomaly_analizer/outputs/rcaeval/models/tcn_transformer_ae_seed43_best.pt,real_val_plus_val_synthetic,,,,,,,,,,,False,,,False,False,True,False,False,0.05,3.1919726023696293e-07,3.1919726023696293e-07,True,3.1919726023696293e-07,-5.557366555100449,0,2.1720919609069824
tcn_transformer_ae,110,1000,4.866450529893092e-07,3.049075034581343e-07,9,9,5,3.1919726023696293e-07,3.1919726023696293e-07,-5.557366555100449,0,0.0003,/home/danderety/Documents/GitHub/TCN_Transformer_anomaly_analizer/outputs/rcaeval/models/tcn_transformer_ae_seed43_best.pt,real_val_plus_val_synthetic,0.26048504741064915,0.9979042961928047,0.4131299255296074,8111.0,6.0,-0.0013969980645924807,0.28088673353195354,-0.0009313225746154786,True,quantile_recall_fpr_tradeoff,True,-0.0007450467091985047,-5.512033947163442,True,True,True,True,True,0.05,3.049075034581343e-07,3.049075034581343e-07,True,3.049075034581343e-07,-5.512033947163442,0,26.33329129219055
tcn_transformer_ae,111,1000,4.6140921638049764e-07,2.9925288125770316e-07,9,9,5,3.049075034581343e-07,3.049075034581343e-07,-5.512033947163442,0,0.0003,/home/danderety/Documents/GitHub/TCN_Transformer_anomaly_analizer/outputs/rcaeval/models/tcn_transformer_ae_seed43_best.pt,real_val_plus_val_synthetic,,,,,,,,,,,False,,,False,False,True,False,False,0.05,2.9925288125770316e-07,2.9925288125770316e-07,True,2.9925288125770316e-07,-5.512033947163442,0,2.1264147758483887
tcn_transformer_ae,112,1000,4.381118497166347e-07,2.762386338996175e-07,9,9,5,2.9925288125770316e-07,2.9925288125770316e-07,-5.512033947163442,0,0.0003,/home/danderety/Documents/GitHub/TCN_Transformer_anomaly_analizer/outputs/rcaeval/models/tcn_transformer_ae_seed43_best.pt,real_val_plus_val_synthetic,,,,,,,,,,,False,,,False,False,True,False,False,0.05,2.762386338996175e-07,2.762386338996175e-07,True,2.762386338996175e-07,-5.512033947163442,0,2.1650142669677734
tcn_transformer_ae,113,1000,4.1350121749849716e-07,2.506170746871901e-07,9,9,5,2.762386338996175e-07,2.762386338996175e-07,-5.512033947163442,0,0.0003,/home/danderety/Documents/GitHub/TCN_Transformer_anomaly_analizer/outputs/rcaeval/models/tcn_transformer_ae_seed43_best.pt,real_val_plus_val_synthetic,,,,,,,,,,,False,,,False,False,True,False,False,0.05,2.506170746871901e-07,2.506170746871901e-07,True,2.506170746871901e-07,-5.512033947163442,0,2.1336514949798584
tcn_transformer_ae,114,1000,3.9289361499482844e-07,2.447981509095845e-07,9,9,5,2.506170746871901e-07,2.506170746871901e-07,-5.512033947163442,0,0.0003,/home/danderety/Documents/GitHub/TCN_Transformer_anomaly_analizer/outputs/rcaeval/models/tcn_transformer_ae_seed43_best.pt,real_val_plus_val_synthetic,,,,,,,,,,,False,,,False,False,True,False,False,0.05,2.447981509095845e-07,2.447981509095845e-07,True,2.447981509095845e-07,-5.512033947163442,0,2.1459801197052
tcn_transformer_ae,115,1000,3.741748751226821e-07,2.2167500561735046e-07,9,9,5,2.447981509095845e-07,2.447981509095845e-07,-5.512033947163442,0,0.0003,/home/danderety/Documents/GitHub/TCN_Transformer_anomaly_analizer/outputs/rcaeval/models/tcn_transformer_ae_seed43_best.pt,real_val_plus_val_synthetic,0.24663793103448275,0.9993014320642682,0.3956302288598493,8739.0,2.0,-0.010089337825775146,0.21941946148872493,-0.0018626593519002201,True,quantile_recall_fpr_tradeoff,True,-0.0013969980645924807,-1.5996057238488426,True,True,True,True,True,0.05,2.2167500561735046e-07,2.2167500561735046e-07,True,2.2167500561735046e-07,-1.5996057238488426,0,26.756589889526367
tcn_transformer_ae,116,1000,3.5618085022455803e-07,2.0966165738810638e-07,9,9,5,2.2167500561735046e-07,2.2167500561735046e-07,-1.5996057238488426,0,0.0003,/home/danderety/Documents/GitHub/TCN_Transformer_anomaly_analizer/outputs/rcaeval/models/tcn_transformer_ae_seed43_best.pt,real_val_plus_val_synthetic,,,,,,,,,,,False,,,False,False,True,False,False,0.05,2.0966165738810638e-07,2.0966165738810638e-07,True,2.0966165738810638e-07,-1.5996057238488426,0,2.163271188735962
tcn_transformer_ae,117,1000,3.3852332508203015e-07,1.8809474295019993e-07,9,9,5,2.0966165738810638e-07,2.0966165738810638e-07,-1.5996057238488426,0,0.0003,/home/danderety/Documents/GitHub/TCN_Transformer_anomaly_analizer/outputs/rcaeval/models/tcn_transformer_ae_seed43_best.pt,real_val_plus_val_synthetic,,,,,,,,,,,False,,,False,False,True,False,False,0.05,1.8809474295019993e-07,1.8809474295019993e-07,True,1.8809474295019993e-07,-1.5996057238488426,0,2.2043886184692383
tcn_transformer_ae,118,1000,3.231066839782176e-07,1.816989990350462e-07,9,9,5,1.8809474295019993e-07,1.8809474295019993e-07,-1.5996057238488426,0,0.0003,/home/danderety/Documents/GitHub/TCN_Transformer_anomaly_analizer/outputs/rcaeval/models/tcn_transformer_ae_seed43_best.pt,real_val_plus_val_synthetic,,,,,,,,,,,False,,,False,False,True,False,False,0.05,1.816989990350462e-07,1.816989990350462e-07,True,1.816989990350462e-07,-1.5996057238488426,0,2.1612510681152344
tcn_transformer_ae,119,1000,3.0426166089030276e-07,1.6439596551697871e-07,9,9,5,1.816989990350462e-07,1.816989990350462e-07,-1.5996057238488426,0,0.0003,/home/danderety/Documents/GitHub/TCN_Transformer_anomaly_analizer/outputs/rcaeval/models/tcn_transformer_ae_seed43_best.pt,real_val_plus_val_synthetic,,,,,,,,,,,False,,,False,False,True,False,False,0.05,1.6439596551697871e-07,1.6439596551697871e-07,True,1.6439596551697871e-07,-1.5996057238488426,0,2.1789631843566895
tcn_transformer_ae,120,1000,2.878185224838727e-07,1.5573207372940684e-07,9,9,5,1.6439596551697871e-07,1.6439596551697871e-07,-1.5996057238488426,0,0.0003,/home/danderety/Documents/GitHub/TCN_Transformer_anomaly_analizer/outputs/rcaeval/models/tcn_transformer_ae_seed43_best.pt,real_val_plus_val_synthetic,0.24575107296137338,1.0,0.39454282367532556,8787.0,0.0,0.0,0.14863902330398593,-5e-324,True,quantile_recall_fpr_tradeoff,True,-0.010089337825775146,0.39454282367532567,True,True,True,True,True,0.05,1.5573207372940684e-07,1.5573207372940684e-07,True,1.5573207372940684e-07,0.39454282367532567,0,20.90397024154663
tcn_transformer_ae,121,1000,2.703680107236264e-07,1.525785676740863e-07,9,9,5,1.5573207372940684e-07,1.5573207372940684e-07,0.39454282367532567,0,0.0003,/home/danderety/Documents/GitHub/TCN_Transformer_anomaly_analizer/outputs/rcaeval/models/tcn_transformer_ae_seed43_best.pt,real_val_plus_val_synthetic,,,,,,,,,,,False,,,False,False,True,False,False,0.05,1.525785676740863e-07,1.525785676740863e-07,True,1.525785676740863e-07,0.39454282367532567,0,2.1240234375
tcn_transformer_ae,122,1000,2.533249973848599e-07,1.4616698429392727e-07,9,9,5,1.525785676740863e-07,1.525785676740863e-07,0.39454282367532567,0,0.0003,/home/danderety/Documents/GitHub/TCN_Transformer_anomaly_analizer/outputs/rcaeval/models/tcn_transformer_ae_seed43_best.pt,real_val_plus_val_synthetic,,,,,,,,,,,False,,,False,False,True,False,False,0.05,1.4616698429392727e-07,1.4616698429392727e-07,True,1.4616698429392727e-07,0.39454282367532567,0,2.19991397857666
tcn_transformer_ae,123,1000,2.379540576174824e-07,1.2796897315727462e-07,9,9,5,1.4616698429392727e-07,1.4616698429392727e-07,0.39454282367532567,0,0.0003,/home/danderety/Documents/GitHub/TCN_Transformer_anomaly_analizer/outputs/rcaeval/models/tcn_transformer_ae_seed43_best.pt,real_val_plus_val_synthetic,,,,,,,,,,,False,,,False,False,True,False,False,0.05,1.2796897315727462e-07,1.2796897315727462e-07,True,1.2796897315727462e-07,0.39454282367532567,0,2.1551930904388428
tcn_transformer_ae,124,1000,2.2445092972628553e-07,1.0685242928146814e-07,9,9,5,1.2796897315727462e-07,1.2796897315727462e-07,0.39454282367532567,0,0.0003,/home/danderety/Documents/GitHub/TCN_Transformer_anomaly_analizer/outputs/rcaeval/models/tcn_transformer_ae_seed43_best.pt,real_val_plus_val_synthetic,,,,,,,,,,,False,,,False,False,True,False,False,0.05,1.0685242928146814e-07,1.0685242928146814e-07,True,1.0685242928146814e-07,0.39454282367532567,0,2.1513137817382812
tcn_transformer_ae,125,1000,2.1215695295248463e-07,9.797885617810766e-08,9,9,5,1.0685242928146814e-07,1.0685242928146814e-07,0.39454282367532567,0,0.0003,/home/danderety/Documents/GitHub/TCN_Transformer_anomaly_analizer/outputs/rcaeval/models/tcn_transformer_ae_seed43_best.pt,real_val_plus_val_synthetic,0.2545276117405656,0.9965071603213412,0.4054860716316089,8356.0,10.0,-0.00046566128730773926,0.13932582736015353,-5e-324,True,quantile_recall_fpr_tradeoff,True,0.0,-9.548957035487588,False,True,True,False,False,0.05,9.797885617810766e-08,9.797885617810766e-08,True,9.797885617810766e-08,0.39454282367532567,0,21.474515914916992
tcn_transformer_ae,126,1000,2.0058148425297748e-07,7.697873179470503e-08,9,9,5,9.797885617810766e-08,9.797885617810766e-08,0.39454282367532567,0,0.0003,/home/danderety/Documents/GitHub/TCN_Transformer_anomaly_analizer/outputs/rcaeval/models/tcn_transformer_ae_seed43_best.pt,real_val_plus_val_synthetic,,,,,,,,,,,False,,,False,False,True,False,False,0.05,7.697873179470503e-08,7.697873179470503e-08,True,7.697873179470503e-08,0.39454282367532567,0,2.1978347301483154
tcn_transformer_ae,127,1000,1.9011147160866762e-07,6.997916916471626e-08,9,9,5,7.697873179470503e-08,7.697873179470503e-08,0.39454282367532567,0,0.0003,/home/danderety/Documents/GitHub/TCN_Transformer_anomaly_analizer/outputs/rcaeval/models/tcn_transformer_ae_seed43_best.pt,real_val_plus_val_synthetic,,,,,,,,,,,False,,,False,False,True,False,False,0.05,6.997916916471626e-08,6.997916916471626e-08,True,6.997916916471626e-08,0.39454282367532567,0,2.1429731845855713
tcn_transformer_ae,128,1000,1.797769630167809e-07,6.778695684000299e-08,9,9,5,6.997916916471626e-08,6.997916916471626e-08,0.39454282367532567,0,0.0003,/home/danderety/Documents/GitHub/TCN_Transformer_anomaly_analizer/outputs/rcaeval/models/tcn_transformer_ae_seed43_best.pt,real_val_plus_val_synthetic,,,,,,,,,,,False,,,False,False,True,False,False,0.05,6.778695684000299e-08,6.778695684000299e-08,True,6.778695684000299e-08,0.39454282367532567,0,2.133056163787842
tcn_transformer_ae,129,1000,1.6958729531779682e-07,4.748648512090718e-08,9,9,5,6.778695684000299e-08,6.778695684000299e-08,0.39454282367532567,0,0.0003,/home/danderety/Documents/GitHub/TCN_Transformer_anomaly_analizer/outputs/rcaeval/models/tcn_transformer_ae_seed43_best.pt,real_val_plus_val_synthetic,,,,,,,,,,,False,,,False,False,True,False,False,0.05,4.748648512090718e-08,4.748648512090718e-08,True,4.748648512090718e-08,0.39454282367532567,0,2.1377463340759277
tcn_transformer_ae,130,1000,1.5978501103884057e-07,4.1841589825747615e-08,9,9,5,4.748648512090718e-08,4.748648512090718e-08,0.39454282367532567,0,0.0003,/home/danderety/Documents/GitHub/TCN_Transformer_anomaly_analizer/outputs/rcaeval/models/tcn_transformer_ae_seed43_best.pt,real_val_plus_val_synthetic,0.26319194159504666,0.9947607404820119,0.4162525577316574,7973.0,15.0,-1.7763568394002505e-09,0.10132785737514513,-5e-324,True,quantile_recall_fpr_tradeoff,True,-0.00046566128730773926,-14.496349851894445,False,True,True,False,False,0.05,4.1841589825747615e-08,4.1841589825747615e-08,True,4.1841589825747615e-08,0.39454282367532567,0,21.424485683441162
tcn_transformer_ae,131,1000,1.5390230894527318e-07,4.004115634228726e-08,9,9,5,4.1841589825747615e-08,4.1841589825747615e-08,0.39454282367532567,0,0.0003,/home/danderety/Documents/GitHub/TCN_Transformer_anomaly_analizer/outputs/rcaeval/models/tcn_transformer_ae_seed43_best.pt,real_val_plus_val_synthetic,,,,,,,,,,,False,,,False,False,True,False,False,0.05,4.004115634228726e-08,4.004115634228726e-08,True,4.004115634228726e-08,0.39454282367532567,0,2.136154890060425
tcn_transformer_ae,132,1000,1.3979973499606727e-07,3.897228495475247e-08,9,9,5,4.004115634228726e-08,4.004115634228726e-08,0.39454282367532567,0,0.0003,/home/danderety/Documents/GitHub/TCN_Transformer_anomaly_analizer/outputs/rcaeval/models/tcn_transformer_ae_seed43_best.pt,real_val_plus_val_synthetic,,,,,,,,,,,False,,,False,False,True,False,False,0.05,3.897228495475247e-08,3.897228495475247e-08,True,3.897228495475247e-08,0.39454282367532567,0,2.1221656799316406
tcn_transformer_ae,133,1000,1.2822900221835978e-07,2.4002873608997964e-08,9,9,5,3.897228495475247e-08,3.897228495475247e-08,0.39454282367532567,0,0.0003,/home/danderety/Documents/GitHub/TCN_Transformer_anomaly_analizer/outputs/rcaeval/models/tcn_transformer_ae_seed43_best.pt,real_val_plus_val_synthetic,,,,,,,,,,,False,,,False,False,True,False,False,0.05,2.4002873608997964e-08,2.4002873608997964e-08,True,2.4002873608997964e-08,0.39454282367532567,0,2.1277918815612793
tcn_transformer_ae,134,1000,1.1809238201813653e-07,2.2239879474260312e-08,9,9,5,2.4002873608997964e-08,2.4002873608997964e-08,0.39454282367532567,0,0.0003,/home/danderety/Documents/GitHub/TCN_Transformer_anomaly_analizer/outputs/rcaeval/models/tcn_transformer_ae_seed43_best.pt,real_val_plus_val_synthetic,,,,,,,,,,,False,,,False,False,True,False,False,0.05,2.2239879474260312e-08,2.2239879474260312e-08,True,2.2239879474260312e-08,0.39454282367532567,0,2.131772041320801
tcn_transformer_ae,135,1000,1.0844656766798143e-07,2.170650071100221e-08,9,9,5,2.2239879474260312e-08,2.2239879474260312e-08,0.39454282367532567,0,0.0003,/home/danderety/Documents/GitHub/TCN_Transformer_anomaly_analizer/outputs/rcaeval/models/tcn_transformer_ae_seed43_best.pt,real_val_plus_val_synthetic,0.24575107296137338,1.0,0.39454282367532556,8787.0,0.0,-0.0004656612582039088,0.09685753285884857,-0.00046566125820390886,True,quantile_recall_fpr_tradeoff,True,-1.7763568394002505e-09,0.39454282367532567,False,True,True,False,False,0.05,2.170650071100221e-08,2.170650071100221e-08,True,2.170650071100221e-08,0.39454282367532567,0,21.70589542388916
tcn_transformer_ae,136,1000,9.969300337910107e-08,2.147275721452361e-08,9,9,5,2.170650071100221e-08,2.170650071100221e-08,0.39454282367532567,0,0.0003,/home/danderety/Documents/GitHub/TCN_Transformer_anomaly_analizer/outputs/rcaeval/models/tcn_transformer_ae_seed43_best.pt,real_val_plus_val_synthetic,,,,,,,,,,,False,,,False,False,True,False,False,0.05,2.147275721452361e-08,2.147275721452361e-08,True,2.147275721452361e-08,0.39454282367532567,0,2.121736764907837
tcn_transformer_ae,137,1000,9.186670863639194e-08,2.1207626910188154e-08,9,9,5,2.147275721452361e-08,2.147275721452361e-08,0.39454282367532567,0,0.0003,/home/danderety/Documents/GitHub/TCN_Transformer_anomaly_analizer/outputs/rcaeval/models/tcn_transformer_ae_seed43_best.pt,real_val_plus_val_synthetic,,,,,,,,,,,False,,,False,False,True,False,False,0.05,2.1207626910188154e-08,2.1207626910188154e-08,True,2.1207626910188154e-08,0.39454282367532567,0,2.1400818824768066
tcn_transformer_ae,138,1000,8.487731298477348e-08,2.0925012355241367e-08,9,9,5,2.1207626910188154e-08,2.1207626910188154e-08,0.39454282367532567,0,0.0003,/home/danderety/Documents/GitHub/TCN_Transformer_anomaly_analizer/outputs/rcaeval/models/tcn_transformer_ae_seed43_best.pt,real_val_plus_val_synthetic,,,,,,,,,,,False,,,False,False,True,False,False,0.05,2.0925012355241367e-08,2.0925012355241367e-08,True,2.0925012355241367e-08,0.39454282367532567,0,2.137511968612671
tcn_transformer_ae,139,1000,7.841073328793498e-08,2.0357898487750218e-08,9,9,5,2.0925012355241367e-08,2.0925012355241367e-08,0.39454282367532567,0,0.0003,/home/danderety/Documents/GitHub/TCN_Transformer_anomaly_analizer/outputs/rcaeval/models/tcn_transformer_ae_seed43_best.pt,real_val_plus_val_synthetic,,,,,,,,,,,False,,,False,False,True,False,False,0.05,2.0357898487750218e-08,2.0357898487750218e-08,True,2.0357898487750218e-08,0.39454282367532567,0,2.1678857803344727
tcn_transformer_ae,140,1000,7.253571702701424e-08,2.011405450289115e-08,9,9,5,2.0357898487750218e-08,2.0357898487750218e-08,0.39454282367532567,0,0.0003,/home/danderety/Documents/GitHub/TCN_Transformer_anomaly_analizer/outputs/rcaeval/models/tcn_transformer_ae_seed43_best.pt,real_val_plus_val_synthetic,0.24575107296137338,1.0,0.39454282367532556,8787.0,0.0,0.0,0.08195637911558151,-5e-324,True,quantile_recall_fpr_tradeoff,True,-0.0004656612582039088,0.39454282367532567,False,True,True,False,False,0.05,2.011405450289115e-08,2.011405450289115e-08,True,2.011405450289115e-08,0.39454282367532567,0,19.09743332862854
tcn_transformer_ae,141,1000,6.732458154253297e-08,2.003048881591225e-08,9,9,5,2.011405450289115e-08,2.011405450289115e-08,0.39454282367532567,0,0.0003,/home/danderety/Documents/GitHub/TCN_Transformer_anomaly_analizer/outputs/rcaeval/models/tcn_transformer_ae_seed43_best.pt,real_val_plus_val_synthetic,,,,,,,,,,,False,,,False,False,True,False,False,0.05,2.003048881591225e-08,2.003048881591225e-08,True,2.003048881591225e-08,0.39454282367532567,0,2.1568894386291504
tcn_transformer_ae,142,1000,6.24689407834961e-08,1.9960031147529027e-08,9,9,5,2.003048881591225e-08,2.003048881591225e-08,0.39454282367532567,0,0.0003,/home/danderety/Documents/GitHub/TCN_Transformer_anomaly_analizer/outputs/rcaeval/models/tcn_transformer_ae_seed43_best.pt,real_val_plus_val_synthetic,,,,,,,,,,,False,,,False,False,True,False,False,0.05,1.9960031147529027e-08,1.9960031147529027e-08,True,1.9960031147529027e-08,0.39454282367532567,0,2.1587064266204834
tcn_transformer_ae,143,1000,5.8936337974187056e-08,1.9851521942888143e-08,9,9,5,1.9960031147529027e-08,1.9960031147529027e-08,0.39454282367532567,0,0.0003,/home/danderety/Documents/GitHub/TCN_Transformer_anomaly_analizer/outputs/rcaeval/models/tcn_transformer_ae_seed43_best.pt,real_val_plus_val_synthetic,,,,,,,,,,,False,,,False,False,True,False,False,0.05,1.9851521942888143e-08,1.9851521942888143e-08,True,1.9851521942888143e-08,0.39454282367532567,0,2.1954970359802246
tcn_transformer_ae,144,1000,5.8437402627043375e-08,1.971642631738049e-08,9,9,5,1.9851521942888143e-08,1.9851521942888143e-08,0.39454282367532567,0,0.0003,/home/danderety/Documents/GitHub/TCN_Transformer_anomaly_analizer/outputs/rcaeval/models/tcn_transformer_ae_seed43_best.pt,real_val_plus_val_synthetic,,,,,,,,,,,False,,,False,False,True,False,False,0.05,1.971642631738049e-08,1.971642631738049e-08,True,1.971642631738049e-08,0.39454282367532567,0,2.1601200103759766
tcn_transformer_ae,145,1000,5.255993897117892e-08,1.905850484947074e-08,9,9,5,1.971642631738049e-08,1.971642631738049e-08,0.39454282367532567,0,0.0003,/home/danderety/Documents/GitHub/TCN_Transformer_anomaly_analizer/outputs/rcaeval/models/tcn_transformer_ae_seed43_best.pt,real_val_plus_val_synthetic,0.24575107296137338,1.0,0.39454282367532556,8787.0,0.0,0.0,0.07636844366788864,-5e-324,True,quantile_recall_fpr_tradeoff,False,0.0,0.39454282367532567,False,True,True,False,False,0.05,1.905850484947074e-08,1.905850484947074e-08,True,1.905850484947074e-08,0.39454282367532567,0,19.249937295913696
tcn_transformer_ae,146,1000,5.0326013385600894e-08,1.5340380253370013e-08,9,9,5,1.905850484947074e-08,1.905850484947074e-08,0.39454282367532567,0,0.0003,/home/danderety/Documents/GitHub/TCN_Transformer_anomaly_analizer/outputs/rcaeval/models/tcn_transformer_ae_seed43_best.pt,real_val_plus_val_synthetic,,,,,,,,,,,False,,,False,False,True,False,False,0.05,1.5340380253370013e-08,1.5340380253370013e-08,True,1.5340380253370013e-08,0.39454282367532567,0,2.140622138977051
tcn_transformer_ae,147,1000,4.83668234352308e-08,1.3580296637680355e-08,9,9,5,1.5340380253370013e-08,1.5340380253370013e-08,0.39454282367532567,0,0.0003,/home/danderety/Documents/GitHub/TCN_Transformer_anomaly_analizer/outputs/rcaeval/models/tcn_transformer_ae_seed43_best.pt,real_val_plus_val_synthetic,,,,,,,,,,,False,,,False,False,True,False,False,0.05,1.3580296637680355e-08,1.3580296637680355e-08,True,1.3580296637680355e-08,0.39454282367532567,0,2.1456940174102783
tcn_transformer_ae,148,1000,4.6664031498792106e-08,1.0048792165900329e-08,9,9,5,1.3580296637680355e-08,1.3580296637680355e-08,0.39454282367532567,0,0.0003,/home/danderety/Documents/GitHub/TCN_Transformer_anomaly_analizer/outputs/rcaeval/models/tcn_transformer_ae_seed43_best.pt,real_val_plus_val_synthetic,,,,,,,,,,,False,,,False,False,True,False,False,0.05,1.0048792165900329e-08,1.0048792165900329e-08,True,1.0048792165900329e-08,0.39454282367532567,0,2.136070966720581
tcn_transformer_ae,149,1000,4.534346994496421e-08,8.671180513165658e-09,9,9,5,1.0048792165900329e-08,1.0048792165900329e-08,0.39454282367532567,0,0.0003,/home/danderety/Documents/GitHub/TCN_Transformer_anomaly_analizer/outputs/rcaeval/models/tcn_transformer_ae_seed43_best.pt,real_val_plus_val_synthetic,,,,,,,,,,,False,,,False,False,True,False,False,0.05,8.671180513165658e-09,8.671180513165658e-09,True,8.671180513165658e-09,0.39454282367532567,0,2.1458473205566406
tcn_transformer_ae,150,1000,4.4213598347715044e-08,7.839734029379373e-09,9,9,5,8.671180513165658e-09,8.671180513165658e-09,0.39454282367532567,0,0.0003,/home/danderety/Documents/GitHub/TCN_Transformer_anomaly_analizer/outputs/rcaeval/models/tcn_transformer_ae_seed43_best.pt,real_val_plus_val_synthetic,0.24575107296137338,1.0,0.39454282367532556,8787.0,0.0,0.0,0.04558221995830536,-5e-324,True,quantile_recall_fpr_tradeoff,False,0.0,0.39454282367532567,False,True,True,False,False,0.05,7.839734029379373e-09,7.839734029379373e-09,True,7.839734029379373e-09,0.39454282367532567,0,18.64267897605896
tcn_transformer_ae,151,1000,4.2823107514129044e-08,7.181016677240029e-09,9,9,5,7.839734029379373e-09,7.839734029379373e-09,0.39454282367532567,0,0.0003,/home/danderety/Documents/GitHub/TCN_Transformer_anomaly_analizer/outputs/rcaeval/models/tcn_transformer_ae_seed43_best.pt,real_val_plus_val_synthetic,,,,,,,,,,,False,,,False,False,True,False,False,0.05,7.181016677240029e-09,7.181016677240029e-09,True,7.181016677240029e-09,0.39454282367532567,0,2.1105222702026367
tcn_transformer_ae,152,1000,4.1299055209481385e-08,6.4376314294441964e-09,9,9,5,7.181016677240029e-09,7.181016677240029e-09,0.39454282367532567,0,0.0003,/home/danderety/Documents/GitHub/TCN_Transformer_anomaly_analizer/outputs/rcaeval/models/tcn_transformer_ae_seed43_best.pt,real_val_plus_val_synthetic,,,,,,,,,,,False,,,False,False,True,False,False,0.05,6.4376314294441964e-09,6.4376314294441964e-09,True,6.4376314294441964e-09,0.39454282367532567,0,2.1457738876342773
tcn_transformer_ae,153,1000,3.991141537069794e-08,3.5660799014823065e-09,9,9,5,6.4376314294441964e-09,6.4376314294441964e-09,0.39454282367532567,0,0.0003,/home/danderety/Documents/GitHub/TCN_Transformer_anomaly_analizer/outputs/rcaeval/models/tcn_transformer_ae_seed43_best.pt,real_val_plus_val_synthetic,,,,,,,,,,,False,,,False,False,True,False,False,0.05,3.5660799014823065e-09,3.5660799014823065e-09,True,3.5660799014823065e-09,0.39454282367532567,0,2.1185104846954346
tcn_transformer_ae,154,1000,3.8545935680027156e-08,2.589688549427924e-09,9,9,5,3.5660799014823065e-09,3.5660799014823065e-09,0.39454282367532567,0,0.0003,/home/danderety/Documents/GitHub/TCN_Transformer_anomaly_analizer/outputs/rcaeval/models/tcn_transformer_ae_seed43_best.pt,real_val_plus_val_synthetic,,,,,,,,,,,False,,,False,False,True,False,False,0.05,2.589688549427924e-09,2.589688549427924e-09,True,2.589688549427924e-09,0.39454282367532567,0,2.1605944633483887
tcn_transformer_ae,155,1000,3.8408554308048175e-08,2.1510931817872205e-09,9,9,5,2.589688549427924e-09,2.589688549427924e-09,0.39454282367532567,0,0.0003,/home/danderety/Documents/GitHub/TCN_Transformer_anomaly_analizer/outputs/rcaeval/models/tcn_transformer_ae_seed43_best.pt,real_val_plus_val_synthetic,0.24575107296137338,1.0,0.39454282367532556,8787.0,0.0,0.0,0.012916949577629566,-5e-324,True,quantile_recall_fpr_tradeoff,False,0.0,0.39454282367532567,False,True,True,False,False,0.05,2.1510931817872205e-09,2.1510931817872205e-09,True,2.1510931817872205e-09,0.39454282367532567,0,16.299646615982056
tcn_transformer_ae,156,1000,3.5612543059432046e-08,1.4917365378882504e-09,9,9,5,2.1510931817872205e-09,2.1510931817872205e-09,0.39454282367532567,0,0.0003,/home/danderety/Documents/GitHub/TCN_Transformer_anomaly_analizer/outputs/rcaeval/models/tcn_transformer_ae_seed43_best.pt,real_val_plus_val_synthetic,,,,,,,,,,,False,,,False,False,True,False,False,0.05,1.4917365378882504e-09,1.4917365378882504e-09,True,1.4917365378882504e-09,0.39454282367532567,0,2.164384603500366
tcn_transformer_ae,157,1000,3.370167665712356e-08,1.261772109726985e-09,9,9,5,1.4917365378882504e-09,1.4917365378882504e-09,0.39454282367532567,0,0.0003,/home/danderety/Documents/GitHub/TCN_Transformer_anomaly_analizer/outputs/rcaeval/models/tcn_transformer_ae_seed43_best.pt,real_val_plus_val_synthetic,,,,,,,,,,,False,,,False,False,True,False,False,0.05,1.261772109726985e-09,1.261772109726985e-09,True,1.261772109726985e-09,0.39454282367532567,0,2.12795352935791
tcn_transformer_ae,158,1000,3.250517623181568e-08,1.1917323322317166e-09,9,9,5,1.261772109726985e-09,1.261772109726985e-09,0.39454282367532567,0,0.0003,/home/danderety/Documents/GitHub/TCN_Transformer_anomaly_analizer/outputs/rcaeval/models/tcn_transformer_ae_seed43_best.pt,real_val_plus_val_synthetic,,,,,,,,,,,False,,,False,False,True,False,False,0.05,1.1917323322317166e-09,1.1917323322317166e-09,True,1.1917323322317166e-09,0.39454282367532567,0,2.1209042072296143
tcn_transformer_ae,159,1000,3.091341860755639e-08,1.1682327612454252e-09,9,9,5,1.1917323322317166e-09,1.1917323322317166e-09,0.39454282367532567,0,0.0003,/home/danderety/Documents/GitHub/TCN_Transformer_anomaly_analizer/outputs/rcaeval/models/tcn_transformer_ae_seed43_best.pt,real_val_plus_val_synthetic,,,,,,,,,,,False,,,False,False,True,False,False,0.05,1.1682327612454252e-09,1.1682327612454252e-09,True,1.1682327612454252e-09,0.39454282367532567,0,2.1251015663146973
tcn_transformer_ae,160,1000,2.97595597633359e-08,1.156787108358305e-09,9,9,5,1.1682327612454252e-09,1.1682327612454252e-09,0.39454282367532567,0,0.0003,/home/danderety/Documents/GitHub/TCN_Transformer_anomaly_analizer/outputs/rcaeval/models/tcn_transformer_ae_seed43_best.pt,real_val_plus_val_synthetic,0.24575107296137338,1.0,0.39454282367532556,8787.0,0.0,0.0,0.004633140098303557,-5e-324,True,quantile_recall_fpr_tradeoff,False,0.0,0.39454282367532567,False,True,True,False,False,0.05,1.156787108358305e-09,1.156787108358305e-09,True,1.156787108358305e-09,0.39454282367532567,0,15.766297340393066
tcn_transformer_ae,161,1000,2.8579200609921984e-08,1.1424235960162254e-09,9,9,5,1.156787108358305e-09,1.156787108358305e-09,0.39454282367532567,0,0.0003,/home/danderety/Documents/GitHub/TCN_Transformer_anomaly_analizer/outputs/rcaeval/models/tcn_transformer_ae_seed43_best.pt,real_val_plus_val_synthetic,,,,,,,,,,,False,,,False,False,True,False,False,0.05,1.1424235960162254e-09,1.1424235960162254e-09,True,1.1424235960162254e-09,0.39454282367532567,0,2.1231040954589844
tcn_transformer_ae,162,1000,2.730229273579895e-08,1.1303596181801941e-09,9,9,5,1.1424235960162254e-09,1.1424235960162254e-09,0.39454282367532567,0,0.0003,/home/danderety/Documents/GitHub/TCN_Transformer_anomaly_analizer/outputs/rcaeval/models/tcn_transformer_ae_seed43_best.pt,real_val_plus_val_synthetic,,,,,,,,,,,False,,,False,False,True,False,False,0.05,1.1303596181801941e-09,1.1303596181801941e-09,True,1.1303596181801941e-09,0.39454282367532567,0,2.1266088485717773
tcn_transformer_ae,163,1000,2.6193483343669877e-08,1.1214174119052239e-09,9,9,5,1.1303596181801941e-09,1.1303596181801941e-09,0.39454282367532567,0,0.0003,/home/danderety/Documents/GitHub/TCN_Transformer_anomaly_analizer/outputs/rcaeval/models/tcn_transformer_ae_seed43_best.pt,real_val_plus_val_synthetic,,,,,,,,,,,False,,,False,False,True,False,False,0.05,1.1214174119052239e-09,1.1214174119052239e-09,True,1.1214174119052239e-09,0.39454282367532567,0,2.3793082237243652
tcn_transformer_ae,164,1000,2.538330958949856e-08,1.1062603177264263e-09,9,9,5,1.1214174119052239e-09,1.1214174119052239e-09,0.39454282367532567,0,0.0003,/home/danderety/Documents/GitHub/TCN_Transformer_anomaly_analizer/outputs/rcaeval/models/tcn_transformer_ae_seed43_best.pt,real_val_plus_val_synthetic,,,,,,,,,,,False,,,False,False,True,False,False,0.05,1.1062603177264263e-09,1.1062603177264263e-09,True,1.1062603177264263e-09,0.39454282367532567,0,2.158752679824829
tcn_transformer_ae,165,1000,2.4485457564886157e-08,1.097343996844319e-09,9,9,5,1.1062603177264263e-09,1.1062603177264263e-09,0.39454282367532567,0,0.0003,/home/danderety/Documents/GitHub/TCN_Transformer_anomaly_analizer/outputs/rcaeval/models/tcn_transformer_ae_seed43_best.pt,real_val_plus_val_synthetic,0.24575107296137338,1.0,0.39454282367532556,8787.0,0.0,0.0,0.002316997852176428,-5e-324,True,quantile_recall_fpr_tradeoff,False,0.0,0.39454282367532567,False,True,True,False,False,0.05,1.097343996844319e-09,1.097343996844319e-09,True,1.097343996844319e-09,0.39454282367532567,0,15.73975396156311
tcn_transformer_ae,166,1000,2.3892291333777148e-08,1.0830925004241398e-09,9,9,5,1.097343996844319e-09,1.097343996844319e-09,0.39454282367532567,0,0.0003,/home/danderety/Documents/GitHub/TCN_Transformer_anomaly_analizer/outputs/rcaeval/models/tcn_transformer_ae_seed43_best.pt,real_val_plus_val_synthetic,,,,,,,,,,,False,,,False,False,True,False,False,0.05,1.0830925004241398e-09,1.0830925004241398e-09,True,1.0830925004241398e-09,0.39454282367532567,0,2.1366019248962402
tcn_transformer_ae,167,1000,2.294722678541916e-08,1.0802902068518287e-09,9,9,5,1.0830925004241398e-09,1.0830925004241398e-09,0.39454282367532567,0,0.0003,/home/danderety/Documents/GitHub/TCN_Transformer_anomaly_analizer/outputs/rcaeval/models/tcn_transformer_ae_seed43_best.pt,real_val_plus_val_synthetic,,,,,,,,,,,False,,,False,False,True,False,False,0.05,1.0802902068518287e-09,1.0802902068518287e-09,True,1.0802902068518287e-09,0.39454282367532567,0,2.1430165767669678
tcn_transformer_ae,168,1000,2.2189509534157374e-08,1.078309859881482e-09,9,9,5,1.0802902068518287e-09,1.0802902068518287e-09,0.39454282367532567,0,0.0003,/home/danderety/Documents/GitHub/TCN_Transformer_anomaly_analizer/outputs/rcaeval/models/tcn_transformer_ae_seed43_best.pt,real_val_plus_val_synthetic,,,,,,,,,,,False,,,False,False,True,False,False,0.05,1.078309859881482e-09,1.078309859881482e-09,True,1.078309859881482e-09,0.39454282367532567,0,2.134885311126709
tcn_transformer_ae,169,1000,2.1596119771709995e-08,1.0760027226103977e-09,9,9,5,1.078309859881482e-09,1.078309859881482e-09,0.39454282367532567,0,0.0003,/home/danderety/Documents/GitHub/TCN_Transformer_anomaly_analizer/outputs/rcaeval/models/tcn_transformer_ae_seed43_best.pt,real_val_plus_val_synthetic,,,,,,,,,,,False,,,False,False,True,False,False,0.05,1.0760027226103977e-09,1.0760027226103977e-09,True,1.0760027226103977e-09,0.39454282367532567,0,2.1366539001464844
tcn_transformer_ae,170,1000,2.1010471932307293e-08,1.0748453869096934e-09,9,9,5,1.0760027226103977e-09,1.0760027226103977e-09,0.39454282367532567,0,0.0003,/home/danderety/Documents/GitHub/TCN_Transformer_anomaly_analizer/outputs/rcaeval/models/tcn_transformer_ae_seed43_best.pt,real_val_plus_val_synthetic,0.24575107296137338,1.0,0.39454282367532556,8787.0,0.0,0.0,0.0018529993249103427,-5e-324,True,quantile_recall_fpr_tradeoff,False,0.0,0.39454282367532567,False,True,True,False,False,0.05,1.0748453869096934e-09,1.0748453869096934e-09,True,1.0748453869096934e-09,0.39454282367532567,0,15.657826900482178
tcn_transformer_ae,171,1000,2.0524904944723046e-08,1.0733520396462124e-09,9,9,5,1.0748453869096934e-09,1.0748453869096934e-09,0.39454282367532567,0,0.0003,/home/danderety/Documents/GitHub/TCN_Transformer_anomaly_analizer/outputs/rcaeval/models/tcn_transformer_ae_seed43_best.pt,real_val_plus_val_synthetic,,,,,,,,,,,False,,,False,False,True,False,False,0.05,1.0733520396462124e-09,1.0733520396462124e-09,True,1.0733520396462124e-09,0.39454282367532567,0,2.2015292644500732
tcn_transformer_ae,172,1000,1.9876953387579825e-08,1.0721892477122167e-09,9,9,5,1.0733520396462124e-09,1.0733520396462124e-09,0.39454282367532567,0,0.0003,/home/danderety/Documents/GitHub/TCN_Transformer_anomaly_analizer/outputs/rcaeval/models/tcn_transformer_ae_seed43_best.pt,real_val_plus_val_synthetic,,,,,,,,,,,False,,,False,False,True,False,False,0.05,1.0721892477122167e-09,1.0721892477122167e-09,True,1.0721892477122167e-09,0.39454282367532567,0,2.252472400665283
tcn_transformer_ae,173,1000,1.9488767218380488e-08,1.0716927414944344e-09,9,9,5,1.0721892477122167e-09,1.0721892477122167e-09,0.39454282367532567,0,0.0003,/home/danderety/Documents/GitHub/TCN_Transformer_anomaly_analizer/outputs/rcaeval/models/tcn_transformer_ae_seed43_best.pt,real_val_plus_val_synthetic,,,,,,,,,,,False,,,False,False,True,False,False,0.05,1.0716927414944344e-09,1.0716927414944344e-09,True,1.0716927414944344e-09,0.39454282367532567,0,2.163238048553467
tcn_transformer_ae,174,1000,1.9012803042096e-08,1.0705426543169186e-09,9,9,5,1.0716927414944344e-09,1.0716927414944344e-09,0.39454282367532567,0,0.0003,/home/danderety/Documents/GitHub/TCN_Transformer_anomaly_analizer/outputs/rcaeval/models/tcn_transformer_ae_seed43_best.pt,real_val_plus_val_synthetic,,,,,,,,,,,False,,,False,False,True,False,False,0.05,1.0705426543169186e-09,1.0705426543169186e-09,True,1.0705426543169186e-09,0.39454282367532567,0,2.1568639278411865
tcn_transformer_ae,175,1000,1.8474052181747053e-08,1.0690598798913328e-09,9,9,5,1.0705426543169186e-09,1.0705426543169186e-09,0.39454282367532567,0,0.0003,/home/danderety/Documents/GitHub/TCN_Transformer_anomaly_analizer/outputs/rcaeval/models/tcn_transformer_ae_seed43_best.pt,real_val_plus_val_synthetic,0.24575107296137338,1.0,0.39454282367532556,8787.0,0.0,0.0,0.0018532281974330544,-5e-324,True,quantile_recall_fpr_tradeoff,False,0.0,0.39454282367532567,False,True,True,False,False,0.05,1.0690598798913328e-09,1.0690598798913328e-09,True,1.0690598798913328e-09,0.39454282367532567,0,16.044243812561035
tcn_transformer_ae,176,1000,1.7988831429280677e-08,1.0683974824446565e-09,9,9,5,1.0690598798913328e-09,1.0690598798913328e-09,0.39454282367532567,0,0.0003,/home/danderety/Documents/GitHub/TCN_Transformer_anomaly_analizer/outputs/rcaeval/models/tcn_transformer_ae_seed43_best.pt,real_val_plus_val_synthetic,,,,,,,,,,,False,,,False,False,True,False,False,0.05,1.0683974824446565e-09,1.0683974824446565e-09,True,1.0683974824446565e-09,0.39454282367532567,0,2.1346731185913086
tcn_transformer_ae,177,1000,1.7635714149902403e-08,1.0659243916454788e-09,9,9,5,1.0683974824446565e-09,1.0683974824446565e-09,0.39454282367532567,0,0.0003,/home/danderety/Documents/GitHub/TCN_Transformer_anomaly_analizer/outputs/rcaeval/models/tcn_transformer_ae_seed43_best.pt,real_val_plus_val_synthetic,,,,,,,,,,,False,,,False,False,True,False,False,0.05,1.0659243916454788e-09,1.0659243916454788e-09,True,1.0659243916454788e-09,0.39454282367532567,0,2.1454172134399414
tcn_transformer_ae,178,1000,1.736620297806847e-08,1.0655924883604298e-09,9,9,5,1.0659243916454788e-09,1.0659243916454788e-09,0.39454282367532567,0,0.0003,/home/danderety/Documents/GitHub/TCN_Transformer_anomaly_analizer/outputs/rcaeval/models/tcn_transformer_ae_seed43_best.pt,real_val_plus_val_synthetic,,,,,,,,,,,False,,,False,False,True,False,False,0.05,1.0655924883604298e-09,1.0655924883604298e-09,True,1.0655924883604298e-09,0.39454282367532567,0,2.186728000640869
tcn_transformer_ae,179,1000,1.6946939532850844e-08,1.064600824483811e-09,9,9,5,1.0655924883604298e-09,1.0655924883604298e-09,0.39454282367532567,0,0.0003,/home/danderety/Documents/GitHub/TCN_Transformer_anomaly_analizer/outputs/rcaeval/models/tcn_transformer_ae_seed43_best.pt,real_val_plus_val_synthetic,,,,,,,,,,,False,,,False,False,True,False,False,0.05,1.064600824483811e-09,1.064600824483811e-09,True,1.064600824483811e-09,0.39454282367532567,0,2.153055429458618
tcn_transformer_ae,180,1000,1.6413590197140098e-08,1.0632826542731452e-09,9,9,5,1.064600824483811e-09,1.064600824483811e-09,0.39454282367532567,0,0.0003,/home/danderety/Documents/GitHub/TCN_Transformer_anomaly_analizer/outputs/rcaeval/models/tcn_transformer_ae_seed43_best.pt,real_val_plus_val_synthetic,0.24575107296137338,1.0,0.39454282367532556,8787.0,0.0,0.0,0.0018536122515797615,-5e-324,True,quantile_recall_fpr_tradeoff,False,0.0,0.39454282367532567,False,True,True,False,False,0.05,1.0632826542731452e-09,1.0632826542731452e-09,True,1.0632826542731452e-09,0.39454282367532567,0,22.891003847122192
tcn_transformer_ae,181,1000,1.6261379566567088e-08,1.0506547220587483e-09,9,9,5,1.0632826542731452e-09,1.0632826542731452e-09,0.39454282367532567,0,0.0003,/home/danderety/Documents/GitHub/TCN_Transformer_anomaly_analizer/outputs/rcaeval/models/tcn_transformer_ae_seed43_best.pt,real_val_plus_val_synthetic,,,,,,,,,,,False,,,False,False,True,False,False,0.05,1.0506547220587483e-09,1.0506547220587483e-09,True,1.0506547220587483e-09,0.39454282367532567,0,2.141172170639038
tcn_transformer_ae,182,1000,1.5861317882303678e-08,9.745288955527091e-10,9,9,5,1.0506547220587483e-09,1.0506547220587483e-09,0.39454282367532567,0,0.0003,/home/danderety/Documents/GitHub/TCN_Transformer_anomaly_analizer/outputs/rcaeval/models/tcn_transformer_ae_seed43_best.pt,real_val_plus_val_synthetic,,,,,,,,,,,False,,,False,False,True,False,False,0.05,9.745288955527091e-10,9.745288955527091e-10,True,9.745288955527091e-10,0.39454282367532567,0,2.3733479976654053
tcn_transformer_ae,183,1000,1.5426838227151483e-08,6.850757842392074e-10,9,9,5,9.745288955527091e-10,9.745288955527091e-10,0.39454282367532567,0,0.0003,/home/danderety/Documents/GitHub/TCN_Transformer_anomaly_analizer/outputs/rcaeval/models/tcn_transformer_ae_seed43_best.pt,real_val_plus_val_synthetic,,,,,,,,,,,False,,,False,False,True,False,False,0.05,6.850757842392074e-10,6.850757842392074e-10,True,6.850757842392074e-10,0.39454282367532567,0,2.2776939868927
tcn_transformer_ae,184,1000,1.5251006723205268e-08,6.218928380453596e-10,9,9,5,6.850757842392074e-10,6.850757842392074e-10,0.39454282367532567,0,0.0003,/home/danderety/Documents/GitHub/TCN_Transformer_anomaly_analizer/outputs/rcaeval/models/tcn_transformer_ae_seed43_best.pt,real_val_plus_val_synthetic,,,,,,,,,,,False,,,False,False,True,False,False,0.05,6.218928380453596e-10,6.218928380453596e-10,True,6.218928380453596e-10,0.39454282367532567,0,2.198275327682495
tcn_transformer_ae,185,1000,1.4902027283656222e-08,2.1669401088186946e-10,9,9,5,6.218928380453596e-10,6.218928380453596e-10,0.39454282367532567,0,0.0003,/home/danderety/Documents/GitHub/TCN_Transformer_anomaly_analizer/outputs/rcaeval/models/tcn_transformer_ae_seed43_best.pt,real_val_plus_val_synthetic,0.24575107296137338,1.0,0.39454282367532556,8787.0,0.0,0.0,0.0,-5e-324,False,quantile_recall_fpr_tradeoff,False,0.0,0.39454282367532567,False,True,True,False,False,0.05,2.1669401088186946e-10,2.1669401088186946e-10,True,2.1669401088186946e-10,0.39454282367532567,0,16.134080410003662
tcn_transformer_ae,186,1000,1.4664634077114467e-08,1.4248252330776963e-10,9,9,5,2.1669401088186946e-10,2.1669401088186946e-10,0.39454282367532567,0,0.0003,/home/danderety/Documents/GitHub/TCN_Transformer_anomaly_analizer/outputs/rcaeval/models/tcn_transformer_ae_seed43_best.pt,real_val_plus_val_synthetic,,,,,,,,,,,False,,,False,False,True,False,False,0.05,1.4248252330776963e-10,1.4248252330776963e-10,True,1.4248252330776963e-10,0.39454282367532567,0,2.1547586917877197
tcn_transformer_ae,187,1000,1.4208722266395097e-08,8.770688442198511e-11,9,9,5,1.4248252330776963e-10,1.4248252330776963e-10,0.39454282367532567,0,0.0003,/home/danderety/Documents/GitHub/TCN_Transformer_anomaly_analizer/outputs/rcaeval/models/tcn_transformer_ae_seed43_best.pt,real_val_plus_val_synthetic,,,,,,,,,,,False,,,False,False,True,False,False,0.05,8.770688442198511e-11,8.770688442198511e-11,True,8.770688442198511e-11,0.39454282367532567,0,2.1454756259918213
tcn_transformer_ae,188,1000,1.410477148604442e-08,6.076716253151382e-11,9,9,5,8.770688442198511e-11,8.770688442198511e-11,0.39454282367532567,0,0.0003,/home/danderety/Documents/GitHub/TCN_Transformer_anomaly_analizer/outputs/rcaeval/models/tcn_transformer_ae_seed43_best.pt,real_val_plus_val_synthetic,,,,,,,,,,,False,,,False,False,True,False,False,0.05,6.076716253151382e-11,6.076716253151382e-11,True,6.076716253151382e-11,0.39454282367532567,0,2.1579768657684326
tcn_transformer_ae,189,1000,1.377511425699365e-08,5.067565179757367e-11,9,9,5,6.076716253151382e-11,6.076716253151382e-11,0.39454282367532567,0,0.0003,/home/danderety/Documents/GitHub/TCN_Transformer_anomaly_analizer/outputs/rcaeval/models/tcn_transformer_ae_seed43_best.pt,real_val_plus_val_synthetic,,,,,,,,,,,False,,,False,False,True,False,False,0.05,5.067565179757367e-11,5.067565179757367e-11,True,5.067565179757367e-11,0.39454282367532567,0,2.1358561515808105
tcn_transformer_ae,190,1000,1.3358687093709977e-08,3.962574654348731e-11,9,9,5,5.067565179757367e-11,5.067565179757367e-11,0.39454282367532567,0,0.0003,/home/danderety/Documents/GitHub/TCN_Transformer_anomaly_analizer/outputs/rcaeval/models/tcn_transformer_ae_seed43_best.pt,real_val_plus_val_synthetic,0.24575107296137338,1.0,0.39454282367532556,8787.0,0.0,0.0,0.0,-5e-324,False,quantile_recall_fpr_tradeoff,False,0.0,0.39454282367532567,False,True,True,False,False,0.05,3.962574654348731e-11,3.962574654348731e-11,True,3.962574654348731e-11,0.39454282367532567,0,15.293078422546387
tcn_transformer_ae,191,1000,1.3373879308346041e-08,3.1857189799037466e-11,9,9,5,3.962574654348731e-11,3.962574654348731e-11,0.39454282367532567,0,0.0003,/home/danderety/Documents/GitHub/TCN_Transformer_anomaly_analizer/outputs/rcaeval/models/tcn_transformer_ae_seed43_best.pt,real_val_plus_val_synthetic,,,,,,,,,,,False,,,False,False,True,False,False,0.05,3.1857189799037466e-11,3.1857189799037466e-11,True,3.1857189799037466e-11,0.39454282367532567,0,2.162503957748413
tcn_transformer_ae,192,1000,1.2887554656299224e-08,3.136980075988563e-11,9,9,5,3.1857189799037466e-11,3.1857189799037466e-11,0.39454282367532567,0,0.0003,/home/danderety/Documents/GitHub/TCN_Transformer_anomaly_analizer/outputs/rcaeval/models/tcn_transformer_ae_seed43_best.pt,real_val_plus_val_synthetic,,,,,,,,,,,False,,,False,False,True,False,False,0.05,3.136980075988563e-11,3.136980075988563e-11,True,3.136980075988563e-11,0.39454282367532567,0,2.1252024173736572
tcn_transformer_ae,193,1000,1.2778733115149026e-08,3.053923669278586e-11,9,9,5,3.136980075988563e-11,3.136980075988563e-11,0.39454282367532567,0,0.0003,/home/danderety/Documents/GitHub/TCN_Transformer_anomaly_analizer/outputs/rcaeval/models/tcn_transformer_ae_seed43_best.pt,real_val_plus_val_synthetic,,,,,,,,,,,False,,,False,False,True,False,False,0.05,3.053923669278586e-11,3.053923669278586e-11,True,3.053923669278586e-11,0.39454282367532567,0,2.125781297683716
tcn_transformer_ae,194,1000,1.2366872685330167e-08,2.954352532918377e-11,9,9,5,3.053923669278586e-11,3.053923669278586e-11,0.39454282367532567,0,0.0003,/home/danderety/Documents/GitHub/TCN_Transformer_anomaly_analizer/outputs/rcaeval/models/tcn_transformer_ae_seed43_best.pt,real_val_plus_val_synthetic,,,,,,,,,,,False,,,False,False,True,False,False,0.05,2.954352532918377e-11,2.954352532918377e-11,True,2.954352532918377e-11,0.39454282367532567,0,2.122652530670166
tcn_transformer_ae,195,1000,1.2209740037856822e-08,2.6419618549792053e-11,9,9,5,2.954352532918377e-11,2.954352532918377e-11,0.39454282367532567,0,0.0003,/home/danderety/Documents/GitHub/TCN_Transformer_anomaly_analizer/outputs/rcaeval/models/tcn_transformer_ae_seed43_best.pt,real_val_plus_val_synthetic,0.24575107296137338,1.0,0.39454282367532556,8787.0,0.0,0.0,0.0,-5e-324,False,quantile_recall_fpr_tradeoff,False,0.0,0.39454282367532567,False,True,True,False,False,0.05,2.6419618549792053e-11,2.6419618549792053e-11,True,2.6419618549792053e-11,0.39454282367532567,0,15.400810241699219
tcn_transformer_ae,196,1000,1.2370944770994e-08,2.0782626393524597e-11,9,9,5,2.6419618549792053e-11,2.6419618549792053e-11,0.39454282367532567,0,0.0003,/home/danderety/Documents/GitHub/TCN_Transformer_anomaly_analizer/outputs/rcaeval/models/tcn_transformer_ae_seed43_best.pt,real_val_plus_val_synthetic,,,,,,,,,,,False,,,False,False,True,False,False,0.05,2.0782626393524597e-11,2.0782626393524597e-11,True,2.0782626393524597e-11,0.39454282367532567,0,2.1257340908050537
tcn_transformer_ae,197,1000,1.1483418993485373e-08,2.0782626393524597e-11,9,9,5,2.0782626393524597e-11,2.0782626393524597e-11,0.39454282367532567,0,0.0003,/home/danderety/Documents/GitHub/TCN_Transformer_anomaly_analizer/outputs/rcaeval/models/tcn_transformer_ae_seed43_best.pt,real_val_plus_val_synthetic,,,,,,,,,,,False,,,False,False,False,False,False,0.05,2.0782626393524597e-11,2.0782626393524597e-11,False,2.0782626393524597e-11,0.39454282367532567,1,2.1116127967834473
tcn_transformer_ae,198,1000,1.1761360233556981e-08,2.061284749847555e-11,9,9,5,2.0782626393524597e-11,2.0782626393524597e-11,0.39454282367532567,1,0.0003,/home/danderety/Documents/GitHub/TCN_Transformer_anomaly_analizer/outputs/rcaeval/models/tcn_transformer_ae_seed43_best.pt,real_val_plus_val_synthetic,,,,,,,,,,,False,,,False,False,True,False,False,0.05,2.061284749847555e-11,2.061284749847555e-11,True,2.061284749847555e-11,0.39454282367532567,0,2.122915267944336
tcn_transformer_ae,199,1000,1.1543648491203097e-08,2.061284749847555e-11,9,9,5,2.061284749847555e-11,2.061284749847555e-11,0.39454282367532567,0,0.0003,/home/danderety/Documents/GitHub/TCN_Transformer_anomaly_analizer/outputs/rcaeval/models/tcn_transformer_ae_seed43_best.pt,real_val_plus_val_synthetic,,,,,,,,,,,False,,,False,False,False,False,False,0.05,2.061284749847555e-11,2.061284749847555e-11,False,2.061284749847555e-11,0.39454282367532567,1,2.111788034439087
tcn_transformer_ae,200,1000,1.1235006789634816e-08,2.0448244716587778e-11,9,9,5,2.061284749847555e-11,2.061284749847555e-11,0.39454282367532567,1,0.0003,/home/danderety/Documents/GitHub/TCN_Transformer_anomaly_analizer/outputs/rcaeval/models/tcn_transformer_ae_seed43_best.pt,real_val_plus_val_synthetic,0.24575107296137338,1.0,0.39454282367532556,8787.0,0.0,0.0,0.0,-5e-324,False,quantile_recall_fpr_tradeoff,False,0.0,0.39454282367532567,False,True,True,False,False,0.05,2.0448244716587778e-11,2.0448244716587778e-11,True,2.0448244716587778e-11,0.39454282367532567,0,15.935092687606812
tcn_transformer_ae,201,1000,1.1168378222237152e-08,2.061419711333986e-11,9,9,5,2.0448244716587778e-11,2.0448244716587778e-11,0.39454282367532567,0,0.0003,/home/danderety/Documents/GitHub/TCN_Transformer_anomaly_analizer/outputs/rcaeval/models/tcn_transformer_ae_seed43_best.pt,real_val_plus_val_synthetic,,,,,,,,,,,False,,,False,False,False,False,False,0.05,2.061419711333986e-11,2.0448244716587778e-11,False,2.0448244716587778e-11,0.39454282367532567,1,2.1186177730560303
tcn_transformer_ae,202,1000,1.1056220180928672e-08,2.1615022517171893e-11,9,9,5,2.0448244716587778e-11,2.0448244716587778e-11,0.39454282367532567,1,0.0003,/home/danderety/Documents/GitHub/TCN_Transformer_anomaly_analizer/outputs/rcaeval/models/tcn_transformer_ae_seed43_best.pt,real_val_plus_val_synthetic,,,,,,,,,,,False,,,False,False,False,False,False,0.05,2.1615022517171893e-11,2.0448244716587778e-11,False,2.0448244716587778e-11,0.39454282367532567,2,2.115537643432617
tcn_transformer_ae,203,1000,1.1006825788970416e-08,1.8959790655495942e-11,9,9,5,2.0448244716587778e-11,2.0448244716587778e-11,0.39454282367532567,2,0.0003,/home/danderety/Documents/GitHub/TCN_Transformer_anomaly_analizer/outputs/rcaeval/models/tcn_transformer_ae_seed43_best.pt,real_val_plus_val_synthetic,,,,,,,,,,,False,,,False,False,True,False,False,0.05,1.8959790655495942e-11,1.8959790655495942e-11,True,1.8959790655495942e-11,0.39454282367532567,0,2.12782621383667
tcn_transformer_ae,204,1000,1.0809069175952918e-08,1.9785723576585548e-11,9,9,5,1.8959790655495942e-11,1.8959790655495942e-11,0.39454282367532567,0,0.0003,/home/danderety/Documents/GitHub/TCN_Transformer_anomaly_analizer/outputs/rcaeval/models/tcn_transformer_ae_seed43_best.pt,real_val_plus_val_synthetic,,,,,,,,,,,False,,,False,False,False,False,False,0.05,1.9785723576585548e-11,1.8959790655495942e-11,False,1.8959790655495942e-11,0.39454282367532567,1,2.115307331085205
tcn_transformer_ae,205,1000,1.066151352709401e-08,2.17757980465351e-11,9,9,5,1.8959790655495942e-11,1.8959790655495942e-11,0.39454282367532567,1,0.0003,/home/danderety/Documents/GitHub/TCN_Transformer_anomaly_analizer/outputs/rcaeval/models/tcn_transformer_ae_seed43_best.pt,real_val_plus_val_synthetic,0.24575107296137338,1.0,0.39454282367532556,8787.0,0.0,0.0,0.0,-5e-324,False,quantile_recall_fpr_tradeoff,False,0.0,0.39454282367532567,False,True,False,False,False,0.05,2.17757980465351e-11,1.8959790655495942e-11,False,1.8959790655495942e-11,0.39454282367532567,2,15.995191812515259
tcn_transformer_ae,206,1000,1.0597498183343483e-08,2.17757980465351e-11,9,9,5,1.8959790655495942e-11,1.8959790655495942e-11,0.39454282367532567,2,0.0003,/home/danderety/Documents/GitHub/TCN_Transformer_anomaly_analizer/outputs/rcaeval/models/tcn_transformer_ae_seed43_best.pt,real_val_plus_val_synthetic,,,,,,,,,,,False,,,False,False,False,False,False,0.05,2.17757980465351e-11,1.8959790655495942e-11,False,1.8959790655495942e-11,0.39454282367532567,3,2.120255708694458
tcn_transformer_ae,207,1000,1.053908255352222e-08,2.2107418458523343e-11,9,9,5,1.8959790655495942e-11,1.8959790655495942e-11,0.39454282367532567,3,0.0003,/home/danderety/Documents/GitHub/TCN_Transformer_anomaly_analizer/outputs/rcaeval/models/tcn_transformer_ae_seed43_best.pt,real_val_plus_val_synthetic,,,,,,,,,,,False,,,False,False,False,False,False,0.05,2.2107418458523343e-11,1.8959790655495942e-11,False,1.8959790655495942e-11,0.39454282367532567,4,2.119384288787842
tcn_transformer_ae,208,1000,1.0381970824098776e-08,2.044385103913693e-11,9,9,5,1.8959790655495942e-11,1.8959790655495942e-11,0.39454282367532567,4,0.0003,/home/danderety/Documents/GitHub/TCN_Transformer_anomaly_analizer/outputs/rcaeval/models/tcn_transformer_ae_seed43_best.pt,real_val_plus_val_synthetic,,,,,,,,,,,False,,,False,False,False,False,False,0.05,2.044385103913693e-11,1.8959790655495942e-11,False,1.8959790655495942e-11,0.39454282367532567,5,2.116457939147949
tcn_transformer_ae,209,1000,1.0397405733488024e-08,1.9777565247500787e-11,9,9,5,1.8959790655495942e-11,1.8959790655495942e-11,0.39454282367532567,5,0.0003,/home/danderety/Documents/GitHub/TCN_Transformer_anomaly_analizer/outputs/rcaeval/models/tcn_transformer_ae_seed43_best.pt,real_val_plus_val_synthetic,,,,,,,,,,,False,,,False,False,False,False,False,0.05,1.9777565247500787e-11,1.8959790655495942e-11,False,1.8959790655495942e-11,0.39454282367532567,6,2.1199798583984375
tcn_transformer_ae,210,1000,1.0385740856694062e-08,2.0437325575091004e-11,9,9,5,1.8959790655495942e-11,1.8959790655495942e-11,0.39454282367532567,6,0.0003,/home/danderety/Documents/GitHub/TCN_Transformer_anomaly_analizer/outputs/rcaeval/models/tcn_transformer_ae_seed43_best.pt,real_val_plus_val_synthetic,0.24575107296137338,1.0,0.39454282367532556,8787.0,0.0,0.0,0.0,-5e-324,False,quantile_recall_fpr_tradeoff,False,0.0,0.39454282367532567,False,True,False,False,False,0.05,2.0437325575091004e-11,1.8959790655495942e-11,False,1.8959790655495942e-11,0.39454282367532567,7,16.354288816452026
tcn_transformer_ae,211,1000,1.0297877236932545e-08,2.0605692650354573e-11,9,9,5,1.8959790655495942e-11,1.8959790655495942e-11,0.39454282367532567,7,0.0003,/home/danderety/Documents/GitHub/TCN_Transformer_anomaly_analizer/outputs/rcaeval/models/tcn_transformer_ae_seed43_best.pt,real_val_plus_val_synthetic,0.24575107296137338,1.0,0.39454282367532556,8787.0,0.0,0.0,0.0,-5e-324,False,quantile_recall_fpr_tradeoff,False,0.0,0.39454282367532567,False,True,False,False,False,0.05,2.0605692650354573e-11,1.8959790655495942e-11,False,1.8959790655495942e-11,0.39454282367532567,8,16.48355507850647
tcn_transformer_ae,212,1000,1.0217058378080918e-08,2.0446203418448803e-11,9,9,5,1.8959790655495942e-11,1.8959790655495942e-11,0.39454282367532567,8,0.0003,/home/danderety/Documents/GitHub/TCN_Transformer_anomaly_analizer/outputs/rcaeval/models/tcn_transformer_ae_seed43_best.pt,real_val_plus_val_synthetic,0.24575107296137338,1.0,0.39454282367532556,8787.0,0.0,0.0,0.0,-5e-324,False,quantile_recall_fpr_tradeoff,False,0.0,0.39454282367532567,False,True,False,False,False,0.05,2.0446203418448803e-11,1.8959790655495942e-11,False,1.8959790655495942e-11,0.39454282367532567,9,16.17726707458496
