model,epoch,epochs_total,train_loss,val_loss,stop_patience,threshold_patience,threshold_monitor_interval,best_val_loss_before_epoch,best_checkpoint_score_before_epoch,best_detection_score_before_epoch,patience_before_epoch,learning_rate,checkpoint,validation_monitor_source,val_precision,val_recall,val_f1,val_fp,val_fn,threshold,raw_threshold,safe_threshold,was_safety_applied,threshold_type,threshold_moved,previous_threshold,detection_score,detection_signal,threshold_monitor_ran,loss_improved,threshold_signal,threshold_checkpoint,threshold_save_loss_tolerance,checkpoint_score,best_checkpoint_score_after_epoch,is_best,best_val_loss_after_epoch,best_detection_score_after_epoch,patience_after_epoch,epoch_time_sec
tcn_transformer_ae,1,1000,0.16736455863523905,0.004930527721349474,9,9,5,,,,0,0.0003,/home/danderety/Documents/GitHub/TCN_Transformer_anomaly_analizer/outputs/rcaeval/models/tcn_transformer_ae_seed44_best.pt,real_val_plus_val_synthetic,0.2771342353742821,0.994411456514146,0.4334652862362972,7426.0,16.0,-0.07744582742452621,5.327983379364014,-0.06023006886243821,True,quantile_recall_fpr_tradeoff,False,,-15.417235354666195,True,True,True,True,False,0.05,0.004930527721349474,0.004930527721349474,True,0.004930527721349474,-15.417235354666195,0,44.378209829330444
tcn_transformer_ae,2,1000,0.004589222991616343,0.0023926755251443906,9,9,5,0.004930527721349474,0.004930527721349474,-15.417235354666195,0,0.0003,/home/danderety/Documents/GitHub/TCN_Transformer_anomaly_analizer/outputs/rcaeval/models/tcn_transformer_ae_seed44_best.pt,real_val_plus_val_synthetic,,,,,,,,,,,False,,,False,False,True,False,False,0.05,0.0023926755251443906,0.0023926755251443906,True,0.0023926755251443906,-15.417235354666195,0,2.118631601333618
tcn_transformer_ae,3,1000,0.0025353392487412075,0.0014671758247498908,9,9,5,0.0023926755251443906,0.0023926755251443906,-15.417235354666195,0,0.0003,/home/danderety/Documents/GitHub/TCN_Transformer_anomaly_analizer/outputs/rcaeval/models/tcn_transformer_ae_seed44_best.pt,real_val_plus_val_synthetic,,,,,,,,,,,False,,,False,False,True,False,False,0.05,0.0014671758247498908,0.0014671758247498908,True,0.0014671758247498908,-15.417235354666195,0,2.1018590927124023
tcn_transformer_ae,4,1000,0.0016514391020831206,0.0010058243693176496,9,9,5,0.0014671758247498908,0.0014671758247498908,-15.417235354666195,0,0.0003,/home/danderety/Documents/GitHub/TCN_Transformer_anomaly_analizer/outputs/rcaeval/models/tcn_transformer_ae_seed44_best.pt,real_val_plus_val_synthetic,,,,,,,,,,,False,,,False,False,True,False,False,0.05,0.0010058243693176496,0.0010058243693176496,True,0.0010058243693176496,-15.417235354666195,0,2.153027057647705
tcn_transformer_ae,5,1000,0.0011739248926143932,0.0007357772783902676,9,9,5,0.0010058243693176496,0.0010058243693176496,-15.417235354666195,0,0.0003,/home/danderety/Documents/GitHub/TCN_Transformer_anomaly_analizer/outputs/rcaeval/models/tcn_transformer_ae_seed44_best.pt,real_val_plus_val_synthetic,0.30575927523727353,0.9902200488997555,0.4672435105067985,6437.0,28.0,-0.012416691519320011,5.0090156555175795,-0.012416691519320013,True,quantile_recall_fpr_tradeoff,True,-0.07744582742452621,-27.27509590343628,False,True,True,False,False,0.05,0.0007357772783902676,0.0007357772783902676,True,0.0007357772783902676,-15.417235354666195,0,52.06854581832886
tcn_transformer_ae,6,1000,0.0008831945223905875,0.0005630163672638288,9,9,5,0.0007357772783902676,0.0007357772783902676,-15.417235354666195,0,0.0003,/home/danderety/Documents/GitHub/TCN_Transformer_anomaly_analizer/outputs/rcaeval/models/tcn_transformer_ae_seed44_best.pt,real_val_plus_val_synthetic,,,,,,,,,,,False,,,False,False,True,False,False,0.05,0.0005630163672638288,0.0005630163672638288,True,0.0005630163672638288,-15.417235354666195,0,2.189197063446045
tcn_transformer_ae,7,1000,0.0006868251005906369,0.0004450083079459348,9,9,5,0.0005630163672638288,0.0005630163672638288,-15.417235354666195,0,0.0003,/home/danderety/Documents/GitHub/TCN_Transformer_anomaly_analizer/outputs/rcaeval/models/tcn_transformer_ae_seed44_best.pt,real_val_plus_val_synthetic,,,,,,,,,,,False,,,False,False,True,False,False,0.05,0.0004450083079459348,0.0004450083079459348,True,0.0004450083079459348,-15.417235354666195,0,2.1767895221710205
tcn_transformer_ae,8,1000,0.0005513686831007996,0.00036074942592835134,9,9,5,0.0004450083079459348,0.0004450083079459348,-15.417235354666195,0,0.0003,/home/danderety/Documents/GitHub/TCN_Transformer_anomaly_analizer/outputs/rcaeval/models/tcn_transformer_ae_seed44_best.pt,real_val_plus_val_synthetic,,,,,,,,,,,False,,,False,False,True,False,False,0.05,0.00036074942592835134,0.00036074942592835134,True,0.00036074942592835134,-15.417235354666195,0,2.1900291442871094
tcn_transformer_ae,9,1000,0.0004544247317623914,0.0002983635656520441,9,9,5,0.00036074942592835134,0.00036074942592835134,-15.417235354666195,0,0.0003,/home/danderety/Documents/GitHub/TCN_Transformer_anomaly_analizer/outputs/rcaeval/models/tcn_transformer_ae_seed44_best.pt,real_val_plus_val_synthetic,,,,,,,,,,,False,,,False,False,True,False,False,0.05,0.0002983635656520441,0.0002983635656520441,True,0.0002983635656520441,-15.417235354666195,0,2.193758487701416
tcn_transformer_ae,10,1000,0.00037866385379026684,0.0002505440754011152,9,9,5,0.0002983635656520441,0.0002983635656520441,-15.417235354666195,0,0.0003,/home/danderety/Documents/GitHub/TCN_Transformer_anomaly_analizer/outputs/rcaeval/models/tcn_transformer_ae_seed44_best.pt,real_val_plus_val_synthetic,0.29993665540540543,0.9923157527069507,0.4606404539927037,6631.0,22.0,-0.007112565916031599,4.400789833068849,-0.006281538400799037,True,quantile_recall_fpr_tradeoff,True,-0.012416691519320011,-21.301681326019136,False,True,True,False,False,0.05,0.0002505440754011152,0.0002505440754011152,True,0.0002505440754011152,-15.417235354666195,0,51.218645095825195
tcn_transformer_ae,11,1000,0.00032025854734061085,0.00021330013086022203,9,9,5,0.0002505440754011152,0.0002505440754011152,-15.417235354666195,0,0.0003,/home/danderety/Documents/GitHub/TCN_Transformer_anomaly_analizer/outputs/rcaeval/models/tcn_transformer_ae_seed44_best.pt,real_val_plus_val_synthetic,,,,,,,,,,,False,,,False,False,True,False,False,0.05,0.00021330013086022203,0.00021330013086022203,True,0.00021330013086022203,-15.417235354666195,0,2.1642956733703613
tcn_transformer_ae,12,1000,0.0002755220710874393,0.00018362563550117952,9,9,5,0.00021330013086022203,0.00021330013086022203,-15.417235354666195,0,0.0003,/home/danderety/Documents/GitHub/TCN_Transformer_anomaly_analizer/outputs/rcaeval/models/tcn_transformer_ae_seed44_best.pt,real_val_plus_val_synthetic,,,,,,,,,,,False,,,False,False,True,False,False,0.05,0.00018362563550117952,0.00018362563550117952,True,0.00018362563550117952,-15.417235354666195,0,2.149219512939453
tcn_transformer_ae,13,1000,0.000238233680252249,0.0001595482690786214,9,9,5,0.00018362563550117952,0.00018362563550117952,-15.417235354666195,0,0.0003,/home/danderety/Documents/GitHub/TCN_Transformer_anomaly_analizer/outputs/rcaeval/models/tcn_transformer_ae_seed44_best.pt,real_val_plus_val_synthetic,,,,,,,,,,,False,,,False,False,True,False,False,0.05,0.0001595482690786214,0.0001595482690786214,True,0.0001595482690786214,-15.417235354666195,0,2.196136951446533
tcn_transformer_ae,14,1000,0.00020872364083239202,0.00013975153057760073,9,9,5,0.0001595482690786214,0.0001595482690786214,-15.417235354666195,0,0.0003,/home/danderety/Documents/GitHub/TCN_Transformer_anomaly_analizer/outputs/rcaeval/models/tcn_transformer_ae_seed44_best.pt,real_val_plus_val_synthetic,,,,,,,,,,,False,,,False,False,True,False,False,0.05,0.00013975153057760073,0.00013975153057760073,True,0.00013975153057760073,-15.417235354666195,0,2.1420695781707764
tcn_transformer_ae,15,1000,0.00018339778477599359,0.0001232711506220411,9,9,5,0.00013975153057760073,0.00013975153057760073,-15.417235354666195,0,0.0003,/home/danderety/Documents/GitHub/TCN_Transformer_anomaly_analizer/outputs/rcaeval/models/tcn_transformer_ae_seed44_best.pt,real_val_plus_val_synthetic,0.29911373707533234,0.9902200488997555,0.45944412932501416,6643.0,28.0,-0.005013583693653345,4.264947414398193,-0.005013583693653346,True,quantile_recall_fpr_tradeoff,True,-0.007112565916031599,-27.306339008300778,False,True,True,False,False,0.05,0.0001232711506220411,0.0001232711506220411,True,0.0001232711506220411,-15.417235354666195,0,49.32974553108215
tcn_transformer_ae,16,1000,0.0001625799706506887,0.0001093914222861792,9,9,5,0.0001232711506220411,0.0001232711506220411,-15.417235354666195,0,0.0003,/home/danderety/Documents/GitHub/TCN_Transformer_anomaly_analizer/outputs/rcaeval/models/tcn_transformer_ae_seed44_best.pt,real_val_plus_val_synthetic,,,,,,,,,,,False,,,False,False,True,False,False,0.05,0.0001093914222861792,0.0001093914222861792,True,0.0001093914222861792,-15.417235354666195,0,2.1386001110076904
tcn_transformer_ae,17,1000,0.0001449442541975852,9.763382276224033e-05,9,9,5,0.0001093914222861792,0.0001093914222861792,-15.417235354666195,0,0.0003,/home/danderety/Documents/GitHub/TCN_Transformer_anomaly_analizer/outputs/rcaeval/models/tcn_transformer_ae_seed44_best.pt,real_val_plus_val_synthetic,,,,,,,,,,,False,,,False,False,True,False,False,0.05,9.763382276224033e-05,9.763382276224033e-05,True,9.763382276224033e-05,-15.417235354666195,0,2.1443514823913574
tcn_transformer_ae,18,1000,0.00012987341023804419,8.755046228938939e-05,9,9,5,9.763382276224033e-05,9.763382276224033e-05,-15.417235354666195,0,0.0003,/home/danderety/Documents/GitHub/TCN_Transformer_anomaly_analizer/outputs/rcaeval/models/tcn_transformer_ae_seed44_best.pt,real_val_plus_val_synthetic,,,,,,,,,,,False,,,False,False,True,False,False,0.05,8.755046228938939e-05,8.755046228938939e-05,True,8.755046228938939e-05,-15.417235354666195,0,2.139360189437866
tcn_transformer_ae,19,1000,0.0001169432307506213,7.881253812861952e-05,9,9,5,8.755046228938939e-05,8.755046228938939e-05,-15.417235354666195,0,0.0003,/home/danderety/Documents/GitHub/TCN_Transformer_anomaly_analizer/outputs/rcaeval/models/tcn_transformer_ae_seed44_best.pt,real_val_plus_val_synthetic,,,,,,,,,,,False,,,False,False,True,False,False,0.05,7.881253812861952e-05,7.881253812861952e-05,True,7.881253812861952e-05,-15.417235354666195,0,2.14547061920166
tcn_transformer_ae,20,1000,0.00010636858844562717,7.124287288246231e-05,9,9,5,7.881253812861952e-05,7.881253812861952e-05,-15.417235354666195,0,0.0003,/home/danderety/Documents/GitHub/TCN_Transformer_anomaly_analizer/outputs/rcaeval/models/tcn_transformer_ae_seed44_best.pt,real_val_plus_val_synthetic,0.3062149331031506,0.9912679008033531,0.46789217706701836,6430.0,25.0,-0.0036301356740295887,4.115979099273684,-0.0030527883209288125,True,quantile_recall_fpr_tradeoff,True,-0.005013583693653345,-24.272602753585186,False,True,True,False,False,0.05,7.124287288246231e-05,7.124287288246231e-05,True,7.124287288246231e-05,-15.417235354666195,0,48.946630001068115
tcn_transformer_ae,21,1000,9.581468428064989e-05,6.458900786484541e-05,9,9,5,7.124287288246231e-05,7.124287288246231e-05,-15.417235354666195,0,0.0003,/home/danderety/Documents/GitHub/TCN_Transformer_anomaly_analizer/outputs/rcaeval/models/tcn_transformer_ae_seed44_best.pt,real_val_plus_val_synthetic,,,,,,,,,,,False,,,False,False,True,False,False,0.05,6.458900786484541e-05,6.458900786484541e-05,True,6.458900786484541e-05,-15.417235354666195,0,2.1900837421417236
tcn_transformer_ae,22,1000,8.718661838033965e-05,5.8774370383774944e-05,9,9,5,6.458900786484541e-05,6.458900786484541e-05,-15.417235354666195,0,0.0003,/home/danderety/Documents/GitHub/TCN_Transformer_anomaly_analizer/outputs/rcaeval/models/tcn_transformer_ae_seed44_best.pt,real_val_plus_val_synthetic,,,,,,,,,,,False,,,False,False,True,False,False,0.05,5.8774370383774944e-05,5.8774370383774944e-05,True,5.8774370383774944e-05,-15.417235354666195,0,2.169346809387207
tcn_transformer_ae,23,1000,8.040227879499308e-05,5.363931469891332e-05,9,9,5,5.8774370383774944e-05,5.8774370383774944e-05,-15.417235354666195,0,0.0003,/home/danderety/Documents/GitHub/TCN_Transformer_anomaly_analizer/outputs/rcaeval/models/tcn_transformer_ae_seed44_best.pt,real_val_plus_val_synthetic,,,,,,,,,,,False,,,False,False,True,False,False,0.05,5.363931469891332e-05,5.363931469891332e-05,True,5.363931469891332e-05,-15.417235354666195,0,2.136131525039673
tcn_transformer_ae,24,1000,7.309091170495579e-05,4.903826574382433e-05,9,9,5,5.363931469891332e-05,5.363931469891332e-05,-15.417235354666195,0,0.0003,/home/danderety/Documents/GitHub/TCN_Transformer_anomaly_analizer/outputs/rcaeval/models/tcn_transformer_ae_seed44_best.pt,real_val_plus_val_synthetic,,,,,,,,,,,False,,,False,False,True,False,False,0.05,4.903826574382433e-05,4.903826574382433e-05,True,4.903826574382433e-05,-15.417235354666195,0,2.1396048069000244
tcn_transformer_ae,25,1000,6.794533209872695e-05,4.495963121766893e-05,9,9,5,4.903826574382433e-05,4.903826574382433e-05,-15.417235354666195,0,0.0003,/home/danderety/Documents/GitHub/TCN_Transformer_anomaly_analizer/outputs/rcaeval/models/tcn_transformer_ae_seed44_best.pt,real_val_plus_val_synthetic,0.3058937614481198,0.991617184771219,0.4675559947299078,6442.0,24.0,-0.004175298381596804,3.9536601066589365,-0.0041752983815968045,True,quantile_recall_fpr_tradeoff,True,-0.0036301356740295887,-23.27395530576119,False,True,True,False,False,0.05,4.495963121766893e-05,4.495963121766893e-05,True,4.495963121766893e-05,-15.417235354666195,0,48.69882535934448
tcn_transformer_ae,26,1000,6.127106857804947e-05,4.1263608616883055e-05,9,9,5,4.495963121766893e-05,4.495963121766893e-05,-15.417235354666195,0,0.0003,/home/danderety/Documents/GitHub/TCN_Transformer_anomaly_analizer/outputs/rcaeval/models/tcn_transformer_ae_seed44_best.pt,real_val_plus_val_synthetic,,,,,,,,,,,False,,,False,False,True,False,False,0.05,4.1263608616883055e-05,4.1263608616883055e-05,True,4.1263608616883055e-05,-15.417235354666195,0,2.1422271728515625
tcn_transformer_ae,27,1000,5.6482574030309e-05,3.801713350897088e-05,9,9,5,4.1263608616883055e-05,4.1263608616883055e-05,-15.417235354666195,0,0.0003,/home/danderety/Documents/GitHub/TCN_Transformer_anomaly_analizer/outputs/rcaeval/models/tcn_transformer_ae_seed44_best.pt,real_val_plus_val_synthetic,,,,,,,,,,,False,,,False,False,True,False,False,0.05,3.801713350897088e-05,3.801713350897088e-05,True,3.801713350897088e-05,-15.417235354666195,0,2.141434907913208
tcn_transformer_ae,28,1000,5.239229069601329e-05,3.508753339385452e-05,9,9,5,3.801713350897088e-05,3.801713350897088e-05,-15.417235354666195,0,0.0003,/home/danderety/Documents/GitHub/TCN_Transformer_anomaly_analizer/outputs/rcaeval/models/tcn_transformer_ae_seed44_best.pt,real_val_plus_val_synthetic,,,,,,,,,,,False,,,False,False,True,False,False,0.05,3.508753339385452e-05,3.508753339385452e-05,True,3.508753339385452e-05,-15.417235354666195,0,2.132539749145508
tcn_transformer_ae,29,1000,4.819510539401444e-05,3.241487488396714e-05,9,9,5,3.508753339385452e-05,3.508753339385452e-05,-15.417235354666195,0,0.0003,/home/danderety/Documents/GitHub/TCN_Transformer_anomaly_analizer/outputs/rcaeval/models/tcn_transformer_ae_seed44_best.pt,real_val_plus_val_synthetic,,,,,,,,,,,False,,,False,False,True,False,False,0.05,3.241487488396714e-05,3.241487488396714e-05,True,3.241487488396714e-05,-15.417235354666195,0,2.1378209590911865
tcn_transformer_ae,30,1000,4.464692159197749e-05,3.001914147598259e-05,9,9,5,3.241487488396714e-05,3.241487488396714e-05,-15.417235354666195,0,0.0003,/home/danderety/Documents/GitHub/TCN_Transformer_anomaly_analizer/outputs/rcaeval/models/tcn_transformer_ae_seed44_best.pt,real_val_plus_val_synthetic,0.3067935958459541,0.9905693328676214,0.4684893037085983,6408.0,27.0,-0.002425292506814003,3.844987154006958,-0.0024252925068140034,True,quantile_recall_fpr_tradeoff,True,-0.004175298381596804,-26.270200496233613,False,True,True,False,False,0.05,3.001914147598259e-05,3.001914147598259e-05,True,3.001914147598259e-05,-15.417235354666195,0,47.94903087615967
tcn_transformer_ae,31,1000,4.143529602752887e-05,2.7830707653186476e-05,9,9,5,3.001914147598259e-05,3.001914147598259e-05,-15.417235354666195,0,0.0003,/home/danderety/Documents/GitHub/TCN_Transformer_anomaly_analizer/outputs/rcaeval/models/tcn_transformer_ae_seed44_best.pt,real_val_plus_val_synthetic,,,,,,,,,,,False,,,False,False,True,False,False,0.05,2.7830707653186476e-05,2.7830707653186476e-05,True,2.7830707653186476e-05,-15.417235354666195,0,2.1361796855926514
tcn_transformer_ae,32,1000,3.854631256178001e-05,2.584905640738409e-05,9,9,5,2.7830707653186476e-05,2.7830707653186476e-05,-15.417235354666195,0,0.0003,/home/danderety/Documents/GitHub/TCN_Transformer_anomaly_analizer/outputs/rcaeval/models/tcn_transformer_ae_seed44_best.pt,real_val_plus_val_synthetic,,,,,,,,,,,False,,,False,False,True,False,False,0.05,2.584905640738409e-05,2.584905640738409e-05,True,2.584905640738409e-05,-15.417235354666195,0,2.132380962371826
tcn_transformer_ae,33,1000,3.590956416503658e-05,2.4031729461294955e-05,9,9,5,2.584905640738409e-05,2.584905640738409e-05,-15.417235354666195,0,0.0003,/home/danderety/Documents/GitHub/TCN_Transformer_anomaly_analizer/outputs/rcaeval/models/tcn_transformer_ae_seed44_best.pt,real_val_plus_val_synthetic,,,,,,,,,,,False,,,False,False,True,False,False,0.05,2.4031729461294955e-05,2.4031729461294955e-05,True,2.4031729461294955e-05,-15.417235354666195,0,2.1328959465026855
tcn_transformer_ae,34,1000,3.336032639945979e-05,2.236340560557437e-05,9,9,5,2.4031729461294955e-05,2.4031729461294955e-05,-15.417235354666195,0,0.0003,/home/danderety/Documents/GitHub/TCN_Transformer_anomaly_analizer/outputs/rcaeval/models/tcn_transformer_ae_seed44_best.pt,real_val_plus_val_synthetic,,,,,,,,,,,False,,,False,False,True,False,False,0.05,2.236340560557437e-05,2.236340560557437e-05,True,2.236340560557437e-05,-15.417235354666195,0,2.1345207691192627
tcn_transformer_ae,35,1000,3.1110190498704625e-05,2.083988131388374e-05,9,9,5,2.236340560557437e-05,2.236340560557437e-05,-15.417235354666195,0,0.0003,/home/danderety/Documents/GitHub/TCN_Transformer_anomaly_analizer/outputs/rcaeval/models/tcn_transformer_ae_seed44_best.pt,real_val_plus_val_synthetic,0.30559448097445296,0.9902200488997555,0.4670510708401977,6442.0,28.0,-0.0010932525619864464,3.8251020908355717,-0.0010932525619864466,True,quantile_recall_fpr_tradeoff,True,-0.002425292506814003,-27.275857365522366,False,True,True,False,False,0.05,2.083988131388374e-05,2.083988131388374e-05,True,2.083988131388374e-05,-15.417235354666195,0,47.84122133255005
tcn_transformer_ae,36,1000,2.91796764822325e-05,1.9426666411796443e-05,9,9,5,2.083988131388374e-05,2.083988131388374e-05,-15.417235354666195,0,0.0003,/home/danderety/Documents/GitHub/TCN_Transformer_anomaly_analizer/outputs/rcaeval/models/tcn_transformer_ae_seed44_best.pt,real_val_plus_val_synthetic,,,,,,,,,,,False,,,False,False,True,False,False,0.05,1.9426666411796443e-05,1.9426666411796443e-05,True,1.9426666411796443e-05,-15.417235354666195,0,2.1363584995269775
tcn_transformer_ae,37,1000,2.71264014609978e-05,1.8144146283900582e-05,9,9,5,1.9426666411796443e-05,1.9426666411796443e-05,-15.417235354666195,0,0.0003,/home/danderety/Documents/GitHub/TCN_Transformer_anomaly_analizer/outputs/rcaeval/models/tcn_transformer_ae_seed44_best.pt,real_val_plus_val_synthetic,,,,,,,,,,,False,,,False,False,True,False,False,0.05,1.8144146283900582e-05,1.8144146283900582e-05,True,1.8144146283900582e-05,-15.417235354666195,0,2.1171774864196777
tcn_transformer_ae,38,1000,2.5368549299657943e-05,1.6955961309181674e-05,9,9,5,1.8144146283900582e-05,1.8144146283900582e-05,-15.417235354666195,0,0.0003,/home/danderety/Documents/GitHub/TCN_Transformer_anomaly_analizer/outputs/rcaeval/models/tcn_transformer_ae_seed44_best.pt,real_val_plus_val_synthetic,,,,,,,,,,,False,,,False,False,True,False,False,0.05,1.6955961309181674e-05,1.6955961309181674e-05,True,1.6955961309181674e-05,-15.417235354666195,0,2.112875461578369
tcn_transformer_ae,39,1000,2.374404179452382e-05,1.584820333648721e-05,9,9,5,1.6955961309181674e-05,1.6955961309181674e-05,-15.417235354666195,0,0.0003,/home/danderety/Documents/GitHub/TCN_Transformer_anomaly_analizer/outputs/rcaeval/models/tcn_transformer_ae_seed44_best.pt,real_val_plus_val_synthetic,,,,,,,,,,,False,,,False,False,True,False,False,0.05,1.584820333648721e-05,1.584820333648721e-05,True,1.584820333648721e-05,-15.417235354666195,0,2.12056040763855
tcn_transformer_ae,40,1000,2.2249210478944207e-05,1.4832533195104865e-05,9,9,5,1.584820333648721e-05,1.584820333648721e-05,-15.417235354666195,0,0.0003,/home/danderety/Documents/GitHub/TCN_Transformer_anomaly_analizer/outputs/rcaeval/models/tcn_transformer_ae_seed44_best.pt,real_val_plus_val_synthetic,0.30765897519228685,0.9919664687390849,0.46965437406978666,6391.0,23.0,-0.0001693281956249848,3.78295660018921,-5e-324,True,quantile_recall_fpr_tradeoff,True,-0.0010932525619864464,-22.26570361377472,False,True,True,False,False,0.05,1.4832533195104865e-05,1.4832533195104865e-05,True,1.4832533195104865e-05,-15.417235354666195,0,48.26639676094055
tcn_transformer_ae,41,1000,2.0860071068138655e-05,1.3902247464221032e-05,9,9,5,1.4832533195104865e-05,1.4832533195104865e-05,-15.417235354666195,0,0.0003,/home/danderety/Documents/GitHub/TCN_Transformer_anomaly_analizer/outputs/rcaeval/models/tcn_transformer_ae_seed44_best.pt,real_val_plus_val_synthetic,,,,,,,,,,,False,,,False,False,True,False,False,0.05,1.3902247464221032e-05,1.3902247464221032e-05,True,1.3902247464221032e-05,-15.417235354666195,0,2.1215882301330566
tcn_transformer_ae,42,1000,1.957642029004131e-05,1.3034580492983324e-05,9,9,5,1.3902247464221032e-05,1.3902247464221032e-05,-15.417235354666195,0,0.0003,/home/danderety/Documents/GitHub/TCN_Transformer_anomaly_analizer/outputs/rcaeval/models/tcn_transformer_ae_seed44_best.pt,real_val_plus_val_synthetic,,,,,,,,,,,False,,,False,False,True,False,False,0.05,1.3034580492983324e-05,1.3034580492983324e-05,True,1.3034580492983324e-05,-15.417235354666195,0,2.1254994869232178
tcn_transformer_ae,43,1000,1.8381464404070435e-05,1.2235382922406881e-05,9,9,5,1.3034580492983324e-05,1.3034580492983324e-05,-15.417235354666195,0,0.0003,/home/danderety/Documents/GitHub/TCN_Transformer_anomaly_analizer/outputs/rcaeval/models/tcn_transformer_ae_seed44_best.pt,real_val_plus_val_synthetic,,,,,,,,,,,False,,,False,False,True,False,False,0.05,1.2235382922406881e-05,1.2235382922406881e-05,True,1.2235382922406881e-05,-15.417235354666195,0,2.1172544956207275
tcn_transformer_ae,44,1000,1.7306213808494604e-05,1.1472501346756674e-05,9,9,5,1.2235382922406881e-05,1.2235382922406881e-05,-15.417235354666195,0,0.0003,/home/danderety/Documents/GitHub/TCN_Transformer_anomaly_analizer/outputs/rcaeval/models/tcn_transformer_ae_seed44_best.pt,real_val_plus_val_synthetic,,,,,,,,,,,False,,,False,False,True,False,False,0.05,1.1472501346756674e-05,1.1472501346756674e-05,True,1.1472501346756674e-05,-15.417235354666195,0,2.1226806640625
tcn_transformer_ae,45,1000,1.6227658376089455e-05,1.0785483334035709e-05,9,9,5,1.1472501346756674e-05,1.1472501346756674e-05,-15.417235354666195,0,0.0003,/home/danderety/Documents/GitHub/TCN_Transformer_anomaly_analizer/outputs/rcaeval/models/tcn_transformer_ae_seed44_best.pt,real_val_plus_val_synthetic,0.2863320929296993,0.994411456514146,0.4446353271903795,7096.0,16.0,-0.0075375898741185665,3.6641492843627943,-0.0050956238992512235,True,quantile_recall_fpr_tradeoff,True,-0.0001693281956249848,-15.368509834026213,True,True,True,True,True,0.05,1.0785483334035709e-05,1.0785483334035709e-05,True,1.0785483334035709e-05,-15.368509834026213,0,46.983076333999634
tcn_transformer_ae,46,1000,1.5260978512821527e-05,1.0124164112351972e-05,9,9,5,1.0785483334035709e-05,1.0785483334035709e-05,-15.368509834026213,0,0.0003,/home/danderety/Documents/GitHub/TCN_Transformer_anomaly_analizer/outputs/rcaeval/models/tcn_transformer_ae_seed44_best.pt,real_val_plus_val_synthetic,,,,,,,,,,,False,,,False,False,True,False,False,0.05,1.0124164112351972e-05,1.0124164112351972e-05,True,1.0124164112351972e-05,-15.368509834026213,0,2.1187567710876465
tcn_transformer_ae,47,1000,1.4740894149999013e-05,9.527534950354058e-06,9,9,5,1.0124164112351972e-05,1.0124164112351972e-05,-15.368509834026213,0,0.0003,/home/danderety/Documents/GitHub/TCN_Transformer_anomaly_analizer/outputs/rcaeval/models/tcn_transformer_ae_seed44_best.pt,real_val_plus_val_synthetic,,,,,,,,,,,False,,,False,False,True,False,False,0.05,9.527534950354058e-06,9.527534950354058e-06,True,9.527534950354058e-06,-15.368509834026213,0,2.2092812061309814
tcn_transformer_ae,48,1000,1.3775468035063291e-05,8.937559760338248e-06,9,9,5,9.527534950354058e-06,9.527534950354058e-06,-15.368509834026213,0,0.0003,/home/danderety/Documents/GitHub/TCN_Transformer_anomaly_analizer/outputs/rcaeval/models/tcn_transformer_ae_seed44_best.pt,real_val_plus_val_synthetic,,,,,,,,,,,False,,,False,False,True,False,False,0.05,8.937559760338248e-06,8.937559760338248e-06,True,8.937559760338248e-06,-15.368509834026213,0,2.1767170429229736
tcn_transformer_ae,49,1000,1.2711263687616219e-05,8.41061252844077e-06,9,9,5,8.937559760338248e-06,8.937559760338248e-06,-15.368509834026213,0,0.0003,/home/danderety/Documents/GitHub/TCN_Transformer_anomaly_analizer/outputs/rcaeval/models/tcn_transformer_ae_seed44_best.pt,real_val_plus_val_synthetic,,,,,,,,,,,False,,,False,False,True,False,False,0.05,8.41061252844077e-06,8.41061252844077e-06,True,8.41061252844077e-06,-15.368509834026213,0,2.1693193912506104
tcn_transformer_ae,50,1000,1.1974336164554268e-05,7.93396945344126e-06,9,9,5,8.41061252844077e-06,8.41061252844077e-06,-15.368509834026213,0,0.0003,/home/danderety/Documents/GitHub/TCN_Transformer_anomaly_analizer/outputs/rcaeval/models/tcn_transformer_ae_seed44_best.pt,real_val_plus_val_synthetic,0.3059902860226659,0.9902200488997555,0.4675131926121372,6430.0,28.0,0.0,3.6890948772430425,-5e-324,True,quantile_recall_fpr_tradeoff,True,-0.0075375898741185665,-27.274029589943666,False,True,True,False,False,0.05,7.93396945344126e-06,7.93396945344126e-06,True,7.93396945344126e-06,-15.368509834026213,0,47.727500915527344
tcn_transformer_ae,51,1000,1.1293118572923603e-05,7.462918283042951e-06,9,9,5,7.93396945344126e-06,7.93396945344126e-06,-15.368509834026213,0,0.0003,/home/danderety/Documents/GitHub/TCN_Transformer_anomaly_analizer/outputs/rcaeval/models/tcn_transformer_ae_seed44_best.pt,real_val_plus_val_synthetic,,,,,,,,,,,False,,,False,False,True,False,False,0.05,7.462918283042951e-06,7.462918283042951e-06,True,7.462918283042951e-06,-15.368509834026213,0,2.2121849060058594
tcn_transformer_ae,52,1000,1.0714467021977686e-05,7.017574014990595e-06,9,9,5,7.462918283042951e-06,7.462918283042951e-06,-15.368509834026213,0,0.0003,/home/danderety/Documents/GitHub/TCN_Transformer_anomaly_analizer/outputs/rcaeval/models/tcn_transformer_ae_seed44_best.pt,real_val_plus_val_synthetic,,,,,,,,,,,False,,,False,False,True,False,False,0.05,7.017574014990595e-06,7.017574014990595e-06,True,7.017574014990595e-06,-15.368509834026213,0,2.1262028217315674
tcn_transformer_ae,53,1000,1.0053668812242508e-05,6.632500319779944e-06,9,9,5,7.017574014990595e-06,7.017574014990595e-06,-15.368509834026213,0,0.0003,/home/danderety/Documents/GitHub/TCN_Transformer_anomaly_analizer/outputs/rcaeval/models/tcn_transformer_ae_seed44_best.pt,real_val_plus_val_synthetic,,,,,,,,,,,False,,,False,False,True,False,False,0.05,6.632500319779944e-06,6.632500319779944e-06,True,6.632500319779944e-06,-15.368509834026213,0,2.126690626144409
tcn_transformer_ae,54,1000,9.486147874944752e-06,6.259228766596251e-06,9,9,5,6.632500319779944e-06,6.632500319779944e-06,-15.368509834026213,0,0.0003,/home/danderety/Documents/GitHub/TCN_Transformer_anomaly_analizer/outputs/rcaeval/models/tcn_transformer_ae_seed44_best.pt,real_val_plus_val_synthetic,,,,,,,,,,,False,,,False,False,True,False,False,0.05,6.259228766596251e-06,6.259228766596251e-06,True,6.259228766596251e-06,-15.368509834026213,0,2.1330151557922363
tcn_transformer_ae,55,1000,8.957437379965837e-06,5.8686750395756224e-06,9,9,5,6.259228766596251e-06,6.259228766596251e-06,-15.368509834026213,0,0.0003,/home/danderety/Documents/GitHub/TCN_Transformer_anomaly_analizer/outputs/rcaeval/models/tcn_transformer_ae_seed44_best.pt,real_val_plus_val_synthetic,0.3140139365114478,0.991617184771219,0.47698252688172044,6202.0,24.0,-0.0011325131636112928,3.649650859832764,-0.001132513163611293,True,quantile_recall_fpr_tradeoff,True,0.0,-23.23721569747418,False,True,True,False,False,0.05,5.8686750395756224e-06,5.8686750395756224e-06,True,5.8686750395756224e-06,-15.368509834026213,0,46.677152156829834
tcn_transformer_ae,56,1000,8.461269658255333e-06,5.568727369395872e-06,9,9,5,5.8686750395756224e-06,5.8686750395756224e-06,-15.368509834026213,0,0.0003,/home/danderety/Documents/GitHub/TCN_Transformer_anomaly_analizer/outputs/rcaeval/models/tcn_transformer_ae_seed44_best.pt,real_val_plus_val_synthetic,,,,,,,,,,,False,,,False,False,True,False,False,0.05,5.568727369395872e-06,5.568727369395872e-06,True,5.568727369395872e-06,-15.368509834026213,0,2.1425888538360596
tcn_transformer_ae,57,1000,8.043164474775436e-06,5.229780136371277e-06,9,9,5,5.568727369395872e-06,5.568727369395872e-06,-15.368509834026213,0,0.0003,/home/danderety/Documents/GitHub/TCN_Transformer_anomaly_analizer/outputs/rcaeval/models/tcn_transformer_ae_seed44_best.pt,real_val_plus_val_synthetic,,,,,,,,,,,False,,,False,False,True,False,False,0.05,5.229780136371277e-06,5.229780136371277e-06,True,5.229780136371277e-06,-15.368509834026213,0,2.1483047008514404
tcn_transformer_ae,58,1000,7.598314349034689e-06,4.952621501932141e-06,9,9,5,5.229780136371277e-06,5.229780136371277e-06,-15.368509834026213,0,0.0003,/home/danderety/Documents/GitHub/TCN_Transformer_anomaly_analizer/outputs/rcaeval/models/tcn_transformer_ae_seed44_best.pt,real_val_plus_val_synthetic,,,,,,,,,,,False,,,False,False,True,False,False,0.05,4.952621501932141e-06,4.952621501932141e-06,True,4.952621501932141e-06,-15.368509834026213,0,2.282733678817749
tcn_transformer_ae,59,1000,7.165217514581024e-06,4.680094983324006e-06,9,9,5,4.952621501932141e-06,4.952621501932141e-06,-15.368509834026213,0,0.0003,/home/danderety/Documents/GitHub/TCN_Transformer_anomaly_analizer/outputs/rcaeval/models/tcn_transformer_ae_seed44_best.pt,real_val_plus_val_synthetic,,,,,,,,,,,False,,,False,False,True,False,False,0.05,4.680094983324006e-06,4.680094983324006e-06,True,4.680094983324006e-06,-15.368509834026213,0,2.2462291717529297
tcn_transformer_ae,60,1000,6.751667233797691e-06,4.409564274223869e-06,9,9,5,4.680094983324006e-06,4.680094983324006e-06,-15.368509834026213,0,0.0003,/home/danderety/Documents/GitHub/TCN_Transformer_anomaly_analizer/outputs/rcaeval/models/tcn_transformer_ae_seed44_best.pt,real_val_plus_val_synthetic,0.30303030303030304,0.9919664687390849,0.46424192889252147,6532.0,23.0,-0.0015333602204918861,3.612562656402588,-0.0015333602204918864,True,quantile_recall_fpr_tradeoff,True,-0.0011325131636112928,-22.287162491181412,False,True,True,False,False,0.05,4.409564274223869e-06,4.409564274223869e-06,True,4.409564274223869e-06,-15.368509834026213,0,46.25525879859924
tcn_transformer_ae,61,1000,6.42355602711019e-06,4.179694821746323e-06,9,9,5,4.409564274223869e-06,4.409564274223869e-06,-15.368509834026213,0,0.0003,/home/danderety/Documents/GitHub/TCN_Transformer_anomaly_analizer/outputs/rcaeval/models/tcn_transformer_ae_seed44_best.pt,real_val_plus_val_synthetic,,,,,,,,,,,False,,,False,False,True,False,False,0.05,4.179694821746323e-06,4.179694821746323e-06,True,4.179694821746323e-06,-15.368509834026213,0,2.1563503742218018
tcn_transformer_ae,62,1000,6.165716953269705e-06,3.943021328189428e-06,9,9,5,4.179694821746323e-06,4.179694821746323e-06,-15.368509834026213,0,0.0003,/home/danderety/Documents/GitHub/TCN_Transformer_anomaly_analizer/outputs/rcaeval/models/tcn_transformer_ae_seed44_best.pt,real_val_plus_val_synthetic,,,,,,,,,,,False,,,False,False,True,False,False,0.05,3.943021328189428e-06,3.943021328189428e-06,True,3.943021328189428e-06,-15.368509834026213,0,2.1493804454803467
tcn_transformer_ae,63,1000,5.714602796457336e-06,3.7629106620205794e-06,9,9,5,3.943021328189428e-06,3.943021328189428e-06,-15.368509834026213,0,0.0003,/home/danderety/Documents/GitHub/TCN_Transformer_anomaly_analizer/outputs/rcaeval/models/tcn_transformer_ae_seed44_best.pt,real_val_plus_val_synthetic,,,,,,,,,,,False,,,False,False,True,False,False,0.05,3.7629106620205794e-06,3.7629106620205794e-06,True,3.7629106620205794e-06,-15.368509834026213,0,2.1587026119232178
tcn_transformer_ae,64,1000,5.422854754847915e-06,3.5311528637541176e-06,9,9,5,3.7629106620205794e-06,3.7629106620205794e-06,-15.368509834026213,0,0.0003,/home/danderety/Documents/GitHub/TCN_Transformer_anomaly_analizer/outputs/rcaeval/models/tcn_transformer_ae_seed44_best.pt,real_val_plus_val_synthetic,,,,,,,,,,,False,,,False,False,True,False,False,0.05,3.5311528637541176e-06,3.5311528637541176e-06,True,3.5311528637541176e-06,-15.368509834026213,0,2.1882736682891846
tcn_transformer_ae,65,1000,5.134288684253672e-06,3.3175997981268903e-06,9,9,5,3.5311528637541176e-06,3.5311528637541176e-06,-15.368509834026213,0,0.0003,/home/danderety/Documents/GitHub/TCN_Transformer_anomaly_analizer/outputs/rcaeval/models/tcn_transformer_ae_seed44_best.pt,real_val_plus_val_synthetic,0.2877239145835442,0.9930143206426825,0.44617074701820464,7038.0,20.0,-0.010244548320770264,3.3460330009460457,-0.00931299850344658,True,quantile_recall_fpr_tradeoff,True,-0.0015333602204918861,-19.361770890003847,False,True,True,False,False,0.05,3.3175997981268903e-06,3.3175997981268903e-06,True,3.3175997981268903e-06,-15.368509834026213,0,42.789276361465454
tcn_transformer_ae,66,1000,4.84986270768549e-06,3.155165304831272e-06,9,9,5,3.3175997981268903e-06,3.3175997981268903e-06,-15.368509834026213,0,0.0003,/home/danderety/Documents/GitHub/TCN_Transformer_anomaly_analizer/outputs/rcaeval/models/tcn_transformer_ae_seed44_best.pt,real_val_plus_val_synthetic,,,,,,,,,,,False,,,False,False,True,False,False,0.05,3.155165304831272e-06,3.155165304831272e-06,True,3.155165304831272e-06,-15.368509834026213,0,2.190746545791626
tcn_transformer_ae,67,1000,4.589233842876717e-06,2.9858969177755923e-06,9,9,5,3.155165304831272e-06,3.155165304831272e-06,-15.368509834026213,0,0.0003,/home/danderety/Documents/GitHub/TCN_Transformer_anomaly_analizer/outputs/rcaeval/models/tcn_transformer_ae_seed44_best.pt,real_val_plus_val_synthetic,,,,,,,,,,,False,,,False,False,True,False,False,0.05,2.9858969177755923e-06,2.9858969177755923e-06,True,2.9858969177755923e-06,-15.368509834026213,0,2.190018892288208
tcn_transformer_ae,68,1000,4.348103817866776e-06,2.8316519645791827e-06,9,9,5,2.9858969177755923e-06,2.9858969177755923e-06,-15.368509834026213,0,0.0003,/home/danderety/Documents/GitHub/TCN_Transformer_anomaly_analizer/outputs/rcaeval/models/tcn_transformer_ae_seed44_best.pt,real_val_plus_val_synthetic,,,,,,,,,,,False,,,False,False,True,False,False,0.05,2.8316519645791827e-06,2.8316519645791827e-06,True,2.8316519645791827e-06,-15.368509834026213,0,2.1937320232391357
tcn_transformer_ae,69,1000,4.121214319836683e-06,2.6887323384550616e-06,9,9,5,2.8316519645791827e-06,2.8316519645791827e-06,-15.368509834026213,0,0.0003,/home/danderety/Documents/GitHub/TCN_Transformer_anomaly_analizer/outputs/rcaeval/models/tcn_transformer_ae_seed44_best.pt,real_val_plus_val_synthetic,,,,,,,,,,,False,,,False,False,True,False,False,0.05,2.6887323384550616e-06,2.6887323384550616e-06,True,2.6887323384550616e-06,-15.368509834026213,0,2.1712486743927
tcn_transformer_ae,70,1000,3.9042453354538695e-06,2.5197289257606745e-06,9,9,5,2.6887323384550616e-06,2.6887323384550616e-06,-15.368509834026213,0,0.0003,/home/danderety/Documents/GitHub/TCN_Transformer_anomaly_analizer/outputs/rcaeval/models/tcn_transformer_ae_seed44_best.pt,real_val_plus_val_synthetic,0.26886391538388893,0.994411456514146,0.4232827832292596,7742.0,16.0,-0.029802322387695312,2.525735378265381,-0.029802322387695316,True,quantile_recall_fpr_tradeoff,True,-0.010244548320770264,-15.46338007458458,False,True,True,False,False,0.05,2.5197289257606745e-06,2.5197289257606745e-06,True,2.5197289257606745e-06,-15.368509834026213,0,38.85836935043335
tcn_transformer_ae,71,1000,3.701444845081942e-06,2.4253051561651735e-06,9,9,5,2.5197289257606745e-06,2.5197289257606745e-06,-15.368509834026213,0,0.0003,/home/danderety/Documents/GitHub/TCN_Transformer_anomaly_analizer/outputs/rcaeval/models/tcn_transformer_ae_seed44_best.pt,real_val_plus_val_synthetic,,,,,,,,,,,False,,,False,False,True,False,False,0.05,2.4253051561651735e-06,2.4253051561651735e-06,True,2.4253051561651735e-06,-15.368509834026213,0,2.2075328826904297
tcn_transformer_ae,72,1000,3.5071221947438733e-06,2.278848229578849e-06,9,9,5,2.4253051561651735e-06,2.4253051561651735e-06,-15.368509834026213,0,0.0003,/home/danderety/Documents/GitHub/TCN_Transformer_anomaly_analizer/outputs/rcaeval/models/tcn_transformer_ae_seed44_best.pt,real_val_plus_val_synthetic,,,,,,,,,,,False,,,False,False,True,False,False,0.05,2.278848229578849e-06,2.278848229578849e-06,True,2.278848229578849e-06,-15.368509834026213,0,2.153362989425659
tcn_transformer_ae,73,1000,3.3259563268905406e-06,2.1318976648573247e-06,9,9,5,2.278848229578849e-06,2.278848229578849e-06,-15.368509834026213,0,0.0003,/home/danderety/Documents/GitHub/TCN_Transformer_anomaly_analizer/outputs/rcaeval/models/tcn_transformer_ae_seed44_best.pt,real_val_plus_val_synthetic,,,,,,,,,,,False,,,False,False,True,False,False,0.05,2.1318976648573247e-06,2.1318976648573247e-06,True,2.1318976648573247e-06,-15.368509834026213,0,2.172055959701538
tcn_transformer_ae,74,1000,3.1529996224731884e-06,1.9993816621259297e-06,9,9,5,2.1318976648573247e-06,2.1318976648573247e-06,-15.368509834026213,0,0.0003,/home/danderety/Documents/GitHub/TCN_Transformer_anomaly_analizer/outputs/rcaeval/models/tcn_transformer_ae_seed44_best.pt,real_val_plus_val_synthetic,,,,,,,,,,,False,,,False,False,True,False,False,0.05,1.9993816621259297e-06,1.9993816621259297e-06,True,1.9993816621259297e-06,-15.368509834026213,0,2.1678385734558105
tcn_transformer_ae,75,1000,3.009935490492511e-06,1.916887758012387e-06,9,9,5,1.9993816621259297e-06,1.9993816621259297e-06,-15.368509834026213,0,0.0003,/home/danderety/Documents/GitHub/TCN_Transformer_anomaly_analizer/outputs/rcaeval/models/tcn_transformer_ae_seed44_best.pt,real_val_plus_val_synthetic,0.2601826484018265,0.9951100244498777,0.4125099543907913,8101.0,14.0,-0.003725290298461914,1.9386322259902957,-0.0018626451492309572,True,quantile_recall_fpr_tradeoff,True,-0.029802322387695312,-13.514310145206219,True,True,True,True,True,0.05,1.916887758012387e-06,1.916887758012387e-06,True,1.916887758012387e-06,-13.514310145206219,0,39.53329801559448
tcn_transformer_ae,76,1000,2.839976984788613e-06,1.863977953165807e-06,9,9,5,1.916887758012387e-06,1.916887758012387e-06,-13.514310145206219,0,0.0003,/home/danderety/Documents/GitHub/TCN_Transformer_anomaly_analizer/outputs/rcaeval/models/tcn_transformer_ae_seed44_best.pt,real_val_plus_val_synthetic,,,,,,,,,,,False,,,False,False,True,False,False,0.05,1.863977953165807e-06,1.863977953165807e-06,True,1.863977953165807e-06,-13.514310145206219,0,2.1491284370422363
tcn_transformer_ae,77,1000,2.685439769918404e-06,1.739469376576855e-06,9,9,5,1.863977953165807e-06,1.863977953165807e-06,-13.514310145206219,0,0.0003,/home/danderety/Documents/GitHub/TCN_Transformer_anomaly_analizer/outputs/rcaeval/models/tcn_transformer_ae_seed44_best.pt,real_val_plus_val_synthetic,,,,,,,,,,,False,,,False,False,True,False,False,0.05,1.739469376576855e-06,1.739469376576855e-06,True,1.739469376576855e-06,-13.514310145206219,0,2.126502275466919
tcn_transformer_ae,78,1000,2.5456462921006873e-06,1.63275630573322e-06,9,9,5,1.739469376576855e-06,1.739469376576855e-06,-13.514310145206219,0,0.0003,/home/danderety/Documents/GitHub/TCN_Transformer_anomaly_analizer/outputs/rcaeval/models/tcn_transformer_ae_seed44_best.pt,real_val_plus_val_synthetic,,,,,,,,,,,False,,,False,False,True,False,False,0.05,1.63275630573322e-06,1.63275630573322e-06,True,1.63275630573322e-06,-13.514310145206219,0,2.18650221824646
tcn_transformer_ae,79,1000,2.4137139748943257e-06,1.5474675009223258e-06,9,9,5,1.63275630573322e-06,1.63275630573322e-06,-13.514310145206219,0,0.0003,/home/danderety/Documents/GitHub/TCN_Transformer_anomaly_analizer/outputs/rcaeval/models/tcn_transformer_ae_seed44_best.pt,real_val_plus_val_synthetic,,,,,,,,,,,False,,,False,False,True,False,False,0.05,1.5474675009223258e-06,1.5474675009223258e-06,True,1.5474675009223258e-06,-13.514310145206219,0,2.187744379043579
tcn_transformer_ae,80,1000,2.297297109644996e-06,1.4582503994283205e-06,9,9,5,1.5474675009223258e-06,1.5474675009223258e-06,-13.514310145206219,0,0.0003,/home/danderety/Documents/GitHub/TCN_Transformer_anomaly_analizer/outputs/rcaeval/models/tcn_transformer_ae_seed44_best.pt,real_val_plus_val_synthetic,0.26055246604066007,0.9982535801606707,0.41324465008675537,8111.0,5.0,-0.01909211277961731,1.4949551820755012,-0.016763806343078617,True,quantile_recall_fpr_tradeoff,True,-0.003725290298461914,-4.511569938638428,True,True,True,True,True,0.05,1.4582503994283205e-06,1.4582503994283205e-06,True,1.4582503994283205e-06,-4.511569938638428,0,34.71367931365967
tcn_transformer_ae,81,1000,2.171961380989397e-06,1.3649110094913497e-06,9,9,5,1.4582503994283205e-06,1.4582503994283205e-06,-4.511569938638428,0,0.0003,/home/danderety/Documents/GitHub/TCN_Transformer_anomaly_analizer/outputs/rcaeval/models/tcn_transformer_ae_seed44_best.pt,real_val_plus_val_synthetic,,,,,,,,,,,False,,,False,False,True,False,False,0.05,1.3649110094913497e-06,1.3649110094913497e-06,True,1.3649110094913497e-06,-4.511569938638428,0,2.091639757156372
tcn_transformer_ae,82,1000,2.067972123204922e-06,1.30788275931121e-06,9,9,5,1.3649110094913497e-06,1.3649110094913497e-06,-4.511569938638428,0,0.0003,/home/danderety/Documents/GitHub/TCN_Transformer_anomaly_analizer/outputs/rcaeval/models/tcn_transformer_ae_seed44_best.pt,real_val_plus_val_synthetic,,,,,,,,,,,False,,,False,False,True,False,False,0.05,1.30788275931121e-06,1.30788275931121e-06,True,1.30788275931121e-06,-4.511569938638428,0,2.122046947479248
tcn_transformer_ae,83,1000,1.966494074207256e-06,1.2603284991873016e-06,9,9,5,1.30788275931121e-06,1.30788275931121e-06,-4.511569938638428,0,0.0003,/home/danderety/Documents/GitHub/TCN_Transformer_anomaly_analizer/outputs/rcaeval/models/tcn_transformer_ae_seed44_best.pt,real_val_plus_val_synthetic,,,,,,,,,,,False,,,False,False,True,False,False,0.05,1.2603284991873016e-06,1.2603284991873016e-06,True,1.2603284991873016e-06,-4.511569938638428,0,2.122506618499756
tcn_transformer_ae,84,1000,1.8601283067670484e-06,1.1820518478622903e-06,9,9,5,1.2603284991873016e-06,1.2603284991873016e-06,-4.511569938638428,0,0.0003,/home/danderety/Documents/GitHub/TCN_Transformer_anomaly_analizer/outputs/rcaeval/models/tcn_transformer_ae_seed44_best.pt,real_val_plus_val_synthetic,,,,,,,,,,,False,,,False,False,True,False,False,0.05,1.1820518478622903e-06,1.1820518478622903e-06,True,1.1820518478622903e-06,-4.511569938638428,0,2.1720664501190186
tcn_transformer_ae,85,1000,1.7953377800455674e-06,1.133553853526831e-06,9,9,5,1.1820518478622903e-06,1.1820518478622903e-06,-4.511569938638428,0,0.0003,/home/danderety/Documents/GitHub/TCN_Transformer_anomaly_analizer/outputs/rcaeval/models/tcn_transformer_ae_seed44_best.pt,real_val_plus_val_synthetic,0.2884028484231943,0.9902200488997555,0.4467029071141574,6995.0,28.0,-0.00046566128730773926,1.1343485116958618,-0.0004656612873077393,True,quantile_recall_fpr_tradeoff,True,-0.01909211277961731,-27.359139408843262,False,True,True,False,False,0.05,1.133553853526831e-06,1.133553853526831e-06,True,1.133553853526831e-06,-4.511569938638428,0,34.455533027648926
tcn_transformer_ae,86,1000,1.6663853357287102e-06,1.0534151545263502e-06,9,9,5,1.133553853526831e-06,1.133553853526831e-06,-4.511569938638428,0,0.0003,/home/danderety/Documents/GitHub/TCN_Transformer_anomaly_analizer/outputs/rcaeval/models/tcn_transformer_ae_seed44_best.pt,real_val_plus_val_synthetic,,,,,,,,,,,False,,,False,False,True,False,False,0.05,1.0534151545263502e-06,1.0534151545263502e-06,True,1.0534151545263502e-06,-4.511569938638428,0,2.167747974395752
tcn_transformer_ae,87,1000,1.5809767643057295e-06,1.0190780025833073e-06,9,9,5,1.0534151545263502e-06,1.0534151545263502e-06,-4.511569938638428,0,0.0003,/home/danderety/Documents/GitHub/TCN_Transformer_anomaly_analizer/outputs/rcaeval/models/tcn_transformer_ae_seed44_best.pt,real_val_plus_val_synthetic,,,,,,,,,,,False,,,False,False,True,False,False,0.05,1.0190780025833073e-06,1.0190780025833073e-06,True,1.0190780025833073e-06,-4.511569938638428,0,2.153552532196045
tcn_transformer_ae,88,1000,1.5120240586542344e-06,9.64409144775464e-07,9,9,5,1.0190780025833073e-06,1.0190780025833073e-06,-4.511569938638428,0,0.0003,/home/danderety/Documents/GitHub/TCN_Transformer_anomaly_analizer/outputs/rcaeval/models/tcn_transformer_ae_seed44_best.pt,real_val_plus_val_synthetic,,,,,,,,,,,False,,,False,False,True,False,False,0.05,9.64409144775464e-07,9.64409144775464e-07,True,9.64409144775464e-07,-4.511569938638428,0,2.193999767303467
tcn_transformer_ae,89,1000,1.4311071553315149e-06,9.067116844394347e-07,9,9,5,9.64409144775464e-07,9.64409144775464e-07,-4.511569938638428,0,0.0003,/home/danderety/Documents/GitHub/TCN_Transformer_anomaly_analizer/outputs/rcaeval/models/tcn_transformer_ae_seed44_best.pt,real_val_plus_val_synthetic,,,,,,,,,,,False,,,False,False,True,False,False,0.05,9.067116844394347e-07,9.067116844394347e-07,True,9.067116844394347e-07,-4.511569938638428,0,2.15523362159729
tcn_transformer_ae,90,1000,1.3542487707858843e-06,8.712904982234171e-07,9,9,5,9.067116844394347e-07,9.067116844394347e-07,-4.511569938638428,0,0.0003,/home/danderety/Documents/GitHub/TCN_Transformer_anomaly_analizer/outputs/rcaeval/models/tcn_transformer_ae_seed44_best.pt,real_val_plus_val_synthetic,0.2969354670013597,0.991617184771219,0.45701867353509334,6722.0,24.0,-0.0011102656135335565,0.873579204082489,-0.0009313225746154786,True,quantile_recall_fpr_tradeoff,True,-0.00046566128730773926,-23.316357882447072,False,True,True,False,False,0.05,8.712904982234171e-07,8.712904982234171e-07,True,8.712904982234171e-07,-4.511569938638428,0,32.44662666320801
tcn_transformer_ae,91,1000,1.2902552308115327e-06,8.46213125001945e-07,9,9,5,8.712904982234171e-07,8.712904982234171e-07,-4.511569938638428,0,0.0003,/home/danderety/Documents/GitHub/TCN_Transformer_anomaly_analizer/outputs/rcaeval/models/tcn_transformer_ae_seed44_best.pt,real_val_plus_val_synthetic,,,,,,,,,,,False,,,False,False,True,False,False,0.05,8.46213125001945e-07,8.46213125001945e-07,True,8.46213125001945e-07,-4.511569938638428,0,2.1566526889801025
tcn_transformer_ae,92,1000,1.2192464937569363e-06,7.845992828576883e-07,9,9,5,8.46213125001945e-07,8.46213125001945e-07,-4.511569938638428,0,0.0003,/home/danderety/Documents/GitHub/TCN_Transformer_anomaly_analizer/outputs/rcaeval/models/tcn_transformer_ae_seed44_best.pt,real_val_plus_val_synthetic,,,,,,,,,,,False,,,False,False,True,False,False,0.05,7.845992828576883e-07,7.845992828576883e-07,True,7.845992828576883e-07,-4.511569938638428,0,2.110563278198242
tcn_transformer_ae,93,1000,1.1604411836090194e-06,7.44560789757009e-07,9,9,5,7.845992828576883e-07,7.845992828576883e-07,-4.511569938638428,0,0.0003,/home/danderety/Documents/GitHub/TCN_Transformer_anomaly_analizer/outputs/rcaeval/models/tcn_transformer_ae_seed44_best.pt,real_val_plus_val_synthetic,,,,,,,,,,,False,,,False,False,True,False,False,0.05,7.44560789757009e-07,7.44560789757009e-07,True,7.44560789757009e-07,-4.511569938638428,0,2.147343397140503
tcn_transformer_ae,94,1000,1.1284190682535273e-06,6.684668318010391e-07,9,9,5,7.44560789757009e-07,7.44560789757009e-07,-4.511569938638428,0,0.0003,/home/danderety/Documents/GitHub/TCN_Transformer_anomaly_analizer/outputs/rcaeval/models/tcn_transformer_ae_seed44_best.pt,real_val_plus_val_synthetic,,,,,,,,,,,False,,,False,False,True,False,False,0.05,6.684668318010391e-07,6.684668318010391e-07,True,6.684668318010391e-07,-4.511569938638428,0,2.110865354537964
tcn_transformer_ae,95,1000,1.0428991059726562e-06,6.314907877772977e-07,9,9,5,6.684668318010391e-07,6.684668318010391e-07,-4.511569938638428,0,0.0003,/home/danderety/Documents/GitHub/TCN_Transformer_anomaly_analizer/outputs/rcaeval/models/tcn_transformer_ae_seed44_best.pt,real_val_plus_val_synthetic,0.2899510803098247,0.9937128885784142,0.4489151873767258,6967.0,18.0,0.0,0.6888051271438602,-5e-324,True,quantile_recall_fpr_tradeoff,True,-0.0011102656135335565,-17.35024776335293,False,True,True,False,False,0.05,6.314907877772977e-07,6.314907877772977e-07,True,6.314907877772977e-07,-4.511569938638428,0,29.868958711624146
tcn_transformer_ae,96,1000,9.907219139370722e-07,6.155723981563547e-07,9,9,5,6.314907877772977e-07,6.314907877772977e-07,-4.511569938638428,0,0.0003,/home/danderety/Documents/GitHub/TCN_Transformer_anomaly_analizer/outputs/rcaeval/models/tcn_transformer_ae_seed44_best.pt,real_val_plus_val_synthetic,,,,,,,,,,,False,,,False,False,True,False,False,0.05,6.155723981563547e-07,6.155723981563547e-07,True,6.155723981563547e-07,-4.511569938638428,0,2.1455748081207275
tcn_transformer_ae,97,1000,9.430889720177852e-07,6.02720102078721e-07,9,9,5,6.155723981563547e-07,6.155723981563547e-07,-4.511569938638428,0,0.0003,/home/danderety/Documents/GitHub/TCN_Transformer_anomaly_analizer/outputs/rcaeval/models/tcn_transformer_ae_seed44_best.pt,real_val_plus_val_synthetic,,,,,,,,,,,False,,,False,False,True,False,False,0.05,6.02720102078721e-07,6.02720102078721e-07,True,6.02720102078721e-07,-4.511569938638428,0,2.1456410884857178
tcn_transformer_ae,98,1000,8.910422405713926e-07,5.785130624595378e-07,9,9,5,6.02720102078721e-07,6.02720102078721e-07,-4.511569938638428,0,0.0003,/home/danderety/Documents/GitHub/TCN_Transformer_anomaly_analizer/outputs/rcaeval/models/tcn_transformer_ae_seed44_best.pt,real_val_plus_val_synthetic,,,,,,,,,,,False,,,False,False,True,False,False,0.05,5.785130624595378e-07,5.785130624595378e-07,True,5.785130624595378e-07,-4.511569938638428,0,2.1097192764282227
tcn_transformer_ae,99,1000,8.441151752846132e-07,5.585476942023295e-07,9,9,5,5.785130624595378e-07,5.785130624595378e-07,-4.511569938638428,0,0.0003,/home/danderety/Documents/GitHub/TCN_Transformer_anomaly_analizer/outputs/rcaeval/models/tcn_transformer_ae_seed44_best.pt,real_val_plus_val_synthetic,,,,,,,,,,,False,,,False,False,True,False,False,0.05,5.585476942023295e-07,5.585476942023295e-07,True,5.585476942023295e-07,-4.511569938638428,0,2.1484761238098145
tcn_transformer_ae,100,1000,7.983056336946032e-07,5.421006892076904e-07,9,9,5,5.585476942023295e-07,5.585476942023295e-07,-4.511569938638428,0,0.0003,/home/danderety/Documents/GitHub/TCN_Transformer_anomaly_analizer/outputs/rcaeval/models/tcn_transformer_ae_seed44_best.pt,real_val_plus_val_synthetic,0.2604757548032937,0.994411456514146,0.412818096135721,8083.0,16.0,-0.014901104383170605,0.4637981951236725,-0.012107136659324171,True,quantile_recall_fpr_tradeoff,True,0.0,-15.512652090686881,False,True,True,False,False,0.05,5.421006892076904e-07,5.421006892076904e-07,True,5.421006892076904e-07,-4.511569938638428,0,29.67805552482605
tcn_transformer_ae,101,1000,7.578985073154321e-07,4.774409443642902e-07,9,9,5,5.421006892076904e-07,5.421006892076904e-07,-4.511569938638428,0,0.0003,/home/danderety/Documents/GitHub/TCN_Transformer_anomaly_analizer/outputs/rcaeval/models/tcn_transformer_ae_seed44_best.pt,real_val_plus_val_synthetic,,,,,,,,,,,False,,,False,False,True,False,False,0.05,4.774409443642902e-07,4.774409443642902e-07,True,4.774409443642902e-07,-4.511569938638428,0,2.1403064727783203
tcn_transformer_ae,102,1000,7.187485855954788e-07,4.3191289107554715e-07,9,9,5,4.774409443642902e-07,4.774409443642902e-07,-4.511569938638428,0,0.0003,/home/danderety/Documents/GitHub/TCN_Transformer_anomaly_analizer/outputs/rcaeval/models/tcn_transformer_ae_seed44_best.pt,real_val_plus_val_synthetic,,,,,,,,,,,False,,,False,False,True,False,False,0.05,4.3191289107554715e-07,4.3191289107554715e-07,True,4.3191289107554715e-07,-4.511569938638428,0,2.173410177230835
tcn_transformer_ae,103,1000,7.021922453739772e-07,4.016139536875214e-07,9,9,5,4.3191289107554715e-07,4.3191289107554715e-07,-4.511569938638428,0,0.0003,/home/danderety/Documents/GitHub/TCN_Transformer_anomaly_analizer/outputs/rcaeval/models/tcn_transformer_ae_seed44_best.pt,real_val_plus_val_synthetic,,,,,,,,,,,False,,,False,False,True,False,False,0.05,4.016139536875214e-07,4.016139536875214e-07,True,4.016139536875214e-07,-4.511569938638428,0,2.1417150497436523
tcn_transformer_ae,104,1000,6.5129486499601e-07,3.731396508106113e-07,9,9,5,4.016139536875214e-07,4.016139536875214e-07,-4.511569938638428,0,0.0003,/home/danderety/Documents/GitHub/TCN_Transformer_anomaly_analizer/outputs/rcaeval/models/tcn_transformer_ae_seed44_best.pt,real_val_plus_val_synthetic,,,,,,,,,,,False,,,False,False,True,False,False,0.05,3.731396508106113e-07,3.731396508106113e-07,True,3.731396508106113e-07,-4.511569938638428,0,2.1284494400024414
tcn_transformer_ae,105,1000,6.204378315072497e-07,3.655171105304797e-07,9,9,5,3.731396508106113e-07,3.731396508106113e-07,-4.511569938638428,0,0.0003,/home/danderety/Documents/GitHub/TCN_Transformer_anomaly_analizer/outputs/rcaeval/models/tcn_transformer_ae_seed44_best.pt,real_val_plus_val_synthetic,0.29287190082644626,0.9902200488997555,0.4520449653193016,6845.0,28.0,0.0,0.4377213418483734,-5e-324,True,quantile_recall_fpr_tradeoff,True,-0.014901104383170605,-27.33672667805362,False,True,True,False,False,0.05,3.655171105304797e-07,3.655171105304797e-07,True,3.655171105304797e-07,-4.511569938638428,0,26.72455334663391
tcn_transformer_ae,106,1000,5.905986251550728e-07,3.5625586129437736e-07,9,9,5,3.655171105304797e-07,3.655171105304797e-07,-4.511569938638428,0,0.0003,/home/danderety/Documents/GitHub/TCN_Transformer_anomaly_analizer/outputs/rcaeval/models/tcn_transformer_ae_seed44_best.pt,real_val_plus_val_synthetic,,,,,,,,,,,False,,,False,False,True,False,False,0.05,3.5625586129437736e-07,3.5625586129437736e-07,True,3.5625586129437736e-07,-4.511569938638428,0,2.1720690727233887
tcn_transformer_ae,107,1000,5.603598651759967e-07,3.281317351939319e-07,9,9,5,3.5625586129437736e-07,3.5625586129437736e-07,-4.511569938638428,0,0.0003,/home/danderety/Documents/GitHub/TCN_Transformer_anomaly_analizer/outputs/rcaeval/models/tcn_transformer_ae_seed44_best.pt,real_val_plus_val_synthetic,,,,,,,,,,,False,,,False,False,True,False,False,0.05,3.281317351939319e-07,3.281317351939319e-07,True,3.281317351939319e-07,-4.511569938638428,0,2.1516470909118652
tcn_transformer_ae,108,1000,5.317132581571178e-07,3.174770390540724e-07,9,9,5,3.281317351939319e-07,3.281317351939319e-07,-4.511569938638428,0,0.0003,/home/danderety/Documents/GitHub/TCN_Transformer_anomaly_analizer/outputs/rcaeval/models/tcn_transformer_ae_seed44_best.pt,real_val_plus_val_synthetic,,,,,,,,,,,False,,,False,False,True,False,False,0.05,3.174770390540724e-07,3.174770390540724e-07,True,3.174770390540724e-07,-4.511569938638428,0,2.173358678817749
tcn_transformer_ae,109,1000,5.001539869414521e-07,2.927004934080109e-07,9,9,5,3.174770390540724e-07,3.174770390540724e-07,-4.511569938638428,0,0.0003,/home/danderety/Documents/GitHub/TCN_Transformer_anomaly_analizer/outputs/rcaeval/models/tcn_transformer_ae_seed44_best.pt,real_val_plus_val_synthetic,,,,,,,,,,,False,,,False,False,True,False,False,0.05,2.927004934080109e-07,2.927004934080109e-07,True,2.927004934080109e-07,-4.511569938638428,0,2.1567013263702393
tcn_transformer_ae,110,1000,4.7464006058817176e-07,2.7069017080002e-07,9,9,5,2.927004934080109e-07,2.927004934080109e-07,-4.511569938638428,0,0.0003,/home/danderety/Documents/GitHub/TCN_Transformer_anomaly_analizer/outputs/rcaeval/models/tcn_transformer_ae_seed44_best.pt,real_val_plus_val_synthetic,0.277756059421423,0.9926650366748166,0.4340588010691103,7390.0,21.0,-0.0009313225746154785,0.34226083755493164,-0.0009313225746154786,True,quantile_recall_fpr_tradeoff,True,0.0,-20.41429129825243,False,True,True,False,False,0.05,2.7069017080002e-07,2.7069017080002e-07,True,2.7069017080002e-07,-4.511569938638428,0,26.56705641746521
tcn_transformer_ae,111,1000,4.439883690071403e-07,2.636090009080204e-07,9,9,5,2.7069017080002e-07,2.7069017080002e-07,-4.511569938638428,0,0.0003,/home/danderety/Documents/GitHub/TCN_Transformer_anomaly_analizer/outputs/rcaeval/models/tcn_transformer_ae_seed44_best.pt,real_val_plus_val_synthetic,,,,,,,,,,,False,,,False,False,True,False,False,0.05,2.636090009080204e-07,2.636090009080204e-07,True,2.636090009080204e-07,-4.511569938638428,0,2.115777015686035
tcn_transformer_ae,112,1000,4.1846586980128725e-07,2.5675375904592845e-07,9,9,5,2.636090009080204e-07,2.636090009080204e-07,-4.511569938638428,0,0.0003,/home/danderety/Documents/GitHub/TCN_Transformer_anomaly_analizer/outputs/rcaeval/models/tcn_transformer_ae_seed44_best.pt,real_val_plus_val_synthetic,,,,,,,,,,,False,,,False,False,True,False,False,0.05,2.5675375904592845e-07,2.5675375904592845e-07,True,2.5675375904592845e-07,-4.511569938638428,0,2.128748893737793
tcn_transformer_ae,113,1000,3.9489406156650625e-07,2.4964077939137536e-07,9,9,5,2.5675375904592845e-07,2.5675375904592845e-07,-4.511569938638428,0,0.0003,/home/danderety/Documents/GitHub/TCN_Transformer_anomaly_analizer/outputs/rcaeval/models/tcn_transformer_ae_seed44_best.pt,real_val_plus_val_synthetic,,,,,,,,,,,False,,,False,False,True,False,False,0.05,2.4964077939137536e-07,2.4964077939137536e-07,True,2.4964077939137536e-07,-4.511569938638428,0,2.113255262374878
tcn_transformer_ae,114,1000,3.833281629508549e-07,2.4273925555586057e-07,9,9,5,2.4964077939137536e-07,2.4964077939137536e-07,-4.511569938638428,0,0.0003,/home/danderety/Documents/GitHub/TCN_Transformer_anomaly_analizer/outputs/rcaeval/models/tcn_transformer_ae_seed44_best.pt,real_val_plus_val_synthetic,,,,,,,,,,,False,,,False,False,True,False,False,0.05,2.4273925555586057e-07,2.4273925555586057e-07,True,2.4273925555586057e-07,-4.511569938638428,0,2.129049301147461
tcn_transformer_ae,115,1000,3.54418825958933e-07,2.1416481496440493e-07,9,9,5,2.4273925555586057e-07,2.4273925555586057e-07,-4.511569938638428,0,0.0003,/home/danderety/Documents/GitHub/TCN_Transformer_anomaly_analizer/outputs/rcaeval/models/tcn_transformer_ae_seed44_best.pt,real_val_plus_val_synthetic,0.2597094032714978,0.9926650366748166,0.4117050557728524,8101.0,21.0,-0.020489081740379333,0.23096789419651031,-0.019092112779617313,True,quantile_recall_fpr_tradeoff,True,-0.0009313225746154785,-20.517560031599217,False,True,True,False,False,0.05,2.1416481496440493e-07,2.1416481496440493e-07,True,2.1416481496440493e-07,-4.511569938638428,0,24.391228199005127
tcn_transformer_ae,116,1000,3.3825216436496147e-07,1.979778327749856e-07,9,9,5,2.1416481496440493e-07,2.1416481496440493e-07,-4.511569938638428,0,0.0003,/home/danderety/Documents/GitHub/TCN_Transformer_anomaly_analizer/outputs/rcaeval/models/tcn_transformer_ae_seed44_best.pt,real_val_plus_val_synthetic,,,,,,,,,,,False,,,False,False,True,False,False,0.05,1.979778327749856e-07,1.979778327749856e-07,True,1.979778327749856e-07,-4.511569938638428,0,2.1149022579193115
tcn_transformer_ae,117,1000,3.2227125161724596e-07,1.9163616162542063e-07,9,9,5,1.979778327749856e-07,1.979778327749856e-07,-4.511569938638428,0,0.0003,/home/danderety/Documents/GitHub/TCN_Transformer_anomaly_analizer/outputs/rcaeval/models/tcn_transformer_ae_seed44_best.pt,real_val_plus_val_synthetic,,,,,,,,,,,False,,,False,False,True,False,False,0.05,1.9163616162542063e-07,1.9163616162542063e-07,True,1.9163616162542063e-07,-4.511569938638428,0,2.0877482891082764
tcn_transformer_ae,118,1000,3.0574199604910496e-07,1.8705843305240152e-07,9,9,5,1.9163616162542063e-07,1.9163616162542063e-07,-4.511569938638428,0,0.0003,/home/danderety/Documents/GitHub/TCN_Transformer_anomaly_analizer/outputs/rcaeval/models/tcn_transformer_ae_seed44_best.pt,real_val_plus_val_synthetic,,,,,,,,,,,False,,,False,False,True,False,False,0.05,1.8705843305240152e-07,1.8705843305240152e-07,True,1.8705843305240152e-07,-4.511569938638428,0,2.0783517360687256
tcn_transformer_ae,119,1000,2.9297176487706683e-07,1.8465344438042217e-07,9,9,5,1.8705843305240152e-07,1.8705843305240152e-07,-4.511569938638428,0,0.0003,/home/danderety/Documents/GitHub/TCN_Transformer_anomaly_analizer/outputs/rcaeval/models/tcn_transformer_ae_seed44_best.pt,real_val_plus_val_synthetic,,,,,,,,,,,False,,,False,False,True,False,False,0.05,1.8465344438042217e-07,1.8465344438042217e-07,True,1.8465344438042217e-07,-4.511569938638428,0,2.1193079948425293
tcn_transformer_ae,120,1000,2.7728864429708783e-07,1.8069848210969844e-07,9,9,5,1.8465344438042217e-07,1.8465344438042217e-07,-4.511569938638428,0,0.0003,/home/danderety/Documents/GitHub/TCN_Transformer_anomaly_analizer/outputs/rcaeval/models/tcn_transformer_ae_seed44_best.pt,real_val_plus_val_synthetic,0.24575107296137338,1.0,0.39454282367532556,8787.0,0.0,-0.022351734340190887,0.15087421238422394,-0.0037252902984619145,True,quantile_recall_fpr_tradeoff,True,-0.020489081740379333,0.39454282367532567,True,True,True,True,True,0.05,1.8069848210969844e-07,1.8069848210969844e-07,True,1.8069848210969844e-07,0.39454282367532567,0,21.818795680999756
tcn_transformer_ae,121,1000,2.632481675351775e-07,1.4479315763762574e-07,9,9,5,1.8069848210969844e-07,1.8069848210969844e-07,0.39454282367532567,0,0.0003,/home/danderety/Documents/GitHub/TCN_Transformer_anomaly_analizer/outputs/rcaeval/models/tcn_transformer_ae_seed44_best.pt,real_val_plus_val_synthetic,,,,,,,,,,,False,,,False,False,True,False,False,0.05,1.4479315763762574e-07,1.4479315763762574e-07,True,1.4479315763762574e-07,0.39454282367532567,0,2.0934247970581055
tcn_transformer_ae,122,1000,2.499097690914546e-07,1.2225062214717444e-07,9,9,5,1.4479315763762574e-07,1.4479315763762574e-07,0.39454282367532567,0,0.0003,/home/danderety/Documents/GitHub/TCN_Transformer_anomaly_analizer/outputs/rcaeval/models/tcn_transformer_ae_seed44_best.pt,real_val_plus_val_synthetic,,,,,,,,,,,False,,,False,False,True,False,False,0.05,1.2225062214717444e-07,1.2225062214717444e-07,True,1.2225062214717444e-07,0.39454282367532567,0,2.065643310546875
tcn_transformer_ae,123,1000,2.368666425512777e-07,1.1357560943899304e-07,9,9,5,1.2225062214717444e-07,1.2225062214717444e-07,0.39454282367532567,0,0.0003,/home/danderety/Documents/GitHub/TCN_Transformer_anomaly_analizer/outputs/rcaeval/models/tcn_transformer_ae_seed44_best.pt,real_val_plus_val_synthetic,,,,,,,,,,,False,,,False,False,True,False,False,0.05,1.1357560943899304e-07,1.1357560943899304e-07,True,1.1357560943899304e-07,0.39454282367532567,0,2.133321523666382
tcn_transformer_ae,124,1000,2.2445249539175718e-07,7.721967816866891e-08,9,9,5,1.1357560943899304e-07,1.1357560943899304e-07,0.39454282367532567,0,0.0003,/home/danderety/Documents/GitHub/TCN_Transformer_anomaly_analizer/outputs/rcaeval/models/tcn_transformer_ae_seed44_best.pt,real_val_plus_val_synthetic,,,,,,,,,,,False,,,False,False,True,False,False,0.05,7.721967816866891e-08,7.721967816866891e-08,True,7.721967816866891e-08,0.39454282367532567,0,2.100247621536255
tcn_transformer_ae,125,1000,2.1190442776331941e-07,6.809128468794913e-08,9,9,5,7.721967816866891e-08,7.721967816866891e-08,0.39454282367532567,0,0.0003,/home/danderety/Documents/GitHub/TCN_Transformer_anomaly_analizer/outputs/rcaeval/models/tcn_transformer_ae_seed44_best.pt,real_val_plus_val_synthetic,0.2759156708442631,0.9919664687390849,0.43174217087260564,7453.0,23.0,-0.00046566128730773926,0.19371503591537476,-0.0004656612873077393,True,quantile_recall_fpr_tradeoff,True,-0.022351734340190887,-22.424476178870158,False,True,True,False,False,0.05,6.809128468794913e-08,6.809128468794913e-08,True,6.809128468794913e-08,0.39454282367532567,0,24.699979066848755
tcn_transformer_ae,126,1000,1.9907260226743703e-07,4.680221561752904e-08,9,9,5,6.809128468794913e-08,6.809128468794913e-08,0.39454282367532567,0,0.0003,/home/danderety/Documents/GitHub/TCN_Transformer_anomaly_analizer/outputs/rcaeval/models/tcn_transformer_ae_seed44_best.pt,real_val_plus_val_synthetic,,,,,,,,,,,False,,,False,False,True,False,False,0.05,4.680221561752904e-08,4.680221561752904e-08,True,4.680221561752904e-08,0.39454282367532567,0,2.1481730937957764
tcn_transformer_ae,127,1000,1.8675243890450713e-07,3.795308270769696e-08,9,9,5,4.680221561752904e-08,4.680221561752904e-08,0.39454282367532567,0,0.0003,/home/danderety/Documents/GitHub/TCN_Transformer_anomaly_analizer/outputs/rcaeval/models/tcn_transformer_ae_seed44_best.pt,real_val_plus_val_synthetic,,,,,,,,,,,False,,,False,False,True,False,False,0.05,3.795308270769696e-08,3.795308270769696e-08,True,3.795308270769696e-08,0.39454282367532567,0,2.208462953567505
tcn_transformer_ae,128,1000,1.7335638764106792e-07,3.01021804899628e-08,9,9,5,3.795308270769696e-08,3.795308270769696e-08,0.39454282367532567,0,0.0003,/home/danderety/Documents/GitHub/TCN_Transformer_anomaly_analizer/outputs/rcaeval/models/tcn_transformer_ae_seed44_best.pt,real_val_plus_val_synthetic,,,,,,,,,,,False,,,False,False,True,False,False,0.05,3.01021804899628e-08,3.01021804899628e-08,True,3.01021804899628e-08,0.39454282367532567,0,2.160459280014038
tcn_transformer_ae,129,1000,1.6031275337176656e-07,2.6750778850513576e-08,9,9,5,3.01021804899628e-08,3.01021804899628e-08,0.39454282367532567,0,0.0003,/home/danderety/Documents/GitHub/TCN_Transformer_anomaly_analizer/outputs/rcaeval/models/tcn_transformer_ae_seed44_best.pt,real_val_plus_val_synthetic,,,,,,,,,,,False,,,False,False,True,False,False,0.05,2.6750778850513576e-08,2.6750778850513576e-08,True,2.6750778850513576e-08,0.39454282367532567,0,2.206943988800049
tcn_transformer_ae,130,1000,1.496109062338252e-07,2.513807933190038e-08,9,9,5,2.6750778850513576e-08,2.6750778850513576e-08,0.39454282367532567,0,0.0003,/home/danderety/Documents/GitHub/TCN_Transformer_anomaly_analizer/outputs/rcaeval/models/tcn_transformer_ae_seed44_best.pt,real_val_plus_val_synthetic,0.24575107296137338,1.0,0.39454282367532556,8787.0,0.0,0.0,0.13783568739891094,-5e-324,True,quantile_recall_fpr_tradeoff,True,-0.00046566128730773926,0.39454282367532567,False,True,True,False,False,0.05,2.513807933190038e-08,2.513807933190038e-08,True,2.513807933190038e-08,0.39454282367532567,0,21.088428258895874
tcn_transformer_ae,131,1000,1.348069851303535e-07,2.4094919723689587e-08,9,9,5,2.513807933190038e-08,2.513807933190038e-08,0.39454282367532567,0,0.0003,/home/danderety/Documents/GitHub/TCN_Transformer_anomaly_analizer/outputs/rcaeval/models/tcn_transformer_ae_seed44_best.pt,real_val_plus_val_synthetic,,,,,,,,,,,False,,,False,False,True,False,False,0.05,2.4094919723689587e-08,2.4094919723689587e-08,True,2.4094919723689587e-08,0.39454282367532567,0,2.1328039169311523
tcn_transformer_ae,132,1000,1.2429501879914231e-07,2.345847139185103e-08,9,9,5,2.4094919723689587e-08,2.4094919723689587e-08,0.39454282367532567,0,0.0003,/home/danderety/Documents/GitHub/TCN_Transformer_anomaly_analizer/outputs/rcaeval/models/tcn_transformer_ae_seed44_best.pt,real_val_plus_val_synthetic,,,,,,,,,,,False,,,False,False,True,False,False,0.05,2.345847139185103e-08,2.345847139185103e-08,True,2.345847139185103e-08,0.39454282367532567,0,2.088742256164551
tcn_transformer_ae,133,1000,1.1197346493497168e-07,2.299986321083071e-08,9,9,5,2.345847139185103e-08,2.345847139185103e-08,0.39454282367532567,0,0.0003,/home/danderety/Documents/GitHub/TCN_Transformer_anomaly_analizer/outputs/rcaeval/models/tcn_transformer_ae_seed44_best.pt,real_val_plus_val_synthetic,,,,,,,,,,,False,,,False,False,True,False,False,0.05,2.299986321083071e-08,2.299986321083071e-08,True,2.299986321083071e-08,0.39454282367532567,0,2.090704917907715
tcn_transformer_ae,134,1000,1.0196031381511879e-07,2.2599607142807003e-08,9,9,5,2.299986321083071e-08,2.299986321083071e-08,0.39454282367532567,0,0.0003,/home/danderety/Documents/GitHub/TCN_Transformer_anomaly_analizer/outputs/rcaeval/models/tcn_transformer_ae_seed44_best.pt,real_val_plus_val_synthetic,,,,,,,,,,,False,,,False,False,True,False,False,0.05,2.2599607142807003e-08,2.2599607142807003e-08,True,2.2599607142807003e-08,0.39454282367532567,0,2.09065842628479
tcn_transformer_ae,135,1000,9.31649397242411e-08,2.1743472760216636e-08,9,9,5,2.2599607142807003e-08,2.2599607142807003e-08,0.39454282367532567,0,0.0003,/home/danderety/Documents/GitHub/TCN_Transformer_anomaly_analizer/outputs/rcaeval/models/tcn_transformer_ae_seed44_best.pt,real_val_plus_val_synthetic,0.24575107296137338,1.0,0.39454282367532556,8787.0,0.0,0.0,0.10319052636623399,-5e-324,True,quantile_recall_fpr_tradeoff,False,0.0,0.39454282367532567,False,True,True,False,False,0.05,2.1743472760216636e-08,2.1743472760216636e-08,True,2.1743472760216636e-08,0.39454282367532567,0,20.555084943771362
tcn_transformer_ae,136,1000,8.925091745852667e-08,2.0815996127282223e-08,9,9,5,2.1743472760216636e-08,2.1743472760216636e-08,0.39454282367532567,0,0.0003,/home/danderety/Documents/GitHub/TCN_Transformer_anomaly_analizer/outputs/rcaeval/models/tcn_transformer_ae_seed44_best.pt,real_val_plus_val_synthetic,,,,,,,,,,,False,,,False,False,True,False,False,0.05,2.0815996127282223e-08,2.0815996127282223e-08,True,2.0815996127282223e-08,0.39454282367532567,0,2.1072745323181152
tcn_transformer_ae,137,1000,7.877613463962332e-08,2.019200821883724e-08,9,9,5,2.0815996127282223e-08,2.0815996127282223e-08,0.39454282367532567,0,0.0003,/home/danderety/Documents/GitHub/TCN_Transformer_anomaly_analizer/outputs/rcaeval/models/tcn_transformer_ae_seed44_best.pt,real_val_plus_val_synthetic,,,,,,,,,,,False,,,False,False,True,False,False,0.05,2.019200821883724e-08,2.019200821883724e-08,True,2.019200821883724e-08,0.39454282367532567,0,2.166046619415283
tcn_transformer_ae,138,1000,7.316500178658118e-08,1.9751734890173088e-08,9,9,5,2.019200821883724e-08,2.019200821883724e-08,0.39454282367532567,0,0.0003,/home/danderety/Documents/GitHub/TCN_Transformer_anomaly_analizer/outputs/rcaeval/models/tcn_transformer_ae_seed44_best.pt,real_val_plus_val_synthetic,,,,,,,,,,,False,,,False,False,True,False,False,0.05,1.9751734890173088e-08,1.9751734890173088e-08,True,1.9751734890173088e-08,0.39454282367532567,0,2.0958545207977295
tcn_transformer_ae,139,1000,6.835932604517488e-08,1.9550229617560293e-08,9,9,5,1.9751734890173088e-08,1.9751734890173088e-08,0.39454282367532567,0,0.0003,/home/danderety/Documents/GitHub/TCN_Transformer_anomaly_analizer/outputs/rcaeval/models/tcn_transformer_ae_seed44_best.pt,real_val_plus_val_synthetic,,,,,,,,,,,False,,,False,False,True,False,False,0.05,1.9550229617560293e-08,1.9550229617560293e-08,True,1.9550229617560293e-08,0.39454282367532567,0,2.1246135234832764
tcn_transformer_ae,140,1000,6.51013516331837e-08,1.936133642299609e-08,9,9,5,1.9550229617560293e-08,1.9550229617560293e-08,0.39454282367532567,0,0.0003,/home/danderety/Documents/GitHub/TCN_Transformer_anomaly_analizer/outputs/rcaeval/models/tcn_transformer_ae_seed44_best.pt,real_val_plus_val_synthetic,0.24575107296137338,1.0,0.39454282367532556,8787.0,0.0,0.0,0.09592621773481369,-5e-324,True,quantile_recall_fpr_tradeoff,False,0.0,0.39454282367532567,False,True,True,False,False,0.05,1.936133642299609e-08,1.936133642299609e-08,True,1.936133642299609e-08,0.39454282367532567,0,19.6398708820343
tcn_transformer_ae,141,1000,6.334497000367541e-08,1.910729145375615e-08,9,9,5,1.936133642299609e-08,1.936133642299609e-08,0.39454282367532567,0,0.0003,/home/danderety/Documents/GitHub/TCN_Transformer_anomaly_analizer/outputs/rcaeval/models/tcn_transformer_ae_seed44_best.pt,real_val_plus_val_synthetic,,,,,,,,,,,False,,,False,False,True,False,False,0.05,1.910729145375615e-08,1.910729145375615e-08,True,1.910729145375615e-08,0.39454282367532567,0,2.12345814704895
tcn_transformer_ae,142,1000,5.832892630732915e-08,1.8362579803921086e-08,9,9,5,1.910729145375615e-08,1.910729145375615e-08,0.39454282367532567,0,0.0003,/home/danderety/Documents/GitHub/TCN_Transformer_anomaly_analizer/outputs/rcaeval/models/tcn_transformer_ae_seed44_best.pt,real_val_plus_val_synthetic,,,,,,,,,,,False,,,False,False,True,False,False,0.05,1.8362579803921086e-08,1.8362579803921086e-08,True,1.8362579803921086e-08,0.39454282367532567,0,2.1225168704986572
tcn_transformer_ae,143,1000,5.4999677295589196e-08,1.6364198333956134e-08,9,9,5,1.8362579803921086e-08,1.8362579803921086e-08,0.39454282367532567,0,0.0003,/home/danderety/Documents/GitHub/TCN_Transformer_anomaly_analizer/outputs/rcaeval/models/tcn_transformer_ae_seed44_best.pt,real_val_plus_val_synthetic,,,,,,,,,,,False,,,False,False,True,False,False,0.05,1.6364198333956134e-08,1.6364198333956134e-08,True,1.6364198333956134e-08,0.39454282367532567,0,2.129222869873047
tcn_transformer_ae,144,1000,5.261321959746668e-08,1.4859935196292305e-08,9,9,5,1.6364198333956134e-08,1.6364198333956134e-08,0.39454282367532567,0,0.0003,/home/danderety/Documents/GitHub/TCN_Transformer_anomaly_analizer/outputs/rcaeval/models/tcn_transformer_ae_seed44_best.pt,real_val_plus_val_synthetic,,,,,,,,,,,False,,,False,False,True,False,False,0.05,1.4859935196292305e-08,1.4859935196292305e-08,True,1.4859935196292305e-08,0.39454282367532567,0,2.1728785037994385
tcn_transformer_ae,145,1000,5.0532968032257486e-08,1.435654612643191e-08,9,9,5,1.4859935196292305e-08,1.4859935196292305e-08,0.39454282367532567,0,0.0003,/home/danderety/Documents/GitHub/TCN_Transformer_anomaly_analizer/outputs/rcaeval/models/tcn_transformer_ae_seed44_best.pt,real_val_plus_val_synthetic,0.24575107296137338,1.0,0.39454282367532556,8787.0,0.0,0.0,0.07031484693288803,-5e-324,True,quantile_recall_fpr_tradeoff,False,0.0,0.39454282367532567,False,True,True,False,False,0.05,1.435654612643191e-08,1.435654612643191e-08,True,1.435654612643191e-08,0.39454282367532567,0,18.632083415985107
tcn_transformer_ae,146,1000,4.8578991534745215e-08,1.419677447852734e-08,9,9,5,1.435654612643191e-08,1.435654612643191e-08,0.39454282367532567,0,0.0003,/home/danderety/Documents/GitHub/TCN_Transformer_anomaly_analizer/outputs/rcaeval/models/tcn_transformer_ae_seed44_best.pt,real_val_plus_val_synthetic,,,,,,,,,,,False,,,False,False,True,False,False,0.05,1.419677447852734e-08,1.419677447852734e-08,True,1.419677447852734e-08,0.39454282367532567,0,2.097123384475708
tcn_transformer_ae,147,1000,4.688090398977228e-08,1.3053153421977605e-08,9,9,5,1.419677447852734e-08,1.419677447852734e-08,0.39454282367532567,0,0.0003,/home/danderety/Documents/GitHub/TCN_Transformer_anomaly_analizer/outputs/rcaeval/models/tcn_transformer_ae_seed44_best.pt,real_val_plus_val_synthetic,,,,,,,,,,,False,,,False,False,True,False,False,0.05,1.3053153421977605e-08,1.3053153421977605e-08,True,1.3053153421977605e-08,0.39454282367532567,0,2.0778298377990723
tcn_transformer_ae,148,1000,4.518396204049494e-08,9.415824893328097e-09,9,9,5,1.3053153421977605e-08,1.3053153421977605e-08,0.39454282367532567,0,0.0003,/home/danderety/Documents/GitHub/TCN_Transformer_anomaly_analizer/outputs/rcaeval/models/tcn_transformer_ae_seed44_best.pt,real_val_plus_val_synthetic,,,,,,,,,,,False,,,False,False,True,False,False,0.05,9.415824893328097e-09,9.415824893328097e-09,True,9.415824893328097e-09,0.39454282367532567,0,2.103630542755127
tcn_transformer_ae,149,1000,4.333261218446716e-08,8.586890374966127e-09,9,9,5,9.415824893328097e-09,9.415824893328097e-09,0.39454282367532567,0,0.0003,/home/danderety/Documents/GitHub/TCN_Transformer_anomaly_analizer/outputs/rcaeval/models/tcn_transformer_ae_seed44_best.pt,real_val_plus_val_synthetic,,,,,,,,,,,False,,,False,False,True,False,False,0.05,8.586890374966127e-09,8.586890374966127e-09,True,8.586890374966127e-09,0.39454282367532567,0,2.119396209716797
tcn_transformer_ae,150,1000,4.186087540371313e-08,5.412084402011275e-09,9,9,5,8.586890374966127e-09,8.586890374966127e-09,0.39454282367532567,0,0.0003,/home/danderety/Documents/GitHub/TCN_Transformer_anomaly_analizer/outputs/rcaeval/models/tcn_transformer_ae_seed44_best.pt,real_val_plus_val_synthetic,0.24575107296137338,1.0,0.39454282367532556,8787.0,0.0,0.0,0.04597171023488053,-5e-324,True,quantile_recall_fpr_tradeoff,False,0.0,0.39454282367532567,False,True,True,False,False,0.05,5.412084402011275e-09,5.412084402011275e-09,True,5.412084402011275e-09,0.39454282367532567,0,18.74859857559204
tcn_transformer_ae,151,1000,4.0283644400905476e-08,4.688664067637358e-09,9,9,5,5.412084402011275e-09,5.412084402011275e-09,0.39454282367532567,0,0.0003,/home/danderety/Documents/GitHub/TCN_Transformer_anomaly_analizer/outputs/rcaeval/models/tcn_transformer_ae_seed44_best.pt,real_val_plus_val_synthetic,,,,,,,,,,,False,,,False,False,True,False,False,0.05,4.688664067637358e-09,4.688664067637358e-09,True,4.688664067637358e-09,0.39454282367532567,0,2.192021608352661
tcn_transformer_ae,152,1000,3.868864262773533e-08,3.88143708027758e-09,9,9,5,4.688664067637358e-09,4.688664067637358e-09,0.39454282367532567,0,0.0003,/home/danderety/Documents/GitHub/TCN_Transformer_anomaly_analizer/outputs/rcaeval/models/tcn_transformer_ae_seed44_best.pt,real_val_plus_val_synthetic,,,,,,,,,,,False,,,False,False,True,False,False,0.05,3.88143708027758e-09,3.88143708027758e-09,True,3.88143708027758e-09,0.39454282367532567,0,2.138665199279785
tcn_transformer_ae,153,1000,3.736594830651479e-08,3.4982105720248206e-09,9,9,5,3.88143708027758e-09,3.88143708027758e-09,0.39454282367532567,0,0.0003,/home/danderety/Documents/GitHub/TCN_Transformer_anomaly_analizer/outputs/rcaeval/models/tcn_transformer_ae_seed44_best.pt,real_val_plus_val_synthetic,,,,,,,,,,,False,,,False,False,True,False,False,0.05,3.4982105720248206e-09,3.4982105720248206e-09,True,3.4982105720248206e-09,0.39454282367532567,0,2.2102606296539307
tcn_transformer_ae,154,1000,3.5526431651572675e-08,3.019121552172553e-09,9,9,5,3.4982105720248206e-09,3.4982105720248206e-09,0.39454282367532567,0,0.0003,/home/danderety/Documents/GitHub/TCN_Transformer_anomaly_analizer/outputs/rcaeval/models/tcn_transformer_ae_seed44_best.pt,real_val_plus_val_synthetic,,,,,,,,,,,False,,,False,False,True,False,False,0.05,3.019121552172553e-09,3.019121552172553e-09,True,3.019121552172553e-09,0.39454282367532567,0,2.176950216293335
tcn_transformer_ae,155,1000,3.417253216629552e-08,2.7142787676276183e-09,9,9,5,3.019121552172553e-09,3.019121552172553e-09,0.39454282367532567,0,0.0003,/home/danderety/Documents/GitHub/TCN_Transformer_anomaly_analizer/outputs/rcaeval/models/tcn_transformer_ae_seed44_best.pt,real_val_plus_val_synthetic,0.24575107296137338,1.0,0.39454282367532556,8787.0,0.0,0.0,0.023006057366728783,-5e-324,True,quantile_recall_fpr_tradeoff,False,0.0,0.39454282367532567,False,True,True,False,False,0.05,2.7142787676276183e-09,2.7142787676276183e-09,True,2.7142787676276183e-09,0.39454282367532567,0,17.240106105804443
tcn_transformer_ae,156,1000,3.2880393094227085e-08,2.4652114238100267e-09,9,9,5,2.7142787676276183e-09,2.7142787676276183e-09,0.39454282367532567,0,0.0003,/home/danderety/Documents/GitHub/TCN_Transformer_anomaly_analizer/outputs/rcaeval/models/tcn_transformer_ae_seed44_best.pt,real_val_plus_val_synthetic,,,,,,,,,,,False,,,False,False,True,False,False,0.05,2.4652114238100267e-09,2.4652114238100267e-09,True,2.4652114238100267e-09,0.39454282367532567,0,2.1071629524230957
tcn_transformer_ae,157,1000,3.139352677334026e-08,2.3496687078844265e-09,9,9,5,2.4652114238100267e-09,2.4652114238100267e-09,0.39454282367532567,0,0.0003,/home/danderety/Documents/GitHub/TCN_Transformer_anomaly_analizer/outputs/rcaeval/models/tcn_transformer_ae_seed44_best.pt,real_val_plus_val_synthetic,,,,,,,,,,,False,,,False,False,True,False,False,0.05,2.3496687078844265e-09,2.3496687078844265e-09,True,2.3496687078844265e-09,0.39454282367532567,0,2.094691514968872
tcn_transformer_ae,158,1000,2.9777107736072634e-08,2.114228586077674e-09,9,9,5,2.3496687078844265e-09,2.3496687078844265e-09,0.39454282367532567,0,0.0003,/home/danderety/Documents/GitHub/TCN_Transformer_anomaly_analizer/outputs/rcaeval/models/tcn_transformer_ae_seed44_best.pt,real_val_plus_val_synthetic,,,,,,,,,,,False,,,False,False,True,False,False,0.05,2.114228586077674e-09,2.114228586077674e-09,True,2.114228586077674e-09,0.39454282367532567,0,2.1189310550689697
tcn_transformer_ae,159,1000,2.854288890265776e-08,1.4508933647851396e-09,9,9,5,2.114228586077674e-09,2.114228586077674e-09,0.39454282367532567,0,0.0003,/home/danderety/Documents/GitHub/TCN_Transformer_anomaly_analizer/outputs/rcaeval/models/tcn_transformer_ae_seed44_best.pt,real_val_plus_val_synthetic,,,,,,,,,,,False,,,False,False,True,False,False,0.05,1.4508933647851396e-09,1.4508933647851396e-09,True,1.4508933647851396e-09,0.39454282367532567,0,2.226443290710449
tcn_transformer_ae,160,1000,2.7325906967142235e-08,1.278429107688631e-09,9,9,5,1.4508933647851396e-09,1.4508933647851396e-09,0.39454282367532567,0,0.0003,/home/danderety/Documents/GitHub/TCN_Transformer_anomaly_analizer/outputs/rcaeval/models/tcn_transformer_ae_seed44_best.pt,real_val_plus_val_synthetic,0.24575107296137338,1.0,0.39454282367532556,8787.0,0.0,0.0,0.014810751751065257,-5e-324,True,quantile_recall_fpr_tradeoff,False,0.0,0.39454282367532567,False,True,True,False,False,0.05,1.278429107688631e-09,1.278429107688631e-09,True,1.278429107688631e-09,0.39454282367532567,0,17.33932662010193
tcn_transformer_ae,161,1000,2.7242920962600652e-08,1.2023340869677488e-09,9,9,5,1.278429107688631e-09,1.278429107688631e-09,0.39454282367532567,0,0.0003,/home/danderety/Documents/GitHub/TCN_Transformer_anomaly_analizer/outputs/rcaeval/models/tcn_transformer_ae_seed44_best.pt,real_val_plus_val_synthetic,,,,,,,,,,,False,,,False,False,True,False,False,0.05,1.2023340869677488e-09,1.2023340869677488e-09,True,1.2023340869677488e-09,0.39454282367532567,0,2.1045124530792236
tcn_transformer_ae,162,1000,2.513939873663078e-08,1.1710805680222036e-09,9,9,5,1.2023340869677488e-09,1.2023340869677488e-09,0.39454282367532567,0,0.0003,/home/danderety/Documents/GitHub/TCN_Transformer_anomaly_analizer/outputs/rcaeval/models/tcn_transformer_ae_seed44_best.pt,real_val_plus_val_synthetic,,,,,,,,,,,False,,,False,False,True,False,False,0.05,1.1710805680222036e-09,1.1710805680222036e-09,True,1.1710805680222036e-09,0.39454282367532567,0,2.119180679321289
tcn_transformer_ae,163,1000,2.4131905971087705e-08,1.1337983184218673e-09,9,9,5,1.1710805680222036e-09,1.1710805680222036e-09,0.39454282367532567,0,0.0003,/home/danderety/Documents/GitHub/TCN_Transformer_anomaly_analizer/outputs/rcaeval/models/tcn_transformer_ae_seed44_best.pt,real_val_plus_val_synthetic,,,,,,,,,,,False,,,False,False,True,False,False,0.05,1.1337983184218673e-09,1.1337983184218673e-09,True,1.1337983184218673e-09,0.39454282367532567,0,2.090769052505493
tcn_transformer_ae,164,1000,2.3321971658233402e-08,1.1217030633707185e-09,9,9,5,1.1337983184218673e-09,1.1337983184218673e-09,0.39454282367532567,0,0.0003,/home/danderety/Documents/GitHub/TCN_Transformer_anomaly_analizer/outputs/rcaeval/models/tcn_transformer_ae_seed44_best.pt,real_val_plus_val_synthetic,,,,,,,,,,,False,,,False,False,True,False,False,0.05,1.1217030633707185e-09,1.1217030633707185e-09,True,1.1217030633707185e-09,0.39454282367532567,0,2.1004462242126465
tcn_transformer_ae,165,1000,2.300235184935302e-08,1.0994816949810317e-09,9,9,5,1.1217030633707185e-09,1.1217030633707185e-09,0.39454282367532567,0,0.0003,/home/danderety/Documents/GitHub/TCN_Transformer_anomaly_analizer/outputs/rcaeval/models/tcn_transformer_ae_seed44_best.pt,real_val_plus_val_synthetic,0.24575107296137338,1.0,0.39454282367532556,8787.0,0.0,0.0,0.005559087730944157,-5e-324,True,quantile_recall_fpr_tradeoff,False,0.0,0.39454282367532567,False,True,True,False,False,0.05,1.0994816949810317e-09,1.0994816949810317e-09,True,1.0994816949810317e-09,0.39454282367532567,0,16.33080768585205
tcn_transformer_ae,166,1000,2.1568565329889978e-08,1.078592567879496e-09,9,9,5,1.0994816949810317e-09,1.0994816949810317e-09,0.39454282367532567,0,0.0003,/home/danderety/Documents/GitHub/TCN_Transformer_anomaly_analizer/outputs/rcaeval/models/tcn_transformer_ae_seed44_best.pt,real_val_plus_val_synthetic,,,,,,,,,,,False,,,False,False,True,False,False,0.05,1.078592567879496e-09,1.078592567879496e-09,True,1.078592567879496e-09,0.39454282367532567,0,2.110980272293091
tcn_transformer_ae,167,1000,2.0859227871553636e-08,1.0764430061386324e-09,9,9,5,1.078592567879496e-09,1.078592567879496e-09,0.39454282367532567,0,0.0003,/home/danderety/Documents/GitHub/TCN_Transformer_anomaly_analizer/outputs/rcaeval/models/tcn_transformer_ae_seed44_best.pt,real_val_plus_val_synthetic,,,,,,,,,,,False,,,False,False,True,False,False,0.05,1.0764430061386324e-09,1.0764430061386324e-09,True,1.0764430061386324e-09,0.39454282367532567,0,2.1332335472106934
tcn_transformer_ae,168,1000,2.0134893771607602e-08,1.0751142629392262e-09,9,9,5,1.0764430061386324e-09,1.0764430061386324e-09,0.39454282367532567,0,0.0003,/home/danderety/Documents/GitHub/TCN_Transformer_anomaly_analizer/outputs/rcaeval/models/tcn_transformer_ae_seed44_best.pt,real_val_plus_val_synthetic,,,,,,,,,,,False,,,False,False,True,False,False,0.05,1.0751142629392262e-09,1.0751142629392262e-09,True,1.0751142629392262e-09,0.39454282367532567,0,2.189911365509033
tcn_transformer_ae,169,1000,1.9546629397196917e-08,1.0741199001345696e-09,9,9,5,1.0751142629392262e-09,1.0751142629392262e-09,0.39454282367532567,0,0.0003,/home/danderety/Documents/GitHub/TCN_Transformer_anomaly_analizer/outputs/rcaeval/models/tcn_transformer_ae_seed44_best.pt,real_val_plus_val_synthetic,,,,,,,,,,,False,,,False,False,True,False,False,0.05,1.0741199001345696e-09,1.0741199001345696e-09,True,1.0741199001345696e-09,0.39454282367532567,0,2.189687490463257
tcn_transformer_ae,170,1000,1.8871868193763273e-08,1.0711392281149798e-09,9,9,5,1.0741199001345696e-09,1.0741199001345696e-09,0.39454282367532567,0,0.0003,/home/danderety/Documents/GitHub/TCN_Transformer_anomaly_analizer/outputs/rcaeval/models/tcn_transformer_ae_seed44_best.pt,real_val_plus_val_synthetic,0.24575107296137338,1.0,0.39454282367532556,8787.0,0.0,0.0,0.00407789740711459,-5e-324,True,quantile_recall_fpr_tradeoff,False,0.0,0.39454282367532567,False,True,True,False,False,0.05,1.0711392281149798e-09,1.0711392281149798e-09,True,1.0711392281149798e-09,0.39454282367532567,0,16.873645305633545
tcn_transformer_ae,171,1000,1.84868287441638e-08,1.06816558097124e-09,9,9,5,1.0711392281149798e-09,1.0711392281149798e-09,0.39454282367532567,0,0.0003,/home/danderety/Documents/GitHub/TCN_Transformer_anomaly_analizer/outputs/rcaeval/models/tcn_transformer_ae_seed44_best.pt,real_val_plus_val_synthetic,,,,,,,,,,,False,,,False,False,True,False,False,0.05,1.06816558097124e-09,1.06816558097124e-09,True,1.06816558097124e-09,0.39454282367532567,0,2.2766804695129395
tcn_transformer_ae,172,1000,1.777954337379561e-08,1.06634415782608e-09,9,9,5,1.06816558097124e-09,1.06816558097124e-09,0.39454282367532567,0,0.0003,/home/danderety/Documents/GitHub/TCN_Transformer_anomaly_analizer/outputs/rcaeval/models/tcn_transformer_ae_seed44_best.pt,real_val_plus_val_synthetic,,,,,,,,,,,False,,,False,False,True,False,False,0.05,1.06634415782608e-09,1.06634415782608e-09,True,1.06634415782608e-09,0.39454282367532567,0,2.1986074447631836
tcn_transformer_ae,173,1000,1.7363307091639267e-08,1.0641818270496894e-09,9,9,5,1.06634415782608e-09,1.06634415782608e-09,0.39454282367532567,0,0.0003,/home/danderety/Documents/GitHub/TCN_Transformer_anomaly_analizer/outputs/rcaeval/models/tcn_transformer_ae_seed44_best.pt,real_val_plus_val_synthetic,,,,,,,,,,,False,,,False,False,True,False,False,0.05,1.0641818270496894e-09,1.0641818270496894e-09,True,1.0641818270496894e-09,0.39454282367532567,0,2.1945412158966064
tcn_transformer_ae,174,1000,1.692350637405582e-08,1.0615169244817487e-09,9,9,5,1.0641818270496894e-09,1.0641818270496894e-09,0.39454282367532567,0,0.0003,/home/danderety/Documents/GitHub/TCN_Transformer_anomaly_analizer/outputs/rcaeval/models/tcn_transformer_ae_seed44_best.pt,real_val_plus_val_synthetic,,,,,,,,,,,False,,,False,False,True,False,False,0.05,1.0615169244817487e-09,1.0615169244817487e-09,True,1.0615169244817487e-09,0.39454282367532567,0,2.1683075428009033
tcn_transformer_ae,175,1000,1.6360948692458212e-08,1.0615179923171823e-09,9,9,5,1.0615169244817487e-09,1.0615169244817487e-09,0.39454282367532567,0,0.0003,/home/danderety/Documents/GitHub/TCN_Transformer_anomaly_analizer/outputs/rcaeval/models/tcn_transformer_ae_seed44_best.pt,real_val_plus_val_synthetic,0.24575107296137338,1.0,0.39454282367532556,8787.0,0.0,0.0,0.0022243984043599017,-5e-324,True,quantile_recall_fpr_tradeoff,False,0.0,0.39454282367532567,False,True,False,False,False,0.05,1.0615179923171823e-09,1.0615169244817487e-09,False,1.0615169244817487e-09,0.39454282367532567,1,16.52284002304077
tcn_transformer_ae,176,1000,1.6046123907858846e-08,1.0613482134221332e-09,9,9,5,1.0615169244817487e-09,1.0615169244817487e-09,0.39454282367532567,1,0.0003,/home/danderety/Documents/GitHub/TCN_Transformer_anomaly_analizer/outputs/rcaeval/models/tcn_transformer_ae_seed44_best.pt,real_val_plus_val_synthetic,,,,,,,,,,,False,,,False,False,True,False,False,0.05,1.0613482134221332e-09,1.0613482134221332e-09,True,1.0613482134221332e-09,0.39454282367532567,0,2.164559841156006
tcn_transformer_ae,177,1000,1.573160315059419e-08,9.470756841810791e-10,9,9,5,1.0613482134221332e-09,1.0613482134221332e-09,0.39454282367532567,0,0.0003,/home/danderety/Documents/GitHub/TCN_Transformer_anomaly_analizer/outputs/rcaeval/models/tcn_transformer_ae_seed44_best.pt,real_val_plus_val_synthetic,,,,,,,,,,,False,,,False,False,True,False,False,0.05,9.470756841810791e-10,9.470756841810791e-10,True,9.470756841810791e-10,0.39454282367532567,0,2.1342742443084717
tcn_transformer_ae,178,1000,1.512700327318491e-08,6.247576321017766e-10,9,9,5,9.470756841810791e-10,9.470756841810791e-10,0.39454282367532567,0,0.0003,/home/danderety/Documents/GitHub/TCN_Transformer_anomaly_analizer/outputs/rcaeval/models/tcn_transformer_ae_seed44_best.pt,real_val_plus_val_synthetic,,,,,,,,,,,False,,,False,False,True,False,False,0.05,6.247576321017766e-10,6.247576321017766e-10,True,6.247576321017766e-10,0.39454282367532567,0,2.1678402423858643
tcn_transformer_ae,179,1000,1.4732710568418506e-08,2.0328606144440813e-10,9,9,5,6.247576321017766e-10,6.247576321017766e-10,0.39454282367532567,0,0.0003,/home/danderety/Documents/GitHub/TCN_Transformer_anomaly_analizer/outputs/rcaeval/models/tcn_transformer_ae_seed44_best.pt,real_val_plus_val_synthetic,,,,,,,,,,,False,,,False,False,True,False,False,0.05,2.0328606144440813e-10,2.0328606144440813e-10,True,2.0328606144440813e-10,0.39454282367532567,0,2.1153571605682373
tcn_transformer_ae,180,1000,1.4336621966887472e-08,1.4059589905345427e-10,9,9,5,2.0328606144440813e-10,2.0328606144440813e-10,0.39454282367532567,0,0.0003,/home/danderety/Documents/GitHub/TCN_Transformer_anomaly_analizer/outputs/rcaeval/models/tcn_transformer_ae_seed44_best.pt,real_val_plus_val_synthetic,0.24575107296137338,1.0,0.39454282367532556,8787.0,0.0,0.0,0.0,-5e-324,False,quantile_recall_fpr_tradeoff,False,0.0,0.39454282367532567,False,True,True,False,False,0.05,1.4059589905345427e-10,1.4059589905345427e-10,True,1.4059589905345427e-10,0.39454282367532567,0,16.485217809677124
tcn_transformer_ae,181,1000,1.4187643523778997e-08,8.320888392561272e-11,9,9,5,1.4059589905345427e-10,1.4059589905345427e-10,0.39454282367532567,0,0.0003,/home/danderety/Documents/GitHub/TCN_Transformer_anomaly_analizer/outputs/rcaeval/models/tcn_transformer_ae_seed44_best.pt,real_val_plus_val_synthetic,,,,,,,,,,,False,,,False,False,True,False,False,0.05,8.320888392561272e-11,8.320888392561272e-11,True,8.320888392561272e-11,0.39454282367532567,0,2.1298470497131348
tcn_transformer_ae,182,1000,1.3719222502001324e-08,6.621643266160278e-11,9,9,5,8.320888392561272e-11,8.320888392561272e-11,0.39454282367532567,0,0.0003,/home/danderety/Documents/GitHub/TCN_Transformer_anomaly_analizer/outputs/rcaeval/models/tcn_transformer_ae_seed44_best.pt,real_val_plus_val_synthetic,,,,,,,,,,,False,,,False,False,True,False,False,0.05,6.621643266160278e-11,6.621643266160278e-11,True,6.621643266160278e-11,0.39454282367532567,0,2.1606762409210205
tcn_transformer_ae,183,1000,1.3458662638461018e-08,5.877353872305397e-11,9,9,5,6.621643266160278e-11,6.621643266160278e-11,0.39454282367532567,0,0.0003,/home/danderety/Documents/GitHub/TCN_Transformer_anomaly_analizer/outputs/rcaeval/models/tcn_transformer_ae_seed44_best.pt,real_val_plus_val_synthetic,,,,,,,,,,,False,,,False,False,True,False,False,0.05,5.877353872305397e-11,5.877353872305397e-11,True,5.877353872305397e-11,0.39454282367532567,0,2.1661217212677
tcn_transformer_ae,184,1000,1.3069486652337604e-08,5.1975336700600976e-11,9,9,5,5.877353872305397e-11,5.877353872305397e-11,0.39454282367532567,0,0.0003,/home/danderety/Documents/GitHub/TCN_Transformer_anomaly_analizer/outputs/rcaeval/models/tcn_transformer_ae_seed44_best.pt,real_val_plus_val_synthetic,,,,,,,,,,,False,,,False,False,True,False,False,0.05,5.1975336700600976e-11,5.1975336700600976e-11,True,5.1975336700600976e-11,0.39454282367532567,0,2.274163246154785
tcn_transformer_ae,185,1000,1.2907729513253353e-08,4.605413201310645e-11,9,9,5,5.1975336700600976e-11,5.1975336700600976e-11,0.39454282367532567,0,0.0003,/home/danderety/Documents/GitHub/TCN_Transformer_anomaly_analizer/outputs/rcaeval/models/tcn_transformer_ae_seed44_best.pt,real_val_plus_val_synthetic,0.24575107296137338,1.0,0.39454282367532556,8787.0,0.0,0.0,0.0,-5e-324,False,quantile_recall_fpr_tradeoff,False,0.0,0.39454282367532567,False,True,True,False,False,0.05,4.605413201310645e-11,4.605413201310645e-11,True,4.605413201310645e-11,0.39454282367532567,0,16.864776611328125
tcn_transformer_ae,186,1000,1.2460208700575307e-08,4.080067420695139e-11,9,9,5,4.605413201310645e-11,4.605413201310645e-11,0.39454282367532567,0,0.0003,/home/danderety/Documents/GitHub/TCN_Transformer_anomaly_analizer/outputs/rcaeval/models/tcn_transformer_ae_seed44_best.pt,real_val_plus_val_synthetic,,,,,,,,,,,False,,,False,False,True,False,False,0.05,4.080067420695139e-11,4.080067420695139e-11,True,4.080067420695139e-11,0.39454282367532567,0,2.1323583126068115
tcn_transformer_ae,187,1000,1.2232999318831494e-08,3.852594349367872e-11,9,9,5,4.080067420695139e-11,4.080067420695139e-11,0.39454282367532567,0,0.0003,/home/danderety/Documents/GitHub/TCN_Transformer_anomaly_analizer/outputs/rcaeval/models/tcn_transformer_ae_seed44_best.pt,real_val_plus_val_synthetic,,,,,,,,,,,False,,,False,False,True,False,False,0.05,3.852594349367872e-11,3.852594349367872e-11,True,3.852594349367872e-11,0.39454282367532567,0,2.1255414485931396
tcn_transformer_ae,188,1000,1.1781823787113966e-08,3.606066603988226e-11,9,9,5,3.852594349367872e-11,3.852594349367872e-11,0.39454282367532567,0,0.0003,/home/danderety/Documents/GitHub/TCN_Transformer_anomaly_analizer/outputs/rcaeval/models/tcn_transformer_ae_seed44_best.pt,real_val_plus_val_synthetic,,,,,,,,,,,False,,,False,False,True,False,False,0.05,3.606066603988226e-11,3.606066603988226e-11,True,3.606066603988226e-11,0.39454282367532567,0,2.1193690299987793
tcn_transformer_ae,189,1000,1.1764020178285229e-08,3.3594102364051125e-11,9,9,5,3.606066603988226e-11,3.606066603988226e-11,0.39454282367532567,0,0.0003,/home/danderety/Documents/GitHub/TCN_Transformer_anomaly_analizer/outputs/rcaeval/models/tcn_transformer_ae_seed44_best.pt,real_val_plus_val_synthetic,,,,,,,,,,,False,,,False,False,True,False,False,0.05,3.3594102364051125e-11,3.3594102364051125e-11,True,3.3594102364051125e-11,0.39454282367532567,0,2.132739782333374
tcn_transformer_ae,190,1000,1.1473563953995588e-08,3.2780028540602615e-11,9,9,5,3.3594102364051125e-11,3.3594102364051125e-11,0.39454282367532567,0,0.0003,/home/danderety/Documents/GitHub/TCN_Transformer_anomaly_analizer/outputs/rcaeval/models/tcn_transformer_ae_seed44_best.pt,real_val_plus_val_synthetic,0.24575107296137338,1.0,0.39454282367532556,8787.0,0.0,0.0,0.0,-5e-324,False,quantile_recall_fpr_tradeoff,False,0.0,0.39454282367532567,False,True,True,False,False,0.05,3.2780028540602615e-11,3.2780028540602615e-11,True,3.2780028540602615e-11,0.39454282367532567,0,16.374829053878784
tcn_transformer_ae,191,1000,1.1073664029226864e-08,3.482631617797619e-11,9,9,5,3.2780028540602615e-11,3.2780028540602615e-11,0.39454282367532567,0,0.0003,/home/danderety/Documents/GitHub/TCN_Transformer_anomaly_analizer/outputs/rcaeval/models/tcn_transformer_ae_seed44_best.pt,real_val_plus_val_synthetic,,,,,,,,,,,False,,,False,False,False,False,False,0.05,3.482631617797619e-11,3.2780028540602615e-11,False,3.2780028540602615e-11,0.39454282367532567,1,2.1195454597473145
tcn_transformer_ae,192,1000,1.1069152464192262e-08,3.382699822998909e-11,9,9,5,3.2780028540602615e-11,3.2780028540602615e-11,0.39454282367532567,1,0.0003,/home/danderety/Documents/GitHub/TCN_Transformer_anomaly_analizer/outputs/rcaeval/models/tcn_transformer_ae_seed44_best.pt,real_val_plus_val_synthetic,,,,,,,,,,,False,,,False,False,False,False,False,0.05,3.382699822998909e-11,3.2780028540602615e-11,False,3.2780028540602615e-11,0.39454282367532567,2,2.0879364013671875
tcn_transformer_ae,193,1000,1.0864081595693288e-08,3.28328565271531e-11,9,9,5,3.2780028540602615e-11,3.2780028540602615e-11,0.39454282367532567,2,0.0003,/home/danderety/Documents/GitHub/TCN_Transformer_anomaly_analizer/outputs/rcaeval/models/tcn_transformer_ae_seed44_best.pt,real_val_plus_val_synthetic,,,,,,,,,,,False,,,False,False,False,False,False,0.05,3.28328565271531e-11,3.2780028540602615e-11,False,3.2780028540602615e-11,0.39454282367532567,3,2.105809211730957
tcn_transformer_ae,194,1000,1.0422371019365259e-08,3.383976622845315e-11,9,9,5,3.2780028540602615e-11,3.2780028540602615e-11,0.39454282367532567,3,0.0003,/home/danderety/Documents/GitHub/TCN_Transformer_anomaly_analizer/outputs/rcaeval/models/tcn_transformer_ae_seed44_best.pt,real_val_plus_val_synthetic,,,,,,,,,,,False,,,False,False,False,False,False,0.05,3.383976622845315e-11,3.2780028540602615e-11,False,3.2780028540602615e-11,0.39454282367532567,4,2.122812271118164
tcn_transformer_ae,195,1000,1.0544194165139293e-08,3.36775778799529e-11,9,9,5,3.2780028540602615e-11,3.2780028540602615e-11,0.39454282367532567,4,0.0003,/home/danderety/Documents/GitHub/TCN_Transformer_anomaly_analizer/outputs/rcaeval/models/tcn_transformer_ae_seed44_best.pt,real_val_plus_val_synthetic,0.24575107296137338,1.0,0.39454282367532556,8787.0,0.0,0.0,0.0,-5e-324,False,quantile_recall_fpr_tradeoff,False,0.0,0.39454282367532567,False,True,False,False,False,0.05,3.36775778799529e-11,3.2780028540602615e-11,False,3.2780028540602615e-11,0.39454282367532567,5,16.619238138198853
tcn_transformer_ae,196,1000,1.014202722770602e-08,3.467413412931056e-11,9,9,5,3.2780028540602615e-11,3.2780028540602615e-11,0.39454282367532567,5,0.0003,/home/danderety/Documents/GitHub/TCN_Transformer_anomaly_analizer/outputs/rcaeval/models/tcn_transformer_ae_seed44_best.pt,real_val_plus_val_synthetic,,,,,,,,,,,False,,,False,False,False,False,False,0.05,3.467413412931056e-11,3.2780028540602615e-11,False,3.2780028540602615e-11,0.39454282367532567,6,2.129258394241333
tcn_transformer_ae,197,1000,1.0064314797012579e-08,3.517553354948198e-11,9,9,5,3.2780028540602615e-11,3.2780028540602615e-11,0.39454282367532567,6,0.0003,/home/danderety/Documents/GitHub/TCN_Transformer_anomaly_analizer/outputs/rcaeval/models/tcn_transformer_ae_seed44_best.pt,real_val_plus_val_synthetic,,,,,,,,,,,False,,,False,False,False,False,False,0.05,3.517553354948198e-11,3.2780028540602615e-11,False,3.2780028540602615e-11,0.39454282367532567,7,2.1041605472564697
tcn_transformer_ae,198,1000,1.0078732988291157e-08,3.401543933675977e-11,9,9,5,3.2780028540602615e-11,3.2780028540602615e-11,0.39454282367532567,7,0.0003,/home/danderety/Documents/GitHub/TCN_Transformer_anomaly_analizer/outputs/rcaeval/models/tcn_transformer_ae_seed44_best.pt,real_val_plus_val_synthetic,0.24575107296137338,1.0,0.39454282367532556,8787.0,0.0,0.0,0.0,-5e-324,False,quantile_recall_fpr_tradeoff,False,0.0,0.39454282367532567,False,True,False,False,False,0.05,3.401543933675977e-11,3.2780028540602615e-11,False,3.2780028540602615e-11,0.39454282367532567,8,16.813894748687744
tcn_transformer_ae,199,1000,9.95773092967674e-09,3.467626565192597e-11,9,9,5,3.2780028540602615e-11,3.2780028540602615e-11,0.39454282367532567,8,0.0003,/home/danderety/Documents/GitHub/TCN_Transformer_anomaly_analizer/outputs/rcaeval/models/tcn_transformer_ae_seed44_best.pt,real_val_plus_val_synthetic,0.24575107296137338,1.0,0.39454282367532556,8787.0,0.0,0.0,0.0,-5e-324,False,quantile_recall_fpr_tradeoff,False,0.0,0.39454282367532567,False,True,False,False,False,0.05,3.467626565192597e-11,3.2780028540602615e-11,False,3.2780028540602615e-11,0.39454282367532567,9,16.831112146377563
