model,epoch,epochs_total,train_loss,val_loss,stop_patience,threshold_patience,threshold_monitor_interval,best_val_loss_before_epoch,best_checkpoint_score_before_epoch,best_detection_score_before_epoch,patience_before_epoch,learning_rate,checkpoint,validation_monitor_source,val_precision,val_recall,val_f1,val_fp,val_fn,threshold,raw_threshold,safe_threshold,was_safety_applied,threshold_type,threshold_moved,previous_threshold,detection_score,detection_signal,threshold_monitor_ran,loss_improved,threshold_signal,threshold_checkpoint,threshold_save_loss_tolerance,checkpoint_score,best_checkpoint_score_after_epoch,is_best,best_val_loss_after_epoch,best_detection_score_after_epoch,patience_after_epoch,epoch_time_sec
tcn_transformer_ae,1,1000,10.255435625712076,9.72307014465332,9,9,5,,,,0,0.0003,/home/danderety/Documents/GitHub/TCN_Transformer_anomaly_analizer/outputs/lo2/models/tcn_transformer_ae_seed44_best.pt,real_val_plus_val_synthetic,0.21052631578947367,0.04597701149425287,0.07547169811320754,15.0,83.0,1.7300865769386278,1.7300865769386278,-1.5771167278289797,False,quantile,False,,-92.37372623039506,True,True,True,True,False,0.05,9.72307014465332,9.72307014465332,True,9.72307014465332,-92.37372623039506,0,1.8244602680206299
tcn_transformer_ae,2,1000,9.580164273579916,9.24688466389974,9,9,5,9.72307014465332,9.72307014465332,-92.37372623039506,0,0.0003,/home/danderety/Documents/GitHub/TCN_Transformer_anomaly_analizer/outputs/lo2/models/tcn_transformer_ae_seed44_best.pt,real_val_plus_val_synthetic,,,,,,,,,,,False,,,False,False,True,False,False,0.05,9.24688466389974,9.24688466389974,True,9.24688466389974,-92.37372623039506,0,0.642371654510498
tcn_transformer_ae,3,1000,9.179518381754557,8.896652857462565,9,9,5,9.24688466389974,9.24688466389974,-92.37372623039506,0,0.0003,/home/danderety/Documents/GitHub/TCN_Transformer_anomaly_analizer/outputs/lo2/models/tcn_transformer_ae_seed44_best.pt,real_val_plus_val_synthetic,,,,,,,,,,,False,,,False,False,True,False,False,0.05,8.896652857462565,8.896652857462565,True,8.896652857462565,-92.37372623039506,0,2.5868947505950928
tcn_transformer_ae,4,1000,8.859522501627604,8.580462455749512,9,9,5,8.896652857462565,8.896652857462565,-92.37372623039506,0,0.0003,/home/danderety/Documents/GitHub/TCN_Transformer_anomaly_analizer/outputs/lo2/models/tcn_transformer_ae_seed44_best.pt,real_val_plus_val_synthetic,,,,,,,,,,,False,,,False,False,True,False,False,0.05,8.580462455749512,8.580462455749512,True,8.580462455749512,-92.37372623039506,0,0.603801965713501
tcn_transformer_ae,5,1000,8.558792114257812,8.268709818522135,9,9,5,8.580462455749512,8.580462455749512,-92.37372623039506,0,0.0003,/home/danderety/Documents/GitHub/TCN_Transformer_anomaly_analizer/outputs/lo2/models/tcn_transformer_ae_seed44_best.pt,real_val_plus_val_synthetic,0.2631578947368421,0.05747126436781609,0.09433962264150944,14.0,82.0,1.5252197384834285,1.5252197384834285,-1.8211927413940432,False,quantile,True,1.7300865769386278,-91.22475852059456,True,True,True,True,True,0.05,8.268709818522135,8.268709818522135,True,8.268709818522135,-91.22475852059456,0,2.189462900161743
tcn_transformer_ae,6,1000,8.254494349161783,7.953713893890381,9,9,5,8.268709818522135,8.268709818522135,-91.22475852059456,0,0.0003,/home/danderety/Documents/GitHub/TCN_Transformer_anomaly_analizer/outputs/lo2/models/tcn_transformer_ae_seed44_best.pt,real_val_plus_val_synthetic,,,,,,,,,,,False,,,False,False,True,False,False,0.05,7.953713893890381,7.953713893890381,True,7.953713893890381,-91.22475852059456,0,1.5414841175079346
tcn_transformer_ae,7,1000,7.944594701131185,7.644323348999023,9,9,5,7.953713893890381,7.953713893890381,-91.22475852059456,0,0.0003,/home/danderety/Documents/GitHub/TCN_Transformer_anomaly_analizer/outputs/lo2/models/tcn_transformer_ae_seed44_best.pt,real_val_plus_val_synthetic,,,,,,,,,,,False,,,False,False,True,False,False,0.05,7.644323348999023,7.644323348999023,True,7.644323348999023,-91.22475852059456,0,2.5328030586242676
tcn_transformer_ae,8,1000,7.653574307759603,7.351159572601318,9,9,5,7.644323348999023,7.644323348999023,-91.22475852059456,0,0.0003,/home/danderety/Documents/GitHub/TCN_Transformer_anomaly_analizer/outputs/lo2/models/tcn_transformer_ae_seed44_best.pt,real_val_plus_val_synthetic,,,,,,,,,,,False,,,False,False,True,False,False,0.05,7.351159572601318,7.351159572601318,True,7.351159572601318,-91.22475852059456,0,0.6344377994537354
tcn_transformer_ae,9,1000,7.370702743530273,7.066799799601237,9,9,5,7.351159572601318,7.351159572601318,-91.22475852059456,0,0.0003,/home/danderety/Documents/GitHub/TCN_Transformer_anomaly_analizer/outputs/lo2/models/tcn_transformer_ae_seed44_best.pt,real_val_plus_val_synthetic,,,,,,,,,,,False,,,False,False,True,False,False,0.05,7.066799799601237,7.066799799601237,True,7.066799799601237,-91.22475852059456,0,0.616520881652832
tcn_transformer_ae,10,1000,7.0947980880737305,6.793561776479085,9,9,5,7.066799799601237,7.066799799601237,-91.22475852059456,0,0.0003,/home/danderety/Documents/GitHub/TCN_Transformer_anomaly_analizer/outputs/lo2/models/tcn_transformer_ae_seed44_best.pt,real_val_plus_val_synthetic,0.1111111111111111,0.022988505747126436,0.0380952380952381,16.0,85.0,1.5716445386409759,1.5716445386409759,-1.935977339744568,False,quantile,True,1.5252197384834285,-94.66763925729444,False,True,True,False,False,0.05,6.793561776479085,6.793561776479085,True,6.793561776479085,-91.22475852059456,0,2.079488754272461
tcn_transformer_ae,11,1000,6.831726551055908,6.532523314158122,9,9,5,6.793561776479085,6.793561776479085,-91.22475852059456,0,0.0003,/home/danderety/Documents/GitHub/TCN_Transformer_anomaly_analizer/outputs/lo2/models/tcn_transformer_ae_seed44_best.pt,real_val_plus_val_synthetic,,,,,,,,,,,False,,,False,False,True,False,False,0.05,6.532523314158122,6.532523314158122,True,6.532523314158122,-91.22475852059456,0,1.098249912261963
tcn_transformer_ae,12,1000,6.582902431488037,6.28195587793986,9,9,5,6.532523314158122,6.532523314158122,-91.22475852059456,0,0.0003,/home/danderety/Documents/GitHub/TCN_Transformer_anomaly_analizer/outputs/lo2/models/tcn_transformer_ae_seed44_best.pt,real_val_plus_val_synthetic,,,,,,,,,,,False,,,False,False,True,False,False,0.05,6.28195587793986,6.28195587793986,True,6.28195587793986,-91.22475852059456,0,2.511902332305908
tcn_transformer_ae,13,1000,6.3389506340026855,6.038965543111165,9,9,5,6.28195587793986,6.28195587793986,-91.22475852059456,0,0.0003,/home/danderety/Documents/GitHub/TCN_Transformer_anomaly_analizer/outputs/lo2/models/tcn_transformer_ae_seed44_best.pt,real_val_plus_val_synthetic,,,,,,,,,,,False,,,False,False,True,False,False,0.05,6.038965543111165,6.038965543111165,True,6.038965543111165,-91.22475852059456,0,0.6241734027862549
tcn_transformer_ae,14,1000,6.104470729827881,5.8017509778340655,9,9,5,6.038965543111165,6.038965543111165,-91.22475852059456,0,0.0003,/home/danderety/Documents/GitHub/TCN_Transformer_anomaly_analizer/outputs/lo2/models/tcn_transformer_ae_seed44_best.pt,real_val_plus_val_synthetic,,,,,,,,,,,False,,,False,False,True,False,False,0.05,5.8017509778340655,5.8017509778340655,True,5.8017509778340655,-91.22475852059456,0,1.0731658935546875
tcn_transformer_ae,15,1000,5.873814105987549,5.56816832224528,9,9,5,5.8017509778340655,5.8017509778340655,-91.22475852059456,0,0.0003,/home/danderety/Documents/GitHub/TCN_Transformer_anomaly_analizer/outputs/lo2/models/tcn_transformer_ae_seed44_best.pt,real_val_plus_val_synthetic,0.15789473684210525,0.034482758620689655,0.05660377358490566,16.0,84.0,1.5517879486083974,1.5517879486083974,-1.8145157098770144,False,quantile,True,1.5716445386409759,-93.52269394019557,False,True,True,False,False,0.05,5.56816832224528,5.56816832224528,True,5.56816832224528,-91.22475852059456,0,2.0565154552459717
tcn_transformer_ae,16,1000,5.637560844421387,5.336452484130859,9,9,5,5.56816832224528,5.56816832224528,-91.22475852059456,0,0.0003,/home/danderety/Documents/GitHub/TCN_Transformer_anomaly_analizer/outputs/lo2/models/tcn_transformer_ae_seed44_best.pt,real_val_plus_val_synthetic,,,,,,,,,,,False,,,False,False,True,False,False,0.05,5.336452484130859,5.336452484130859,True,5.336452484130859,-91.22475852059456,0,0.6084723472595215
tcn_transformer_ae,17,1000,5.413396994272868,5.107140223185222,9,9,5,5.336452484130859,5.336452484130859,-91.22475852059456,0,0.0003,/home/danderety/Documents/GitHub/TCN_Transformer_anomaly_analizer/outputs/lo2/models/tcn_transformer_ae_seed44_best.pt,real_val_plus_val_synthetic,,,,,,,,,,,False,,,False,False,True,False,False,0.05,5.107140223185222,5.107140223185222,True,5.107140223185222,-91.22475852059456,0,0.6263062953948975
tcn_transformer_ae,18,1000,5.190292199452718,4.880074659983317,9,9,5,5.107140223185222,5.107140223185222,-91.22475852059456,0,0.0003,/home/danderety/Documents/GitHub/TCN_Transformer_anomaly_analizer/outputs/lo2/models/tcn_transformer_ae_seed44_best.pt,real_val_plus_val_synthetic,,,,,,,,,,,False,,,False,False,True,False,False,0.05,4.880074659983317,4.880074659983317,True,4.880074659983317,-91.22475852059456,0,0.7108607292175293
tcn_transformer_ae,19,1000,4.969131787618001,4.655916055043538,9,9,5,4.880074659983317,4.880074659983317,-91.22475852059456,0,0.0003,/home/danderety/Documents/GitHub/TCN_Transformer_anomaly_analizer/outputs/lo2/models/tcn_transformer_ae_seed44_best.pt,real_val_plus_val_synthetic,,,,,,,,,,,False,,,False,False,True,False,False,0.05,4.655916055043538,4.655916055043538,True,4.655916055043538,-91.22475852059456,0,2.627013921737671
tcn_transformer_ae,20,1000,4.745744228363037,4.435091495513916,9,9,5,4.655916055043538,4.655916055043538,-91.22475852059456,0,0.0003,/home/danderety/Documents/GitHub/TCN_Transformer_anomaly_analizer/outputs/lo2/models/tcn_transformer_ae_seed44_best.pt,real_val_plus_val_synthetic,0.15789473684210525,0.034482758620689655,0.05660377358490566,16.0,84.0,1.5283807873725888,1.5283807873725888,-1.5794396400451662,False,quantile,True,1.5517879486083974,-93.52269394019557,False,True,True,False,False,0.05,4.435091495513916,4.435091495513916,True,4.435091495513916,-91.22475852059456,0,2.0969841480255127
tcn_transformer_ae,21,1000,4.533600012461345,4.2176516850789385,9,9,5,4.435091495513916,4.435091495513916,-91.22475852059456,0,0.0003,/home/danderety/Documents/GitHub/TCN_Transformer_anomaly_analizer/outputs/lo2/models/tcn_transformer_ae_seed44_best.pt,real_val_plus_val_synthetic,,,,,,,,,,,False,,,False,False,True,False,False,0.05,4.2176516850789385,4.2176516850789385,True,4.2176516850789385,-91.22475852059456,0,2.505492925643921
tcn_transformer_ae,22,1000,4.317979017893474,4.004240036010742,9,9,5,4.2176516850789385,4.2176516850789385,-91.22475852059456,0,0.0003,/home/danderety/Documents/GitHub/TCN_Transformer_anomaly_analizer/outputs/lo2/models/tcn_transformer_ae_seed44_best.pt,real_val_plus_val_synthetic,,,,,,,,,,,False,,,False,False,True,False,False,0.05,4.004240036010742,4.004240036010742,True,4.004240036010742,-91.22475852059456,0,0.6163685321807861
tcn_transformer_ae,23,1000,4.109549045562744,3.795633395512899,9,9,5,4.004240036010742,4.004240036010742,-91.22475852059456,0,0.0003,/home/danderety/Documents/GitHub/TCN_Transformer_anomaly_analizer/outputs/lo2/models/tcn_transformer_ae_seed44_best.pt,real_val_plus_val_synthetic,,,,,,,,,,,False,,,False,False,True,False,False,0.05,3.795633395512899,3.795633395512899,True,3.795633395512899,-91.22475852059456,0,0.6139249801635742
tcn_transformer_ae,24,1000,3.904087940851847,3.5913491249084473,9,9,5,3.795633395512899,3.795633395512899,-91.22475852059456,0,0.0003,/home/danderety/Documents/GitHub/TCN_Transformer_anomaly_analizer/outputs/lo2/models/tcn_transformer_ae_seed44_best.pt,real_val_plus_val_synthetic,,,,,,,,,,,False,,,False,False,True,False,False,0.05,3.5913491249084473,3.5913491249084473,True,3.5913491249084473,-91.22475852059456,0,0.7270207405090332
tcn_transformer_ae,25,1000,3.7034079233805337,3.3917959531148276,9,9,5,3.5913491249084473,3.5913491249084473,-91.22475852059456,0,0.0003,/home/danderety/Documents/GitHub/TCN_Transformer_anomaly_analizer/outputs/lo2/models/tcn_transformer_ae_seed44_best.pt,real_val_plus_val_synthetic,0.15789473684210525,0.034482758620689655,0.05660377358490566,16.0,84.0,1.7681074321269983,1.7681074321269983,-1.5356072187423708,False,quantile,True,1.5283807873725888,-93.52269394019557,False,True,True,False,False,0.05,3.3917959531148276,3.3917959531148276,True,3.3917959531148276,-91.22475852059456,0,2.064870834350586
tcn_transformer_ae,26,1000,3.5019912719726562,3.1968842347462973,9,9,5,3.3917959531148276,3.3917959531148276,-91.22475852059456,0,0.0003,/home/danderety/Documents/GitHub/TCN_Transformer_anomaly_analizer/outputs/lo2/models/tcn_transformer_ae_seed44_best.pt,real_val_plus_val_synthetic,,,,,,,,,,,False,,,False,False,True,False,False,0.05,3.1968842347462973,3.1968842347462973,True,3.1968842347462973,-91.22475852059456,0,0.6096928119659424
tcn_transformer_ae,27,1000,3.3128459453582764,3.007707118988037,9,9,5,3.1968842347462973,3.1968842347462973,-91.22475852059456,0,0.0003,/home/danderety/Documents/GitHub/TCN_Transformer_anomaly_analizer/outputs/lo2/models/tcn_transformer_ae_seed44_best.pt,real_val_plus_val_synthetic,,,,,,,,,,,False,,,False,False,True,False,False,0.05,3.007707118988037,3.007707118988037,True,3.007707118988037,-91.22475852059456,0,0.6470911502838135
tcn_transformer_ae,28,1000,3.1302647590637207,2.82546059290568,9,9,5,3.007707118988037,3.007707118988037,-91.22475852059456,0,0.0003,/home/danderety/Documents/GitHub/TCN_Transformer_anomaly_analizer/outputs/lo2/models/tcn_transformer_ae_seed44_best.pt,real_val_plus_val_synthetic,,,,,,,,,,,False,,,False,False,True,False,False,0.05,2.82546059290568,2.82546059290568,True,2.82546059290568,-91.22475852059456,0,1.7341666221618652
tcn_transformer_ae,29,1000,2.946194648742676,2.6464994748433432,9,9,5,2.82546059290568,2.82546059290568,-91.22475852059456,0,0.0003,/home/danderety/Documents/GitHub/TCN_Transformer_anomaly_analizer/outputs/lo2/models/tcn_transformer_ae_seed44_best.pt,real_val_plus_val_synthetic,,,,,,,,,,,False,,,False,False,True,False,False,0.05,2.6464994748433432,2.6464994748433432,True,2.6464994748433432,-91.22475852059456,0,2.5772621631622314
tcn_transformer_ae,30,1000,2.770524819691976,2.475111961364746,9,9,5,2.6464994748433432,2.6464994748433432,-91.22475852059456,0,0.0003,/home/danderety/Documents/GitHub/TCN_Transformer_anomaly_analizer/outputs/lo2/models/tcn_transformer_ae_seed44_best.pt,real_val_plus_val_synthetic,0.16666666666666666,0.034482758620689655,0.05714285714285714,15.0,84.0,1.8986965358257288,1.8986965358257288,-1.3326449394226076,False,quantile,True,1.7681074321269983,-93.5184918529746,False,True,True,False,False,0.05,2.475111961364746,2.475111961364746,True,2.475111961364746,-91.22475852059456,0,2.1060640811920166
tcn_transformer_ae,31,1000,2.592463413874308,2.3091698487599692,9,9,5,2.475111961364746,2.475111961364746,-91.22475852059456,0,0.0003,/home/danderety/Documents/GitHub/TCN_Transformer_anomaly_analizer/outputs/lo2/models/tcn_transformer_ae_seed44_best.pt,real_val_plus_val_synthetic,,,,,,,,,,,False,,,False,False,True,False,False,0.05,2.3091698487599692,2.3091698487599692,True,2.3091698487599692,-91.22475852059456,0,0.6353907585144043
tcn_transformer_ae,32,1000,2.429703871409098,2.1498076915740967,9,9,5,2.3091698487599692,2.3091698487599692,-91.22475852059456,0,0.0003,/home/danderety/Documents/GitHub/TCN_Transformer_anomaly_analizer/outputs/lo2/models/tcn_transformer_ae_seed44_best.pt,real_val_plus_val_synthetic,,,,,,,,,,,False,,,False,False,True,False,False,0.05,2.1498076915740967,2.1498076915740967,True,2.1498076915740967,-91.22475852059456,0,2.4036264419555664
tcn_transformer_ae,33,1000,2.2712759176890054,1.9971539576848347,9,9,5,2.1498076915740967,2.1498076915740967,-91.22475852059456,0,0.0003,/home/danderety/Documents/GitHub/TCN_Transformer_anomaly_analizer/outputs/lo2/models/tcn_transformer_ae_seed44_best.pt,real_val_plus_val_synthetic,,,,,,,,,,,False,,,False,False,True,False,False,0.05,1.9971539576848347,1.9971539576848347,True,1.9971539576848347,-91.22475852059456,0,0.6190552711486816
tcn_transformer_ae,34,1000,2.11942458152771,1.8505146106084187,9,9,5,1.9971539576848347,1.9971539576848347,-91.22475852059456,0,0.0003,/home/danderety/Documents/GitHub/TCN_Transformer_anomaly_analizer/outputs/lo2/models/tcn_transformer_ae_seed44_best.pt,real_val_plus_val_synthetic,,,,,,,,,,,False,,,False,False,True,False,False,0.05,1.8505146106084187,1.8505146106084187,True,1.8505146106084187,-91.22475852059456,0,0.6700694561004639
tcn_transformer_ae,35,1000,1.9679598013559978,1.7111510435740154,9,9,5,1.8505146106084187,1.8505146106084187,-91.22475852059456,0,0.0003,/home/danderety/Documents/GitHub/TCN_Transformer_anomaly_analizer/outputs/lo2/models/tcn_transformer_ae_seed44_best.pt,real_val_plus_val_synthetic,0.2631578947368421,0.05747126436781609,0.09433962264150944,14.0,82.0,1.8614215672016123,1.8614215672016123,-1.1217734813690188,False,quantile,True,1.8986965358257288,-91.22475852059456,False,True,True,False,False,0.05,1.7111510435740154,1.7111510435740154,True,1.7111510435740154,-91.22475852059456,0,2.130486488342285
tcn_transformer_ae,36,1000,1.8266977071762085,1.5804577668507893,9,9,5,1.7111510435740154,1.7111510435740154,-91.22475852059456,0,0.0003,/home/danderety/Documents/GitHub/TCN_Transformer_anomaly_analizer/outputs/lo2/models/tcn_transformer_ae_seed44_best.pt,real_val_plus_val_synthetic,,,,,,,,,,,False,,,False,False,True,False,False,0.05,1.5804577668507893,1.5804577668507893,True,1.5804577668507893,-91.22475852059456,0,0.7054269313812256
tcn_transformer_ae,37,1000,1.6931620041529338,1.458651065826416,9,9,5,1.5804577668507893,1.5804577668507893,-91.22475852059456,0,0.0003,/home/danderety/Documents/GitHub/TCN_Transformer_anomaly_analizer/outputs/lo2/models/tcn_transformer_ae_seed44_best.pt,real_val_plus_val_synthetic,,,,,,,,,,,False,,,False,False,True,False,False,0.05,1.458651065826416,1.458651065826416,True,1.458651065826416,-91.22475852059456,0,1.685866355895996
tcn_transformer_ae,38,1000,1.572176218032837,1.349985917409261,9,9,5,1.458651065826416,1.458651065826416,-91.22475852059456,0,0.0003,/home/danderety/Documents/GitHub/TCN_Transformer_anomaly_analizer/outputs/lo2/models/tcn_transformer_ae_seed44_best.pt,real_val_plus_val_synthetic,,,,,,,,,,,False,,,False,False,True,False,False,0.05,1.349985917409261,1.349985917409261,True,1.349985917409261,-91.22475852059456,0,1.5084228515625
tcn_transformer_ae,39,1000,1.457210858662923,1.25027596950531,9,9,5,1.349985917409261,1.349985917409261,-91.22475852059456,0,0.0003,/home/danderety/Documents/GitHub/TCN_Transformer_anomaly_analizer/outputs/lo2/models/tcn_transformer_ae_seed44_best.pt,real_val_plus_val_synthetic,,,,,,,,,,,False,,,False,False,True,False,False,0.05,1.25027596950531,1.25027596950531,True,1.25027596950531,-91.22475852059456,0,1.9524140357971191
tcn_transformer_ae,40,1000,1.3539485931396484,1.1609810988108318,9,9,5,1.25027596950531,1.25027596950531,-91.22475852059456,0,0.0003,/home/danderety/Documents/GitHub/TCN_Transformer_anomaly_analizer/outputs/lo2/models/tcn_transformer_ae_seed44_best.pt,real_val_plus_val_synthetic,0.2631578947368421,0.05747126436781609,0.09433962264150944,14.0,82.0,1.773163163661955,1.773163163661955,-0.9522230625152589,False,quantile,True,1.8614215672016123,-91.22475852059456,False,True,True,False,False,0.05,1.1609810988108318,1.1609810988108318,True,1.1609810988108318,-91.22475852059456,0,2.078374147415161
tcn_transformer_ae,41,1000,1.2620961268742878,1.0807396570841472,9,9,5,1.1609810988108318,1.1609810988108318,-91.22475852059456,0,0.0003,/home/danderety/Documents/GitHub/TCN_Transformer_anomaly_analizer/outputs/lo2/models/tcn_transformer_ae_seed44_best.pt,real_val_plus_val_synthetic,,,,,,,,,,,False,,,False,False,True,False,False,0.05,1.0807396570841472,1.0807396570841472,True,1.0807396570841472,-91.22475852059456,0,0.6365628242492676
tcn_transformer_ae,42,1000,1.1830451091130574,1.0096511443456013,9,9,5,1.0807396570841472,1.0807396570841472,-91.22475852059456,0,0.0003,/home/danderety/Documents/GitHub/TCN_Transformer_anomaly_analizer/outputs/lo2/models/tcn_transformer_ae_seed44_best.pt,real_val_plus_val_synthetic,,,,,,,,,,,False,,,False,False,True,False,False,0.05,1.0096511443456013,1.0096511443456013,True,1.0096511443456013,-91.22475852059456,0,0.6051747798919678
tcn_transformer_ae,43,1000,1.1048218409220378,0.946122924486796,9,9,5,1.0096511443456013,1.0096511443456013,-91.22475852059456,0,0.0003,/home/danderety/Documents/GitHub/TCN_Transformer_anomaly_analizer/outputs/lo2/models/tcn_transformer_ae_seed44_best.pt,real_val_plus_val_synthetic,,,,,,,,,,,False,,,False,False,True,False,False,0.05,0.946122924486796,0.946122924486796,True,0.946122924486796,-91.22475852059456,0,0.6064343452453613
tcn_transformer_ae,44,1000,1.0373252034187317,0.8882200519243876,9,9,5,0.946122924486796,0.946122924486796,-91.22475852059456,0,0.0003,/home/danderety/Documents/GitHub/TCN_Transformer_anomaly_analizer/outputs/lo2/models/tcn_transformer_ae_seed44_best.pt,real_val_plus_val_synthetic,,,,,,,,,,,False,,,False,False,True,False,False,0.05,0.8882200519243876,0.8882200519243876,True,0.8882200519243876,-91.22475852059456,0,0.6174895763397217
tcn_transformer_ae,45,1000,0.9780551791191101,0.8375255465507507,9,9,5,0.8882200519243876,0.8882200519243876,-91.22475852059456,0,0.0003,/home/danderety/Documents/GitHub/TCN_Transformer_anomaly_analizer/outputs/lo2/models/tcn_transformer_ae_seed44_best.pt,real_val_plus_val_synthetic,0.2631578947368421,0.05747126436781609,0.09433962264150944,14.0,82.0,1.8433432996273036,1.8433432996273036,-0.8597012162208558,False,quantile,True,1.773163163661955,-91.22475852059456,False,True,True,False,False,0.05,0.8375255465507507,0.8375255465507507,True,0.8375255465507507,-91.22475852059456,0,2.0760204792022705
tcn_transformer_ae,46,1000,0.9226790467898051,0.790973981221517,9,9,5,0.8375255465507507,0.8375255465507507,-91.22475852059456,0,0.0003,/home/danderety/Documents/GitHub/TCN_Transformer_anomaly_analizer/outputs/lo2/models/tcn_transformer_ae_seed44_best.pt,real_val_plus_val_synthetic,,,,,,,,,,,False,,,False,False,True,False,False,0.05,0.790973981221517,0.790973981221517,True,0.790973981221517,-91.22475852059456,0,2.4710633754730225
tcn_transformer_ae,47,1000,0.8743757605552673,0.7490380605061849,9,9,5,0.790973981221517,0.790973981221517,-91.22475852059456,0,0.0003,/home/danderety/Documents/GitHub/TCN_Transformer_anomaly_analizer/outputs/lo2/models/tcn_transformer_ae_seed44_best.pt,real_val_plus_val_synthetic,,,,,,,,,,,False,,,False,False,True,False,False,0.05,0.7490380605061849,0.7490380605061849,True,0.7490380605061849,-91.22475852059456,0,0.6086950302124023
tcn_transformer_ae,48,1000,0.8310206135114034,0.7108744978904724,9,9,5,0.7490380605061849,0.7490380605061849,-91.22475852059456,0,0.0003,/home/danderety/Documents/GitHub/TCN_Transformer_anomaly_analizer/outputs/lo2/models/tcn_transformer_ae_seed44_best.pt,real_val_plus_val_synthetic,,,,,,,,,,,False,,,False,False,True,False,False,0.05,0.7108744978904724,0.7108744978904724,True,0.7108744978904724,-91.22475852059456,0,0.7497313022613525
tcn_transformer_ae,49,1000,0.791241983572642,0.6764006614685059,9,9,5,0.7108744978904724,0.7108744978904724,-91.22475852059456,0,0.0003,/home/danderety/Documents/GitHub/TCN_Transformer_anomaly_analizer/outputs/lo2/models/tcn_transformer_ae_seed44_best.pt,real_val_plus_val_synthetic,,,,,,,,,,,False,,,False,False,True,False,False,0.05,0.6764006614685059,0.6764006614685059,True,0.6764006614685059,-91.22475852059456,0,1.2834062576293945
tcn_transformer_ae,50,1000,0.7532008091608683,0.6443660457928976,9,9,5,0.6764006614685059,0.6764006614685059,-91.22475852059456,0,0.0003,/home/danderety/Documents/GitHub/TCN_Transformer_anomaly_analizer/outputs/lo2/models/tcn_transformer_ae_seed44_best.pt,real_val_plus_val_synthetic,0.2631578947368421,0.05747126436781609,0.09433962264150944,14.0,82.0,1.9092754900455473,1.9092754900455473,-0.7804555892944337,False,quantile,True,1.8433432996273036,-91.22475852059456,False,True,True,False,False,0.05,0.6443660457928976,0.6443660457928976,True,0.6443660457928976,-91.22475852059456,0,2.144624710083008
tcn_transformer_ae,51,1000,0.7204522689183553,0.6149466037750244,9,9,5,0.6443660457928976,0.6443660457928976,-91.22475852059456,0,0.0003,/home/danderety/Documents/GitHub/TCN_Transformer_anomaly_analizer/outputs/lo2/models/tcn_transformer_ae_seed44_best.pt,real_val_plus_val_synthetic,,,,,,,,,,,False,,,False,False,True,False,False,0.05,0.6149466037750244,0.6149466037750244,True,0.6149466037750244,-91.22475852059456,0,1.9120047092437744
tcn_transformer_ae,52,1000,0.6843265692392985,0.5875895818074545,9,9,5,0.6149466037750244,0.6149466037750244,-91.22475852059456,0,0.0003,/home/danderety/Documents/GitHub/TCN_Transformer_anomaly_analizer/outputs/lo2/models/tcn_transformer_ae_seed44_best.pt,real_val_plus_val_synthetic,,,,,,,,,,,False,,,False,False,True,False,False,0.05,0.5875895818074545,0.5875895818074545,True,0.5875895818074545,-91.22475852059456,0,1.139200210571289
tcn_transformer_ae,53,1000,0.656906267007192,0.5624497135480245,9,9,5,0.5875895818074545,0.5875895818074545,-91.22475852059456,0,0.0003,/home/danderety/Documents/GitHub/TCN_Transformer_anomaly_analizer/outputs/lo2/models/tcn_transformer_ae_seed44_best.pt,real_val_plus_val_synthetic,,,,,,,,,,,False,,,False,False,True,False,False,0.05,0.5624497135480245,0.5624497135480245,True,0.5624497135480245,-91.22475852059456,0,2.5842697620391846
tcn_transformer_ae,54,1000,0.6284359296162924,0.5387025475502014,9,9,5,0.5624497135480245,0.5624497135480245,-91.22475852059456,0,0.0003,/home/danderety/Documents/GitHub/TCN_Transformer_anomaly_analizer/outputs/lo2/models/tcn_transformer_ae_seed44_best.pt,real_val_plus_val_synthetic,,,,,,,,,,,False,,,False,False,True,False,False,0.05,0.5387025475502014,0.5387025475502014,True,0.5387025475502014,-91.22475852059456,0,0.6069495677947998
tcn_transformer_ae,55,1000,0.6066390872001648,0.5164168179035187,9,9,5,0.5387025475502014,0.5387025475502014,-91.22475852059456,0,0.0003,/home/danderety/Documents/GitHub/TCN_Transformer_anomaly_analizer/outputs/lo2/models/tcn_transformer_ae_seed44_best.pt,real_val_plus_val_synthetic,0.2777777777777778,0.05747126436781609,0.09523809523809523,13.0,82.0,1.9485107541084281,1.9485107541084281,-0.7314787507057191,False,quantile,True,1.9092754900455473,-91.22019704433497,True,True,True,True,True,0.05,0.5164168179035187,0.5164168179035187,True,0.5164168179035187,-91.22019704433497,0,2.1139779090881348
tcn_transformer_ae,56,1000,0.5834541519482931,0.4959343771139781,9,9,5,0.5164168179035187,0.5164168179035187,-91.22019704433497,0,0.0003,/home/danderety/Documents/GitHub/TCN_Transformer_anomaly_analizer/outputs/lo2/models/tcn_transformer_ae_seed44_best.pt,real_val_plus_val_synthetic,,,,,,,,,,,False,,,False,False,True,False,False,0.05,0.4959343771139781,0.4959343771139781,True,0.4959343771139781,-91.22019704433497,0,2.4941232204437256
tcn_transformer_ae,57,1000,0.5595420797665914,0.4759609301884969,9,9,5,0.4959343771139781,0.4959343771139781,-91.22019704433497,0,0.0003,/home/danderety/Documents/GitHub/TCN_Transformer_anomaly_analizer/outputs/lo2/models/tcn_transformer_ae_seed44_best.pt,real_val_plus_val_synthetic,,,,,,,,,,,False,,,False,False,True,False,False,0.05,0.4759609301884969,0.4759609301884969,True,0.4759609301884969,-91.22019704433497,0,0.7077939510345459
tcn_transformer_ae,58,1000,0.5336066881815592,0.457464059193929,9,9,5,0.4759609301884969,0.4759609301884969,-91.22019704433497,0,0.0003,/home/danderety/Documents/GitHub/TCN_Transformer_anomaly_analizer/outputs/lo2/models/tcn_transformer_ae_seed44_best.pt,real_val_plus_val_synthetic,,,,,,,,,,,False,,,False,False,True,False,False,0.05,0.457464059193929,0.457464059193929,True,0.457464059193929,-91.22019704433497,0,2.510061025619507
tcn_transformer_ae,59,1000,0.5167011916637421,0.43951130906740826,9,9,5,0.457464059193929,0.457464059193929,-91.22019704433497,0,0.0003,/home/danderety/Documents/GitHub/TCN_Transformer_anomaly_analizer/outputs/lo2/models/tcn_transformer_ae_seed44_best.pt,real_val_plus_val_synthetic,,,,,,,,,,,False,,,False,False,True,False,False,0.05,0.43951130906740826,0.43951130906740826,True,0.43951130906740826,-91.22019704433497,0,0.6435816287994385
tcn_transformer_ae,60,1000,0.4986456632614136,0.4226697285970052,9,9,5,0.43951130906740826,0.43951130906740826,-91.22019704433497,0,0.0003,/home/danderety/Documents/GitHub/TCN_Transformer_anomaly_analizer/outputs/lo2/models/tcn_transformer_ae_seed44_best.pt,real_val_plus_val_synthetic,0.2777777777777778,0.05747126436781609,0.09523809523809523,13.0,82.0,1.947824335098265,1.947824335098265,-0.6911242604255677,False,quantile,True,1.9485107541084281,-91.22019704433497,False,True,True,False,False,0.05,0.4226697285970052,0.4226697285970052,True,0.4226697285970052,-91.22019704433497,0,2.1491944789886475
tcn_transformer_ae,61,1000,0.478758305311203,0.4065160353978475,9,9,5,0.4226697285970052,0.4226697285970052,-91.22019704433497,0,0.0003,/home/danderety/Documents/GitHub/TCN_Transformer_anomaly_analizer/outputs/lo2/models/tcn_transformer_ae_seed44_best.pt,real_val_plus_val_synthetic,,,,,,,,,,,False,,,False,False,True,False,False,0.05,0.4065160353978475,0.4065160353978475,True,0.4065160353978475,-91.22019704433497,0,2.299809455871582
tcn_transformer_ae,62,1000,0.46289995312690735,0.390838364760081,9,9,5,0.4065160353978475,0.4065160353978475,-91.22019704433497,0,0.0003,/home/danderety/Documents/GitHub/TCN_Transformer_anomaly_analizer/outputs/lo2/models/tcn_transformer_ae_seed44_best.pt,real_val_plus_val_synthetic,,,,,,,,,,,False,,,False,False,True,False,False,0.05,0.390838364760081,0.390838364760081,True,0.390838364760081,-91.22019704433497,0,0.7962353229522705
tcn_transformer_ae,63,1000,0.4466140568256378,0.3760124047597249,9,9,5,0.390838364760081,0.390838364760081,-91.22019704433497,0,0.0003,/home/danderety/Documents/GitHub/TCN_Transformer_anomaly_analizer/outputs/lo2/models/tcn_transformer_ae_seed44_best.pt,real_val_plus_val_synthetic,,,,,,,,,,,False,,,False,False,True,False,False,0.05,0.3760124047597249,0.3760124047597249,True,0.3760124047597249,-91.22019704433497,0,2.5137832164764404
tcn_transformer_ae,64,1000,0.42819621165593463,0.3614206711451213,9,9,5,0.3760124047597249,0.3760124047597249,-91.22019704433497,0,0.0003,/home/danderety/Documents/GitHub/TCN_Transformer_anomaly_analizer/outputs/lo2/models/tcn_transformer_ae_seed44_best.pt,real_val_plus_val_synthetic,,,,,,,,,,,False,,,False,False,True,False,False,0.05,0.3614206711451213,0.3614206711451213,True,0.3614206711451213,-91.22019704433497,0,0.605288028717041
tcn_transformer_ae,65,1000,0.414946715037028,0.3476656675338745,9,9,5,0.3614206711451213,0.3614206711451213,-91.22019704433497,0,0.0003,/home/danderety/Documents/GitHub/TCN_Transformer_anomaly_analizer/outputs/lo2/models/tcn_transformer_ae_seed44_best.pt,real_val_plus_val_synthetic,0.2777777777777778,0.05747126436781609,0.09523809523809523,13.0,82.0,1.9985386252403243,1.9985386252403243,-0.6804577708244325,False,quantile,True,1.947824335098265,-91.22019704433497,False,True,True,False,False,0.05,0.3476656675338745,0.3476656675338745,True,0.3476656675338745,-91.22019704433497,0,2.0488240718841553
tcn_transformer_ae,66,1000,0.4038173059622447,0.334492951631546,9,9,5,0.3476656675338745,0.3476656675338745,-91.22019704433497,0,0.0003,/home/danderety/Documents/GitHub/TCN_Transformer_anomaly_analizer/outputs/lo2/models/tcn_transformer_ae_seed44_best.pt,real_val_plus_val_synthetic,,,,,,,,,,,False,,,False,False,True,False,False,0.05,0.334492951631546,0.334492951631546,True,0.334492951631546,-91.22019704433497,0,0.7309305667877197
tcn_transformer_ae,67,1000,0.3885820706685384,0.3215029040972392,9,9,5,0.334492951631546,0.334492951631546,-91.22019704433497,0,0.0003,/home/danderety/Documents/GitHub/TCN_Transformer_anomaly_analizer/outputs/lo2/models/tcn_transformer_ae_seed44_best.pt,real_val_plus_val_synthetic,,,,,,,,,,,False,,,False,False,True,False,False,0.05,0.3215029040972392,0.3215029040972392,True,0.3215029040972392,-91.22019704433497,0,1.8671562671661377
tcn_transformer_ae,68,1000,0.37225282192230225,0.3093324800332387,9,9,5,0.3215029040972392,0.3215029040972392,-91.22019704433497,0,0.0003,/home/danderety/Documents/GitHub/TCN_Transformer_anomaly_analizer/outputs/lo2/models/tcn_transformer_ae_seed44_best.pt,real_val_plus_val_synthetic,,,,,,,,,,,False,,,False,False,True,False,False,0.05,0.3093324800332387,0.3093324800332387,True,0.3093324800332387,-91.22019704433497,0,0.9755349159240723
tcn_transformer_ae,69,1000,0.36106692751248676,0.2972392638524373,9,9,5,0.3093324800332387,0.3093324800332387,-91.22019704433497,0,0.0003,/home/danderety/Documents/GitHub/TCN_Transformer_anomaly_analizer/outputs/lo2/models/tcn_transformer_ae_seed44_best.pt,real_val_plus_val_synthetic,,,,,,,,,,,False,,,False,False,True,False,False,0.05,0.2972392638524373,0.2972392638524373,True,0.2972392638524373,-91.22019704433497,0,0.6178984642028809
tcn_transformer_ae,70,1000,0.34767932693163556,0.2856285671393077,9,9,5,0.2972392638524373,0.2972392638524373,-91.22019704433497,0,0.0003,/home/danderety/Documents/GitHub/TCN_Transformer_anomaly_analizer/outputs/lo2/models/tcn_transformer_ae_seed44_best.pt,real_val_plus_val_synthetic,0.3,0.06896551724137931,0.11214953271028037,14.0,81.0,2.0993374705314616,2.0993374705314616,-0.6748930215835572,False,quantile,True,1.9985386252403243,-90.0805118289166,True,True,True,True,True,0.05,0.2856285671393077,0.2856285671393077,True,0.2856285671393077,-90.0805118289166,0,2.9152185916900635
tcn_transformer_ae,71,1000,0.3348272144794464,0.27441076437632245,9,9,5,0.2856285671393077,0.2856285671393077,-90.0805118289166,0,0.0003,/home/danderety/Documents/GitHub/TCN_Transformer_anomaly_analizer/outputs/lo2/models/tcn_transformer_ae_seed44_best.pt,real_val_plus_val_synthetic,,,,,,,,,,,False,,,False,False,True,False,False,0.05,0.27441076437632245,0.27441076437632245,True,0.27441076437632245,-90.0805118289166,0,0.698535680770874
tcn_transformer_ae,72,1000,0.3235780596733093,0.26359426975250244,9,9,5,0.27441076437632245,0.27441076437632245,-90.0805118289166,0,0.0003,/home/danderety/Documents/GitHub/TCN_Transformer_anomaly_analizer/outputs/lo2/models/tcn_transformer_ae_seed44_best.pt,real_val_plus_val_synthetic,,,,,,,,,,,False,,,False,False,True,False,False,0.05,0.26359426975250244,0.26359426975250244,True,0.26359426975250244,-90.0805118289166,0,2.622392416000366
tcn_transformer_ae,73,1000,0.3137945036093394,0.2533274094263713,9,9,5,0.26359426975250244,0.26359426975250244,-90.0805118289166,0,0.0003,/home/danderety/Documents/GitHub/TCN_Transformer_anomaly_analizer/outputs/lo2/models/tcn_transformer_ae_seed44_best.pt,real_val_plus_val_synthetic,,,,,,,,,,,False,,,False,False,True,False,False,0.05,0.2533274094263713,0.2533274094263713,True,0.2533274094263713,-90.0805118289166,0,0.6281542778015137
tcn_transformer_ae,74,1000,0.3033229311307271,0.24306773145993552,9,9,5,0.2533274094263713,0.2533274094263713,-90.0805118289166,0,0.0003,/home/danderety/Documents/GitHub/TCN_Transformer_anomaly_analizer/outputs/lo2/models/tcn_transformer_ae_seed44_best.pt,real_val_plus_val_synthetic,,,,,,,,,,,False,,,False,False,True,False,False,0.05,0.24306773145993552,0.24306773145993552,True,0.24306773145993552,-90.0805118289166,0,0.6536507606506348
tcn_transformer_ae,75,1000,0.29006385803222656,0.23347590863704681,9,9,5,0.24306773145993552,0.24306773145993552,-90.0805118289166,0,0.0003,/home/danderety/Documents/GitHub/TCN_Transformer_anomaly_analizer/outputs/lo2/models/tcn_transformer_ae_seed44_best.pt,real_val_plus_val_synthetic,0.25,0.05747126436781609,0.09345794392523364,15.0,82.0,2.1857790708541867,2.1857790708541867,-0.6472544670104982,False,quantile,True,2.0993374705314616,-91.22930320297384,False,True,True,False,False,0.05,0.23347590863704681,0.23347590863704681,True,0.23347590863704681,-90.0805118289166,0,2.048218250274658
tcn_transformer_ae,76,1000,0.2802119255065918,0.22392957409222922,9,9,5,0.23347590863704681,0.23347590863704681,-90.0805118289166,0,0.0003,/home/danderety/Documents/GitHub/TCN_Transformer_anomaly_analizer/outputs/lo2/models/tcn_transformer_ae_seed44_best.pt,real_val_plus_val_synthetic,,,,,,,,,,,False,,,False,False,True,False,False,0.05,0.22392957409222922,0.22392957409222922,True,0.22392957409222922,-90.0805118289166,0,0.9505140781402588
tcn_transformer_ae,77,1000,0.2694117526213328,0.21494054794311523,9,9,5,0.22392957409222922,0.22392957409222922,-90.0805118289166,0,0.0003,/home/danderety/Documents/GitHub/TCN_Transformer_anomaly_analizer/outputs/lo2/models/tcn_transformer_ae_seed44_best.pt,real_val_plus_val_synthetic,,,,,,,,,,,False,,,False,False,True,False,False,0.05,0.21494054794311523,0.21494054794311523,True,0.21494054794311523,-90.0805118289166,0,1.9464726448059082
tcn_transformer_ae,78,1000,0.2612857421239217,0.20618383586406708,9,9,5,0.21494054794311523,0.21494054794311523,-90.0805118289166,0,0.0003,/home/danderety/Documents/GitHub/TCN_Transformer_anomaly_analizer/outputs/lo2/models/tcn_transformer_ae_seed44_best.pt,real_val_plus_val_synthetic,,,,,,,,,,,False,,,False,False,True,False,False,0.05,0.20618383586406708,0.20618383586406708,True,0.20618383586406708,-90.0805118289166,0,0.672743558883667
tcn_transformer_ae,79,1000,0.25060181816418964,0.197831725080808,9,9,5,0.20618383586406708,0.20618383586406708,-90.0805118289166,0,0.0003,/home/danderety/Documents/GitHub/TCN_Transformer_anomaly_analizer/outputs/lo2/models/tcn_transformer_ae_seed44_best.pt,real_val_plus_val_synthetic,,,,,,,,,,,False,,,False,False,True,False,False,0.05,0.197831725080808,0.197831725080808,True,0.197831725080808,-90.0805118289166,0,1.6655147075653076
tcn_transformer_ae,80,1000,0.2423128883043925,0.18971289694309235,9,9,5,0.197831725080808,0.197831725080808,-90.0805118289166,0,0.0003,/home/danderety/Documents/GitHub/TCN_Transformer_anomaly_analizer/outputs/lo2/models/tcn_transformer_ae_seed44_best.pt,real_val_plus_val_synthetic,0.15789473684210525,0.034482758620689655,0.05660377358490566,16.0,84.0,2.4234147548675535,2.4234147548675535,-0.6610575318336488,False,quantile,True,2.1857790708541867,-93.52269394019557,False,True,True,False,False,0.05,0.18971289694309235,0.18971289694309235,True,0.18971289694309235,-90.0805118289166,0,2.104853630065918
tcn_transformer_ae,81,1000,0.23360854387283325,0.18189553916454315,9,9,5,0.18971289694309235,0.18971289694309235,-90.0805118289166,0,0.0003,/home/danderety/Documents/GitHub/TCN_Transformer_anomaly_analizer/outputs/lo2/models/tcn_transformer_ae_seed44_best.pt,real_val_plus_val_synthetic,,,,,,,,,,,False,,,False,False,True,False,False,0.05,0.18189553916454315,0.18189553916454315,True,0.18189553916454315,-90.0805118289166,0,2.44819974899292
tcn_transformer_ae,82,1000,0.22405076026916504,0.17439794540405273,9,9,5,0.18189553916454315,0.18189553916454315,-90.0805118289166,0,0.0003,/home/danderety/Documents/GitHub/TCN_Transformer_anomaly_analizer/outputs/lo2/models/tcn_transformer_ae_seed44_best.pt,real_val_plus_val_synthetic,,,,,,,,,,,False,,,False,False,True,False,False,0.05,0.17439794540405273,0.17439794540405273,True,0.17439794540405273,-90.0805118289166,0,0.6840589046478271
tcn_transformer_ae,83,1000,0.21518818040688834,0.16709143916765848,9,9,5,0.17439794540405273,0.17439794540405273,-90.0805118289166,0,0.0003,/home/danderety/Documents/GitHub/TCN_Transformer_anomaly_analizer/outputs/lo2/models/tcn_transformer_ae_seed44_best.pt,real_val_plus_val_synthetic,,,,,,,,,,,False,,,False,False,True,False,False,0.05,0.16709143916765848,0.16709143916765848,True,0.16709143916765848,-90.0805118289166,0,2.4677248001098633
tcn_transformer_ae,84,1000,0.2085283249616623,0.16026796897252402,9,9,5,0.16709143916765848,0.16709143916765848,-90.0805118289166,0,0.0003,/home/danderety/Documents/GitHub/TCN_Transformer_anomaly_analizer/outputs/lo2/models/tcn_transformer_ae_seed44_best.pt,real_val_plus_val_synthetic,,,,,,,,,,,False,,,False,False,True,False,False,0.05,0.16026796897252402,0.16026796897252402,True,0.16026796897252402,-90.0805118289166,0,0.624093770980835
tcn_transformer_ae,85,1000,0.20079377790292105,0.15348728994528452,9,9,5,0.16026796897252402,0.16026796897252402,-90.0805118289166,0,0.0003,/home/danderety/Documents/GitHub/TCN_Transformer_anomaly_analizer/outputs/lo2/models/tcn_transformer_ae_seed44_best.pt,real_val_plus_val_synthetic,0.15,0.034482758620689655,0.056074766355140186,17.0,84.0,2.4847298264503443,2.4847298264503443,-0.6577333211898805,False,quantile,True,2.4234147548675535,-93.52688595108833,False,True,True,False,False,0.05,0.15348728994528452,0.15348728994528452,True,0.15348728994528452,-90.0805118289166,0,2.1010913848876953
tcn_transformer_ae,86,1000,0.19390434523423514,0.14721809327602386,9,9,5,0.15348728994528452,0.15348728994528452,-90.0805118289166,0,0.0003,/home/danderety/Documents/GitHub/TCN_Transformer_anomaly_analizer/outputs/lo2/models/tcn_transformer_ae_seed44_best.pt,real_val_plus_val_synthetic,,,,,,,,,,,False,,,False,False,True,False,False,0.05,0.14721809327602386,0.14721809327602386,True,0.14721809327602386,-90.0805118289166,0,2.4095547199249268
tcn_transformer_ae,87,1000,0.1867715318997701,0.1410650908946991,9,9,5,0.14721809327602386,0.14721809327602386,-90.0805118289166,0,0.0003,/home/danderety/Documents/GitHub/TCN_Transformer_anomaly_analizer/outputs/lo2/models/tcn_transformer_ae_seed44_best.pt,real_val_plus_val_synthetic,,,,,,,,,,,False,,,False,False,True,False,False,0.05,0.1410650908946991,0.1410650908946991,True,0.1410650908946991,-90.0805118289166,0,0.6078500747680664
tcn_transformer_ae,88,1000,0.18043780326843262,0.13525837659835815,9,9,5,0.1410650908946991,0.1410650908946991,-90.0805118289166,0,0.0003,/home/danderety/Documents/GitHub/TCN_Transformer_anomaly_analizer/outputs/lo2/models/tcn_transformer_ae_seed44_best.pt,real_val_plus_val_synthetic,,,,,,,,,,,False,,,False,False,True,False,False,0.05,0.13525837659835815,0.13525837659835815,True,0.13525837659835815,-90.0805118289166,0,0.614112138748169
tcn_transformer_ae,89,1000,0.1746464322010676,0.1296289637684822,9,9,5,0.13525837659835815,0.13525837659835815,-90.0805118289166,0,0.0003,/home/danderety/Documents/GitHub/TCN_Transformer_anomaly_analizer/outputs/lo2/models/tcn_transformer_ae_seed44_best.pt,real_val_plus_val_synthetic,,,,,,,,,,,False,,,False,False,True,False,False,0.05,0.1296289637684822,0.1296289637684822,True,0.1296289637684822,-90.0805118289166,0,0.8643453121185303
tcn_transformer_ae,90,1000,0.16670853892962137,0.12433801094690959,9,9,5,0.1296289637684822,0.1296289637684822,-90.0805118289166,0,0.0003,/home/danderety/Documents/GitHub/TCN_Transformer_anomaly_analizer/outputs/lo2/models/tcn_transformer_ae_seed44_best.pt,real_val_plus_val_synthetic,0.15,0.034482758620689655,0.056074766355140186,17.0,84.0,2.9395743608474727,2.9395743608474727,-0.6750019192695619,False,quantile,True,2.4847298264503443,-93.52688595108833,False,True,True,False,False,0.05,0.12433801094690959,0.12433801094690959,True,0.12433801094690959,-90.0805118289166,0,2.1242315769195557
tcn_transformer_ae,91,1000,0.16193347672621408,0.11920695751905441,9,9,5,0.12433801094690959,0.12433801094690959,-90.0805118289166,0,0.0003,/home/danderety/Documents/GitHub/TCN_Transformer_anomaly_analizer/outputs/lo2/models/tcn_transformer_ae_seed44_best.pt,real_val_plus_val_synthetic,,,,,,,,,,,False,,,False,False,True,False,False,0.05,0.11920695751905441,0.11920695751905441,True,0.11920695751905441,-90.0805118289166,0,1.4283158779144287
tcn_transformer_ae,92,1000,0.15540464719136557,0.11442797382672627,9,9,5,0.11920695751905441,0.11920695751905441,-90.0805118289166,0,0.0003,/home/danderety/Documents/GitHub/TCN_Transformer_anomaly_analizer/outputs/lo2/models/tcn_transformer_ae_seed44_best.pt,real_val_plus_val_synthetic,,,,,,,,,,,False,,,False,False,True,False,False,0.05,0.11442797382672627,0.11442797382672627,True,0.11442797382672627,-90.0805118289166,0,0.7085831165313721
tcn_transformer_ae,93,1000,0.15153794487317404,0.10967658211787541,9,9,5,0.11442797382672627,0.11442797382672627,-90.0805118289166,0,0.0003,/home/danderety/Documents/GitHub/TCN_Transformer_anomaly_analizer/outputs/lo2/models/tcn_transformer_ae_seed44_best.pt,real_val_plus_val_synthetic,,,,,,,,,,,False,,,False,False,True,False,False,0.05,0.10967658211787541,0.10967658211787541,True,0.10967658211787541,-90.0805118289166,0,2.7434067726135254
tcn_transformer_ae,94,1000,0.14586464564005533,0.1051981250445048,9,9,5,0.10967658211787541,0.10967658211787541,-90.0805118289166,0,0.0003,/home/danderety/Documents/GitHub/TCN_Transformer_anomaly_analizer/outputs/lo2/models/tcn_transformer_ae_seed44_best.pt,real_val_plus_val_synthetic,,,,,,,,,,,False,,,False,False,True,False,False,0.05,0.1051981250445048,0.1051981250445048,True,0.1051981250445048,-90.0805118289166,0,0.6083812713623047
tcn_transformer_ae,95,1000,0.13953816890716553,0.1009079913298289,9,9,5,0.1051981250445048,0.1051981250445048,-90.0805118289166,0,0.0003,/home/danderety/Documents/GitHub/TCN_Transformer_anomaly_analizer/outputs/lo2/models/tcn_transformer_ae_seed44_best.pt,real_val_plus_val_synthetic,0.2,0.04597701149425287,0.07476635514018691,16.0,83.0,3.0120172739028925,3.0120172739028925,-0.6687416434288026,False,quantile,True,2.9395743608474727,-92.37809457703109,False,True,True,False,False,0.05,0.1009079913298289,0.1009079913298289,True,0.1009079913298289,-90.0805118289166,0,2.0793237686157227
tcn_transformer_ae,96,1000,0.13550636172294617,0.09680785487095515,9,9,5,0.1009079913298289,0.1009079913298289,-90.0805118289166,0,0.0003,/home/danderety/Documents/GitHub/TCN_Transformer_anomaly_analizer/outputs/lo2/models/tcn_transformer_ae_seed44_best.pt,real_val_plus_val_synthetic,,,,,,,,,,,False,,,False,False,True,False,False,0.05,0.09680785487095515,0.09680785487095515,True,0.09680785487095515,-90.0805118289166,0,0.6544537544250488
tcn_transformer_ae,97,1000,0.13027423868576685,0.09296068052450816,9,9,5,0.09680785487095515,0.09680785487095515,-90.0805118289166,0,0.0003,/home/danderety/Documents/GitHub/TCN_Transformer_anomaly_analizer/outputs/lo2/models/tcn_transformer_ae_seed44_best.pt,real_val_plus_val_synthetic,,,,,,,,,,,False,,,False,False,True,False,False,0.05,0.09296068052450816,0.09296068052450816,True,0.09296068052450816,-90.0805118289166,0,1.8089134693145752
tcn_transformer_ae,98,1000,0.12559716900189719,0.0892536814014117,9,9,5,0.09296068052450816,0.09296068052450816,-90.0805118289166,0,0.0003,/home/danderety/Documents/GitHub/TCN_Transformer_anomaly_analizer/outputs/lo2/models/tcn_transformer_ae_seed44_best.pt,real_val_plus_val_synthetic,,,,,,,,,,,False,,,False,False,True,False,False,0.05,0.0892536814014117,0.0892536814014117,True,0.0892536814014117,-90.0805118289166,0,0.656557559967041
tcn_transformer_ae,99,1000,0.12103506674369176,0.08580017586549123,9,9,5,0.0892536814014117,0.0892536814014117,-90.0805118289166,0,0.0003,/home/danderety/Documents/GitHub/TCN_Transformer_anomaly_analizer/outputs/lo2/models/tcn_transformer_ae_seed44_best.pt,real_val_plus_val_synthetic,,,,,,,,,,,False,,,False,False,True,False,False,0.05,0.08580017586549123,0.08580017586549123,True,0.08580017586549123,-90.0805118289166,0,1.2596180438995361
tcn_transformer_ae,100,1000,0.11810169368982315,0.08253807574510574,9,9,5,0.08580017586549123,0.08580017586549123,-90.0805118289166,0,0.0003,/home/danderety/Documents/GitHub/TCN_Transformer_anomaly_analizer/outputs/lo2/models/tcn_transformer_ae_seed44_best.pt,real_val_plus_val_synthetic,0.30434782608695654,0.08045977011494253,0.12727272727272726,16.0,80.0,3.0648703813552767,3.0648703813552767,-0.6819782257080079,False,quantile,True,3.0120172739028925,-88.94627786007096,True,True,True,True,True,0.05,0.08253807574510574,0.08253807574510574,True,0.08253807574510574,-88.94627786007096,0,2.085911512374878
tcn_transformer_ae,101,1000,0.1138772964477539,0.07933295766512553,9,9,5,0.08253807574510574,0.08253807574510574,-88.94627786007096,0,0.0003,/home/danderety/Documents/GitHub/TCN_Transformer_anomaly_analizer/outputs/lo2/models/tcn_transformer_ae_seed44_best.pt,real_val_plus_val_synthetic,,,,,,,,,,,False,,,False,False,True,False,False,0.05,0.07933295766512553,0.07933295766512553,True,0.07933295766512553,-88.94627786007096,0,0.6041388511657715
tcn_transformer_ae,102,1000,0.10996806621551514,0.0763356164097786,9,9,5,0.07933295766512553,0.07933295766512553,-88.94627786007096,0,0.0003,/home/danderety/Documents/GitHub/TCN_Transformer_anomaly_analizer/outputs/lo2/models/tcn_transformer_ae_seed44_best.pt,real_val_plus_val_synthetic,,,,,,,,,,,False,,,False,False,True,False,False,0.05,0.0763356164097786,0.0763356164097786,True,0.0763356164097786,-88.94627786007096,0,0.6459500789642334
tcn_transformer_ae,103,1000,0.10643694549798965,0.0734690527121226,9,9,5,0.0763356164097786,0.0763356164097786,-88.94627786007096,0,0.0003,/home/danderety/Documents/GitHub/TCN_Transformer_anomaly_analizer/outputs/lo2/models/tcn_transformer_ae_seed44_best.pt,real_val_plus_val_synthetic,,,,,,,,,,,False,,,False,False,True,False,False,0.05,0.0734690527121226,0.0734690527121226,True,0.0734690527121226,-88.94627786007096,0,0.640242338180542
tcn_transformer_ae,104,1000,0.10261829445759456,0.0707435483733813,9,9,5,0.0734690527121226,0.0734690527121226,-88.94627786007096,0,0.0003,/home/danderety/Documents/GitHub/TCN_Transformer_anomaly_analizer/outputs/lo2/models/tcn_transformer_ae_seed44_best.pt,real_val_plus_val_synthetic,,,,,,,,,,,False,,,False,False,True,False,False,0.05,0.0707435483733813,0.0707435483733813,True,0.0707435483733813,-88.94627786007096,0,0.6166884899139404
tcn_transformer_ae,105,1000,0.0993286520242691,0.06810636073350906,9,9,5,0.0707435483733813,0.0707435483733813,-88.94627786007096,0,0.0003,/home/danderety/Documents/GitHub/TCN_Transformer_anomaly_analizer/outputs/lo2/models/tcn_transformer_ae_seed44_best.pt,real_val_plus_val_synthetic,0.4482758620689655,0.14942528735632185,0.22413793103448276,16.0,74.0,3.226721394062035,3.226721394062035,-0.7033787965774537,False,quantile,True,3.0648703813552767,-82.09079196665404,True,True,True,True,True,0.05,0.06810636073350906,0.06810636073350906,True,0.06810636073350906,-82.09079196665404,0,2.0905442237854004
tcn_transformer_ae,106,1000,0.09589959929386775,0.06562820946176846,9,9,5,0.06810636073350906,0.06810636073350906,-82.09079196665404,0,0.0003,/home/danderety/Documents/GitHub/TCN_Transformer_anomaly_analizer/outputs/lo2/models/tcn_transformer_ae_seed44_best.pt,real_val_plus_val_synthetic,,,,,,,,,,,False,,,False,False,True,False,False,0.05,0.06562820946176846,0.06562820946176846,True,0.06562820946176846,-82.09079196665404,0,0.7082469463348389
tcn_transformer_ae,107,1000,0.09220724801222484,0.06330988307793935,9,9,5,0.06562820946176846,0.06562820946176846,-82.09079196665404,0,0.0003,/home/danderety/Documents/GitHub/TCN_Transformer_anomaly_analizer/outputs/lo2/models/tcn_transformer_ae_seed44_best.pt,real_val_plus_val_synthetic,,,,,,,,,,,False,,,False,False,True,False,False,0.05,0.06330988307793935,0.06330988307793935,True,0.06330988307793935,-82.09079196665404,0,2.365283489227295
tcn_transformer_ae,108,1000,0.08977602918942769,0.061087762316068016,9,9,5,0.06330988307793935,0.06330988307793935,-82.09079196665404,0,0.0003,/home/danderety/Documents/GitHub/TCN_Transformer_anomaly_analizer/outputs/lo2/models/tcn_transformer_ae_seed44_best.pt,real_val_plus_val_synthetic,,,,,,,,,,,False,,,False,False,True,False,False,0.05,0.061087762316068016,0.061087762316068016,True,0.061087762316068016,-82.09079196665404,0,0.6090483665466309
tcn_transformer_ae,109,1000,0.08757488181193669,0.05899860461552938,9,9,5,0.061087762316068016,0.061087762316068016,-82.09079196665404,0,0.0003,/home/danderety/Documents/GitHub/TCN_Transformer_anomaly_analizer/outputs/lo2/models/tcn_transformer_ae_seed44_best.pt,real_val_plus_val_synthetic,,,,,,,,,,,False,,,False,False,True,False,False,0.05,0.05899860461552938,0.05899860461552938,True,0.05899860461552938,-82.09079196665404,0,0.6147549152374268
tcn_transformer_ae,110,1000,0.08419855187336604,0.05698002502322197,9,9,5,0.05899860461552938,0.05899860461552938,-82.09079196665404,0,0.0003,/home/danderety/Documents/GitHub/TCN_Transformer_anomaly_analizer/outputs/lo2/models/tcn_transformer_ae_seed44_best.pt,real_val_plus_val_synthetic,0.5675675675675675,0.2413793103448276,0.3387096774193548,16.0,66.0,3.30485441684722,3.30485441684722,-0.7186931371688844,False,quantile,True,3.226721394062035,-72.9647259673956,True,True,True,True,True,0.05,0.05698002502322197,0.05698002502322197,True,0.05698002502322197,-72.9647259673956,0,2.0767598152160645
tcn_transformer_ae,111,1000,0.08174913376569748,0.055063195526599884,9,9,5,0.05698002502322197,0.05698002502322197,-72.9647259673956,0,0.0003,/home/danderety/Documents/GitHub/TCN_Transformer_anomaly_analizer/outputs/lo2/models/tcn_transformer_ae_seed44_best.pt,real_val_plus_val_synthetic,,,,,,,,,,,False,,,False,False,True,False,False,0.05,0.055063195526599884,0.055063195526599884,True,0.055063195526599884,-72.9647259673956,0,0.606722354888916
tcn_transformer_ae,112,1000,0.07974700629711151,0.05325905357797941,9,9,5,0.055063195526599884,0.055063195526599884,-72.9647259673956,0,0.0003,/home/danderety/Documents/GitHub/TCN_Transformer_anomaly_analizer/outputs/lo2/models/tcn_transformer_ae_seed44_best.pt,real_val_plus_val_synthetic,,,,,,,,,,,False,,,False,False,True,False,False,0.05,0.05325905357797941,0.05325905357797941,True,0.05325905357797941,-72.9647259673956,0,0.6098930835723877
tcn_transformer_ae,113,1000,0.07744763294855754,0.05148987968762716,9,9,5,0.05325905357797941,0.05325905357797941,-72.9647259673956,0,0.0003,/home/danderety/Documents/GitHub/TCN_Transformer_anomaly_analizer/outputs/lo2/models/tcn_transformer_ae_seed44_best.pt,real_val_plus_val_synthetic,,,,,,,,,,,False,,,False,False,True,False,False,0.05,0.05148987968762716,0.05148987968762716,True,0.05148987968762716,-72.9647259673956,0,0.6453254222869873
tcn_transformer_ae,114,1000,0.07534288118282954,0.04984586934248606,9,9,5,0.05148987968762716,0.05148987968762716,-72.9647259673956,0,0.0003,/home/danderety/Documents/GitHub/TCN_Transformer_anomaly_analizer/outputs/lo2/models/tcn_transformer_ae_seed44_best.pt,real_val_plus_val_synthetic,,,,,,,,,,,False,,,False,False,True,False,False,0.05,0.04984586934248606,0.04984586934248606,True,0.04984586934248606,-72.9647259673956,0,0.6572587490081787
tcn_transformer_ae,115,1000,0.0728022704521815,0.04829413567980131,9,9,5,0.04984586934248606,0.04984586934248606,-72.9647259673956,0,0.0003,/home/danderety/Documents/GitHub/TCN_Transformer_anomaly_analizer/outputs/lo2/models/tcn_transformer_ae_seed44_best.pt,real_val_plus_val_synthetic,0.5897435897435898,0.26436781609195403,0.36507936507936506,16.0,64.0,3.2777558565139677,3.2777558565139677,-0.7314777374267579,False,quantile,True,3.30485441684722,-70.6854827165172,True,True,True,True,True,0.05,0.04829413567980131,0.04829413567980131,True,0.04829413567980131,-70.6854827165172,0,2.1110358238220215
tcn_transformer_ae,116,1000,0.07105254133542378,0.0467935341099898,9,9,5,0.04829413567980131,0.04829413567980131,-70.6854827165172,0,0.0003,/home/danderety/Documents/GitHub/TCN_Transformer_anomaly_analizer/outputs/lo2/models/tcn_transformer_ae_seed44_best.pt,real_val_plus_val_synthetic,,,,,,,,,,,False,,,False,False,True,False,False,0.05,0.0467935341099898,0.0467935341099898,True,0.0467935341099898,-70.6854827165172,0,2.609239339828491
tcn_transformer_ae,117,1000,0.06911159058411916,0.045321413626273475,9,9,5,0.0467935341099898,0.0467935341099898,-70.6854827165172,0,0.0003,/home/danderety/Documents/GitHub/TCN_Transformer_anomaly_analizer/outputs/lo2/models/tcn_transformer_ae_seed44_best.pt,real_val_plus_val_synthetic,,,,,,,,,,,False,,,False,False,True,False,False,0.05,0.045321413626273475,0.045321413626273475,True,0.045321413626273475,-70.6854827165172,0,0.6471908092498779
tcn_transformer_ae,118,1000,0.06754693637291591,0.04395000636577606,9,9,5,0.045321413626273475,0.045321413626273475,-70.6854827165172,0,0.0003,/home/danderety/Documents/GitHub/TCN_Transformer_anomaly_analizer/outputs/lo2/models/tcn_transformer_ae_seed44_best.pt,real_val_plus_val_synthetic,,,,,,,,,,,False,,,False,False,True,False,False,0.05,0.04395000636577606,0.04395000636577606,True,0.04395000636577606,-70.6854827165172,0,2.1471219062805176
tcn_transformer_ae,119,1000,0.0657570833961169,0.04262347395221392,9,9,5,0.04395000636577606,0.04395000636577606,-70.6854827165172,0,0.0003,/home/danderety/Documents/GitHub/TCN_Transformer_anomaly_analizer/outputs/lo2/models/tcn_transformer_ae_seed44_best.pt,real_val_plus_val_synthetic,,,,,,,,,,,False,,,False,False,True,False,False,0.05,0.04262347395221392,0.04262347395221392,True,0.04262347395221392,-70.6854827165172,0,2.385453224182129
tcn_transformer_ae,120,1000,0.06370393310983975,0.04138720283905665,9,9,5,0.04262347395221392,0.04262347395221392,-70.6854827165172,0,0.0003,/home/danderety/Documents/GitHub/TCN_Transformer_anomaly_analizer/outputs/lo2/models/tcn_transformer_ae_seed44_best.pt,real_val_plus_val_synthetic,0.6521739130434783,0.3448275862068966,0.45112781954887216,16.0,57.0,3.2881258606910646,3.2881258606910646,-0.7532019615173341,False,quantile,True,3.2777558565139677,-62.71437679078332,True,True,True,True,True,0.05,0.04138720283905665,0.04138720283905665,True,0.04138720283905665,-62.71437679078332,0,2.099144697189331
tcn_transformer_ae,121,1000,0.061815593391656876,0.040190098186333977,9,9,5,0.04138720283905665,0.04138720283905665,-62.71437679078332,0,0.0003,/home/danderety/Documents/GitHub/TCN_Transformer_anomaly_analizer/outputs/lo2/models/tcn_transformer_ae_seed44_best.pt,real_val_plus_val_synthetic,,,,,,,,,,,False,,,False,False,True,False,False,0.05,0.040190098186333977,0.040190098186333977,True,0.040190098186333977,-62.71437679078332,0,1.2607676982879639
tcn_transformer_ae,122,1000,0.060406131048997246,0.03903520852327347,9,9,5,0.040190098186333977,0.040190098186333977,-62.71437679078332,0,0.0003,/home/danderety/Documents/GitHub/TCN_Transformer_anomaly_analizer/outputs/lo2/models/tcn_transformer_ae_seed44_best.pt,real_val_plus_val_synthetic,,,,,,,,,,,False,,,False,False,True,False,False,0.05,0.03903520852327347,0.03903520852327347,True,0.03903520852327347,-62.71437679078332,0,0.7071444988250732
tcn_transformer_ae,123,1000,0.05905077854792277,0.03792421147227287,9,9,5,0.03903520852327347,0.03903520852327347,-62.71437679078332,0,0.0003,/home/danderety/Documents/GitHub/TCN_Transformer_anomaly_analizer/outputs/lo2/models/tcn_transformer_ae_seed44_best.pt,real_val_plus_val_synthetic,,,,,,,,,,,False,,,False,False,True,False,False,0.05,0.03792421147227287,0.03792421147227287,True,0.03792421147227287,-62.71437679078332,0,2.567244529724121
tcn_transformer_ae,124,1000,0.057327400892972946,0.03685210396846136,9,9,5,0.03792421147227287,0.03792421147227287,-62.71437679078332,0,0.0003,/home/danderety/Documents/GitHub/TCN_Transformer_anomaly_analizer/outputs/lo2/models/tcn_transformer_ae_seed44_best.pt,real_val_plus_val_synthetic,,,,,,,,,,,False,,,False,False,True,False,False,0.05,0.03685210396846136,0.03685210396846136,True,0.03685210396846136,-62.71437679078332,0,0.6168503761291504
tcn_transformer_ae,125,1000,0.05591285601258278,0.0358759897450606,9,9,5,0.03685210396846136,0.03685210396846136,-62.71437679078332,0,0.0003,/home/danderety/Documents/GitHub/TCN_Transformer_anomaly_analizer/outputs/lo2/models/tcn_transformer_ae_seed44_best.pt,real_val_plus_val_synthetic,0.6981132075471698,0.42528735632183906,0.5285714285714286,16.0,50.0,3.106030547618859,3.106030547618859,-0.7344772219657899,False,quantile,True,3.2881258606910646,-54.75187571049639,True,True,True,True,True,0.05,0.0358759897450606,0.0358759897450606,True,0.0358759897450606,-54.75187571049639,0,2.0684995651245117
tcn_transformer_ae,126,1000,0.054625410586595535,0.03490194926659266,9,9,5,0.0358759897450606,0.0358759897450606,-54.75187571049639,0,0.0003,/home/danderety/Documents/GitHub/TCN_Transformer_anomaly_analizer/outputs/lo2/models/tcn_transformer_ae_seed44_best.pt,real_val_plus_val_synthetic,,,,,,,,,,,False,,,False,False,True,False,False,0.05,0.03490194926659266,0.03490194926659266,True,0.03490194926659266,-54.75187571049639,0,0.6520843505859375
tcn_transformer_ae,127,1000,0.053511777271827064,0.034000199288129807,9,9,5,0.03490194926659266,0.03490194926659266,-54.75187571049639,0,0.0003,/home/danderety/Documents/GitHub/TCN_Transformer_anomaly_analizer/outputs/lo2/models/tcn_transformer_ae_seed44_best.pt,real_val_plus_val_synthetic,,,,,,,,,,,False,,,False,False,True,False,False,0.05,0.034000199288129807,0.034000199288129807,True,0.034000199288129807,-54.75187571049639,0,1.2637815475463867
tcn_transformer_ae,128,1000,0.05188011502226194,0.03313362846771876,9,9,5,0.034000199288129807,0.034000199288129807,-54.75187571049639,0,0.0003,/home/danderety/Documents/GitHub/TCN_Transformer_anomaly_analizer/outputs/lo2/models/tcn_transformer_ae_seed44_best.pt,real_val_plus_val_synthetic,,,,,,,,,,,False,,,False,False,True,False,False,0.05,0.03313362846771876,0.03313362846771876,True,0.03313362846771876,-54.75187571049639,0,1.1309823989868164
tcn_transformer_ae,129,1000,0.050980716943740845,0.03224925883114338,9,9,5,0.03313362846771876,0.03313362846771876,-54.75187571049639,0,0.0003,/home/danderety/Documents/GitHub/TCN_Transformer_anomaly_analizer/outputs/lo2/models/tcn_transformer_ae_seed44_best.pt,real_val_plus_val_synthetic,,,,,,,,,,,False,,,False,False,True,False,False,0.05,0.03224925883114338,0.03224925883114338,True,0.03224925883114338,-54.75187571049639,0,1.5098342895507812
tcn_transformer_ae,130,1000,0.04967503994703293,0.03143321288128694,9,9,5,0.03224925883114338,0.03224925883114338,-54.75187571049639,0,0.0003,/home/danderety/Documents/GitHub/TCN_Transformer_anomaly_analizer/outputs/lo2/models/tcn_transformer_ae_seed44_best.pt,real_val_plus_val_synthetic,0.6981132075471698,0.42528735632183906,0.5285714285714286,16.0,50.0,3.1125239849090502,3.1125239849090502,-0.7359849810600282,False,quantile,True,3.106030547618859,-54.75187571049639,False,True,True,False,False,0.05,0.03143321288128694,0.03143321288128694,True,0.03143321288128694,-54.75187571049639,0,2.1429080963134766
tcn_transformer_ae,131,1000,0.048020169138908386,0.03066890376309554,9,9,5,0.03143321288128694,0.03143321288128694,-54.75187571049639,0,0.0003,/home/danderety/Documents/GitHub/TCN_Transformer_anomaly_analizer/outputs/lo2/models/tcn_transformer_ae_seed44_best.pt,real_val_plus_val_synthetic,,,,,,,,,,,False,,,False,False,True,False,False,0.05,0.03066890376309554,0.03066890376309554,True,0.03066890376309554,-54.75187571049639,0,2.271700620651245
tcn_transformer_ae,132,1000,0.047441533456246056,0.029915768653154373,9,9,5,0.03066890376309554,0.03066890376309554,-54.75187571049639,0,0.0003,/home/danderety/Documents/GitHub/TCN_Transformer_anomaly_analizer/outputs/lo2/models/tcn_transformer_ae_seed44_best.pt,real_val_plus_val_synthetic,,,,,,,,,,,False,,,False,False,True,False,False,0.05,0.029915768653154373,0.029915768653154373,True,0.029915768653154373,-54.75187571049639,0,0.7050392627716064
tcn_transformer_ae,133,1000,0.046429283916950226,0.029213691751162212,9,9,5,0.029915768653154373,0.029915768653154373,-54.75187571049639,0,0.0003,/home/danderety/Documents/GitHub/TCN_Transformer_anomaly_analizer/outputs/lo2/models/tcn_transformer_ae_seed44_best.pt,real_val_plus_val_synthetic,,,,,,,,,,,False,,,False,False,True,False,False,0.05,0.029213691751162212,0.029213691751162212,True,0.029213691751162212,-54.75187571049639,0,1.791839361190796
tcn_transformer_ae,134,1000,0.045279464373985924,0.02854289549092452,9,9,5,0.029213691751162212,0.029213691751162212,-54.75187571049639,0,0.0003,/home/danderety/Documents/GitHub/TCN_Transformer_anomaly_analizer/outputs/lo2/models/tcn_transformer_ae_seed44_best.pt,real_val_plus_val_synthetic,,,,,,,,,,,False,,,False,False,True,False,False,0.05,0.02854289549092452,0.02854289549092452,True,0.02854289549092452,-54.75187571049639,0,1.971287727355957
tcn_transformer_ae,135,1000,0.044491756707429886,0.027858426173528034,9,9,5,0.02854289549092452,0.02854289549092452,-54.75187571049639,0,0.0003,/home/danderety/Documents/GitHub/TCN_Transformer_anomaly_analizer/outputs/lo2/models/tcn_transformer_ae_seed44_best.pt,real_val_plus_val_synthetic,0.6981132075471698,0.42528735632183906,0.5285714285714286,16.0,50.0,3.1026869058608937,3.1026869058608937,-0.7438714504241944,False,quantile,True,3.1125239849090502,-54.75187571049639,False,True,True,False,False,0.05,0.027858426173528034,0.027858426173528034,True,0.027858426173528034,-54.75187571049639,0,2.102717638015747
tcn_transformer_ae,136,1000,0.04362575337290764,0.027227137237787247,9,9,5,0.027858426173528034,0.027858426173528034,-54.75187571049639,0,0.0003,/home/danderety/Documents/GitHub/TCN_Transformer_anomaly_analizer/outputs/lo2/models/tcn_transformer_ae_seed44_best.pt,real_val_plus_val_synthetic,,,,,,,,,,,False,,,False,False,True,False,False,0.05,0.027227137237787247,0.027227137237787247,True,0.027227137237787247,-54.75187571049639,0,2.2755606174468994
tcn_transformer_ae,137,1000,0.04296260823806127,0.0266136322170496,9,9,5,0.027227137237787247,0.027227137237787247,-54.75187571049639,0,0.0003,/home/danderety/Documents/GitHub/TCN_Transformer_anomaly_analizer/outputs/lo2/models/tcn_transformer_ae_seed44_best.pt,real_val_plus_val_synthetic,,,,,,,,,,,False,,,False,False,True,False,False,0.05,0.0266136322170496,0.0266136322170496,True,0.0266136322170496,-54.75187571049639,0,0.8847765922546387
tcn_transformer_ae,138,1000,0.04177999868988991,0.026026514048377674,9,9,5,0.0266136322170496,0.0266136322170496,-54.75187571049639,0,0.0003,/home/danderety/Documents/GitHub/TCN_Transformer_anomaly_analizer/outputs/lo2/models/tcn_transformer_ae_seed44_best.pt,real_val_plus_val_synthetic,,,,,,,,,,,False,,,False,False,True,False,False,0.05,0.026026514048377674,0.026026514048377674,True,0.026026514048377674,-54.75187571049639,0,2.2334516048431396
tcn_transformer_ae,139,1000,0.04085463285446167,0.025444534917672474,9,9,5,0.026026514048377674,0.026026514048377674,-54.75187571049639,0,0.0003,/home/danderety/Documents/GitHub/TCN_Transformer_anomaly_analizer/outputs/lo2/models/tcn_transformer_ae_seed44_best.pt,real_val_plus_val_synthetic,,,,,,,,,,,False,,,False,False,True,False,False,0.05,0.025444534917672474,0.025444534917672474,True,0.025444534917672474,-54.75187571049639,0,0.6170172691345215
tcn_transformer_ae,140,1000,0.040222092221180596,0.024908884118000667,9,9,5,0.025444534917672474,0.025444534917672474,-54.75187571049639,0,0.0003,/home/danderety/Documents/GitHub/TCN_Transformer_anomaly_analizer/outputs/lo2/models/tcn_transformer_ae_seed44_best.pt,real_val_plus_val_synthetic,0.6981132075471698,0.42528735632183906,0.5285714285714286,16.0,50.0,3.25689417123794,3.25689417123794,-0.7381902337074281,False,quantile,True,3.1026869058608937,-54.75187571049639,False,True,True,False,False,0.05,0.024908884118000667,0.024908884118000667,True,0.024908884118000667,-54.75187571049639,0,2.0641860961914062
tcn_transformer_ae,141,1000,0.03940680498878161,0.024361738935112953,9,9,5,0.024908884118000667,0.024908884118000667,-54.75187571049639,0,0.0003,/home/danderety/Documents/GitHub/TCN_Transformer_anomaly_analizer/outputs/lo2/models/tcn_transformer_ae_seed44_best.pt,real_val_plus_val_synthetic,,,,,,,,,,,False,,,False,False,True,False,False,0.05,0.024361738935112953,0.024361738935112953,True,0.024361738935112953,-54.75187571049639,0,0.598745584487915
tcn_transformer_ae,142,1000,0.03849301983912786,0.023848403866092365,9,9,5,0.024361738935112953,0.024361738935112953,-54.75187571049639,0,0.0003,/home/danderety/Documents/GitHub/TCN_Transformer_anomaly_analizer/outputs/lo2/models/tcn_transformer_ae_seed44_best.pt,real_val_plus_val_synthetic,,,,,,,,,,,False,,,False,False,True,False,False,0.05,0.023848403866092365,0.023848403866092365,True,0.023848403866092365,-54.75187571049639,0,0.6100592613220215
tcn_transformer_ae,143,1000,0.0378500372171402,0.023361487314105034,9,9,5,0.023848403866092365,0.023848403866092365,-54.75187571049639,0,0.0003,/home/danderety/Documents/GitHub/TCN_Transformer_anomaly_analizer/outputs/lo2/models/tcn_transformer_ae_seed44_best.pt,real_val_plus_val_synthetic,,,,,,,,,,,False,,,False,False,True,False,False,0.05,0.023361487314105034,0.023361487314105034,True,0.023361487314105034,-54.75187571049639,0,1.63037109375
tcn_transformer_ae,144,1000,0.03736580659945806,0.022882170975208282,9,9,5,0.023361487314105034,0.023361487314105034,-54.75187571049639,0,0.0003,/home/danderety/Documents/GitHub/TCN_Transformer_anomaly_analizer/outputs/lo2/models/tcn_transformer_ae_seed44_best.pt,real_val_plus_val_synthetic,,,,,,,,,,,False,,,False,False,True,False,False,0.05,0.022882170975208282,0.022882170975208282,True,0.022882170975208282,-54.75187571049639,0,1.4428093433380127
tcn_transformer_ae,145,1000,0.0362725555896759,0.02241519031425317,9,9,5,0.022882170975208282,0.022882170975208282,-54.75187571049639,0,0.0003,/home/danderety/Documents/GitHub/TCN_Transformer_anomaly_analizer/outputs/lo2/models/tcn_transformer_ae_seed44_best.pt,real_val_plus_val_synthetic,0.6981132075471698,0.42528735632183906,0.5285714285714286,16.0,50.0,3.2477504014968837,3.2477504014968837,-0.7536203265190126,False,quantile,True,3.25689417123794,-54.75187571049639,False,True,True,False,False,0.05,0.02241519031425317,0.02241519031425317,True,0.02241519031425317,-54.75187571049639,0,3.0437166690826416
tcn_transformer_ae,146,1000,0.035701713214317955,0.02198423941930135,9,9,5,0.02241519031425317,0.02241519031425317,-54.75187571049639,0,0.0003,/home/danderety/Documents/GitHub/TCN_Transformer_anomaly_analizer/outputs/lo2/models/tcn_transformer_ae_seed44_best.pt,real_val_plus_val_synthetic,,,,,,,,,,,False,,,False,False,True,False,False,0.05,0.02198423941930135,0.02198423941930135,True,0.02198423941930135,-54.75187571049639,0,0.6919074058532715
tcn_transformer_ae,147,1000,0.03495251635710398,0.02155384172995885,9,9,5,0.02198423941930135,0.02198423941930135,-54.75187571049639,0,0.0003,/home/danderety/Documents/GitHub/TCN_Transformer_anomaly_analizer/outputs/lo2/models/tcn_transformer_ae_seed44_best.pt,real_val_plus_val_synthetic,,,,,,,,,,,False,,,False,False,True,False,False,0.05,0.02155384172995885,0.02155384172995885,True,0.02155384172995885,-54.75187571049639,0,2.7160873413085938
tcn_transformer_ae,148,1000,0.03437155360976855,0.02112836514910062,9,9,5,0.02155384172995885,0.02155384172995885,-54.75187571049639,0,0.0003,/home/danderety/Documents/GitHub/TCN_Transformer_anomaly_analizer/outputs/lo2/models/tcn_transformer_ae_seed44_best.pt,real_val_plus_val_synthetic,,,,,,,,,,,False,,,False,False,True,False,False,0.05,0.02112836514910062,0.02112836514910062,True,0.02112836514910062,-54.75187571049639,0,0.6207342147827148
tcn_transformer_ae,149,1000,0.03383844345808029,0.02072948155303796,9,9,5,0.02112836514910062,0.02112836514910062,-54.75187571049639,0,0.0003,/home/danderety/Documents/GitHub/TCN_Transformer_anomaly_analizer/outputs/lo2/models/tcn_transformer_ae_seed44_best.pt,real_val_plus_val_synthetic,,,,,,,,,,,False,,,False,False,True,False,False,0.05,0.02072948155303796,0.02072948155303796,True,0.02072948155303796,-54.75187571049639,0,0.6232607364654541
tcn_transformer_ae,150,1000,0.0330079086124897,0.020354270935058594,9,9,5,0.02072948155303796,0.02072948155303796,-54.75187571049639,0,0.0003,/home/danderety/Documents/GitHub/TCN_Transformer_anomaly_analizer/outputs/lo2/models/tcn_transformer_ae_seed44_best.pt,real_val_plus_val_synthetic,0.6981132075471698,0.42528735632183906,0.5285714285714286,16.0,50.0,3.2749515295028684,3.2749515295028684,-0.7583047747612001,False,quantile,True,3.2477504014968837,-54.75187571049639,False,True,True,False,False,0.05,0.020354270935058594,0.020354270935058594,True,0.020354270935058594,-54.75187571049639,0,2.145922899246216
tcn_transformer_ae,151,1000,0.032779997835556664,0.019975117097298305,9,9,5,0.020354270935058594,0.020354270935058594,-54.75187571049639,0,0.0003,/home/danderety/Documents/GitHub/TCN_Transformer_anomaly_analizer/outputs/lo2/models/tcn_transformer_ae_seed44_best.pt,real_val_plus_val_synthetic,,,,,,,,,,,False,,,False,False,True,False,False,0.05,0.019975117097298305,0.019975117097298305,True,0.019975117097298305,-54.75187571049639,0,2.3894472122192383
tcn_transformer_ae,152,1000,0.032097513477007546,0.019603799407680828,9,9,5,0.019975117097298305,0.019975117097298305,-54.75187571049639,0,0.0003,/home/danderety/Documents/GitHub/TCN_Transformer_anomaly_analizer/outputs/lo2/models/tcn_transformer_ae_seed44_best.pt,real_val_plus_val_synthetic,,,,,,,,,,,False,,,False,False,True,False,False,0.05,0.019603799407680828,0.019603799407680828,True,0.019603799407680828,-54.75187571049639,0,0.6395604610443115
tcn_transformer_ae,153,1000,0.03154962137341499,0.01925801547865073,9,9,5,0.019603799407680828,0.019603799407680828,-54.75187571049639,0,0.0003,/home/danderety/Documents/GitHub/TCN_Transformer_anomaly_analizer/outputs/lo2/models/tcn_transformer_ae_seed44_best.pt,real_val_plus_val_synthetic,,,,,,,,,,,False,,,False,False,True,False,False,0.05,0.01925801547865073,0.01925801547865073,True,0.01925801547865073,-54.75187571049639,0,1.581556797027588
tcn_transformer_ae,154,1000,0.03094049481054147,0.01891397126019001,9,9,5,0.01925801547865073,0.01925801547865073,-54.75187571049639,0,0.0003,/home/danderety/Documents/GitHub/TCN_Transformer_anomaly_analizer/outputs/lo2/models/tcn_transformer_ae_seed44_best.pt,real_val_plus_val_synthetic,,,,,,,,,,,False,,,False,False,True,False,False,0.05,0.01891397126019001,0.01891397126019001,True,0.01891397126019001,-54.75187571049639,0,1.1928455829620361
tcn_transformer_ae,155,1000,0.030497252320249874,0.018580051759878796,9,9,5,0.01891397126019001,0.01891397126019001,-54.75187571049639,0,0.0003,/home/danderety/Documents/GitHub/TCN_Transformer_anomaly_analizer/outputs/lo2/models/tcn_transformer_ae_seed44_best.pt,real_val_plus_val_synthetic,0.6981132075471698,0.42528735632183906,0.5285714285714286,16.0,50.0,3.1907431364059438,3.1907431364059438,-0.7590366005897523,False,quantile,True,3.2749515295028684,-54.75187571049639,False,True,True,False,False,0.05,0.018580051759878796,0.018580051759878796,True,0.018580051759878796,-54.75187571049639,0,2.084179162979126
tcn_transformer_ae,156,1000,0.029878501469890278,0.01825695609052976,9,9,5,0.018580051759878796,0.018580051759878796,-54.75187571049639,0,0.0003,/home/danderety/Documents/GitHub/TCN_Transformer_anomaly_analizer/outputs/lo2/models/tcn_transformer_ae_seed44_best.pt,real_val_plus_val_synthetic,,,,,,,,,,,False,,,False,False,True,False,False,0.05,0.01825695609052976,0.01825695609052976,True,0.01825695609052976,-54.75187571049639,0,0.6335170269012451
tcn_transformer_ae,157,1000,0.029567840819557507,0.01795353057483832,9,9,5,0.01825695609052976,0.01825695609052976,-54.75187571049639,0,0.0003,/home/danderety/Documents/GitHub/TCN_Transformer_anomaly_analizer/outputs/lo2/models/tcn_transformer_ae_seed44_best.pt,real_val_plus_val_synthetic,,,,,,,,,,,False,,,False,False,True,False,False,0.05,0.01795353057483832,0.01795353057483832,True,0.01795353057483832,-54.75187571049639,0,0.6837494373321533
tcn_transformer_ae,158,1000,0.0291034784168005,0.017647008101145428,9,9,5,0.01795353057483832,0.01795353057483832,-54.75187571049639,0,0.0003,/home/danderety/Documents/GitHub/TCN_Transformer_anomaly_analizer/outputs/lo2/models/tcn_transformer_ae_seed44_best.pt,real_val_plus_val_synthetic,,,,,,,,,,,False,,,False,False,True,False,False,0.05,0.017647008101145428,0.017647008101145428,True,0.017647008101145428,-54.75187571049639,0,1.7728846073150635
tcn_transformer_ae,159,1000,0.02862227273484071,0.01735251893599828,9,9,5,0.017647008101145428,0.017647008101145428,-54.75187571049639,0,0.0003,/home/danderety/Documents/GitHub/TCN_Transformer_anomaly_analizer/outputs/lo2/models/tcn_transformer_ae_seed44_best.pt,real_val_plus_val_synthetic,,,,,,,,,,,False,,,False,False,True,False,False,0.05,0.01735251893599828,0.01735251893599828,True,0.01735251893599828,-54.75187571049639,0,0.6958978176116943
tcn_transformer_ae,160,1000,0.027992382645606995,0.017064571380615234,9,9,5,0.01735251893599828,0.01735251893599828,-54.75187571049639,0,0.0003,/home/danderety/Documents/GitHub/TCN_Transformer_anomaly_analizer/outputs/lo2/models/tcn_transformer_ae_seed44_best.pt,real_val_plus_val_synthetic,0.7037037037037037,0.4367816091954023,0.5390070921985816,16.0,49.0,3.0909569740295386,3.0909569740295386,-0.769451677799225,False,quantile,True,3.1907431364059438,-53.61500326526006,True,True,True,True,True,0.05,0.017064571380615234,0.017064571380615234,True,0.017064571380615234,-53.61500326526006,0,2.123922824859619
tcn_transformer_ae,161,1000,0.02768091174463431,0.0167912890513738,9,9,5,0.017064571380615234,0.017064571380615234,-53.61500326526006,0,0.0003,/home/danderety/Documents/GitHub/TCN_Transformer_anomaly_analizer/outputs/lo2/models/tcn_transformer_ae_seed44_best.pt,real_val_plus_val_synthetic,,,,,,,,,,,False,,,False,False,True,False,False,0.05,0.0167912890513738,0.0167912890513738,True,0.0167912890513738,-53.61500326526006,0,2.103696823120117
tcn_transformer_ae,162,1000,0.02728225290775299,0.016516803453365963,9,9,5,0.0167912890513738,0.0167912890513738,-53.61500326526006,0,0.0003,/home/danderety/Documents/GitHub/TCN_Transformer_anomaly_analizer/outputs/lo2/models/tcn_transformer_ae_seed44_best.pt,real_val_plus_val_synthetic,,,,,,,,,,,False,,,False,False,True,False,False,0.05,0.016516803453365963,0.016516803453365963,True,0.016516803453365963,-53.61500326526006,0,0.6171646118164062
tcn_transformer_ae,163,1000,0.026791334773103397,0.01625463304420312,9,9,5,0.016516803453365963,0.016516803453365963,-53.61500326526006,0,0.0003,/home/danderety/Documents/GitHub/TCN_Transformer_anomaly_analizer/outputs/lo2/models/tcn_transformer_ae_seed44_best.pt,real_val_plus_val_synthetic,,,,,,,,,,,False,,,False,False,True,False,False,0.05,0.01625463304420312,0.01625463304420312,True,0.01625463304420312,-53.61500326526006,0,0.6486079692840576
tcn_transformer_ae,164,1000,0.02644000140329202,0.016004740881423157,9,9,5,0.01625463304420312,0.01625463304420312,-53.61500326526006,0,0.0003,/home/danderety/Documents/GitHub/TCN_Transformer_anomaly_analizer/outputs/lo2/models/tcn_transformer_ae_seed44_best.pt,real_val_plus_val_synthetic,,,,,,,,,,,False,,,False,False,True,False,False,0.05,0.016004740881423157,0.016004740881423157,True,0.016004740881423157,-53.61500326526006,0,1.1242554187774658
tcn_transformer_ae,165,1000,0.025968745971719425,0.015761648615201313,9,9,5,0.016004740881423157,0.016004740881423157,-53.61500326526006,0,0.0003,/home/danderety/Documents/GitHub/TCN_Transformer_anomaly_analizer/outputs/lo2/models/tcn_transformer_ae_seed44_best.pt,real_val_plus_val_synthetic,0.7192982456140351,0.47126436781609193,0.5694444444444444,16.0,46.0,2.9683045744895917,2.9683045744895917,-0.7687148451805116,False,quantile,True,3.0909569740295386,-50.20525556818661,True,True,True,True,True,0.05,0.015761648615201313,0.015761648615201313,True,0.015761648615201313,-50.20525556818661,0,2.1732308864593506
tcn_transformer_ae,166,1000,0.025727296248078346,0.015516222765048346,9,9,5,0.015761648615201313,0.015761648615201313,-50.20525556818661,0,0.0003,/home/danderety/Documents/GitHub/TCN_Transformer_anomaly_analizer/outputs/lo2/models/tcn_transformer_ae_seed44_best.pt,real_val_plus_val_synthetic,,,,,,,,,,,False,,,False,False,True,False,False,0.05,0.015516222765048346,0.015516222765048346,True,0.015516222765048346,-50.20525556818661,0,2.443557024002075
tcn_transformer_ae,167,1000,0.025346600140134495,0.015277280782659849,9,9,5,0.015516222765048346,0.015516222765048346,-50.20525556818661,0,0.0003,/home/danderety/Documents/GitHub/TCN_Transformer_anomaly_analizer/outputs/lo2/models/tcn_transformer_ae_seed44_best.pt,real_val_plus_val_synthetic,,,,,,,,,,,False,,,False,False,True,False,False,0.05,0.015277280782659849,0.015277280782659849,True,0.015277280782659849,-50.20525556818661,0,0.6568019390106201
tcn_transformer_ae,168,1000,0.025026536857088406,0.015048589246968428,9,9,5,0.015277280782659849,0.015277280782659849,-50.20525556818661,0,0.0003,/home/danderety/Documents/GitHub/TCN_Transformer_anomaly_analizer/outputs/lo2/models/tcn_transformer_ae_seed44_best.pt,real_val_plus_val_synthetic,,,,,,,,,,,False,,,False,False,True,False,False,0.05,0.015048589246968428,0.015048589246968428,True,0.015048589246968428,-50.20525556818661,0,2.365818500518799
tcn_transformer_ae,169,1000,0.02464383530120055,0.01482539065182209,9,9,5,0.015048589246968428,0.015048589246968428,-50.20525556818661,0,0.0003,/home/danderety/Documents/GitHub/TCN_Transformer_anomaly_analizer/outputs/lo2/models/tcn_transformer_ae_seed44_best.pt,real_val_plus_val_synthetic,,,,,,,,,,,False,,,False,False,True,False,False,0.05,0.01482539065182209,0.01482539065182209,True,0.01482539065182209,-50.20525556818661,0,0.599970817565918
tcn_transformer_ae,170,1000,0.024280838668346405,0.014609060871104399,9,9,5,0.01482539065182209,0.01482539065182209,-50.20525556818661,0,0.0003,/home/danderety/Documents/GitHub/TCN_Transformer_anomaly_analizer/outputs/lo2/models/tcn_transformer_ae_seed44_best.pt,real_val_plus_val_synthetic,0.7241379310344828,0.4827586206896552,0.5793103448275863,16.0,45.0,2.8787035226821875,2.8787035226821875,-0.7839714288711549,False,quantile,True,2.9683045744895917,-49.06895288619427,True,True,True,True,True,0.05,0.014609060871104399,0.014609060871104399,True,0.014609060871104399,-49.06895288619427,0,2.1259396076202393
tcn_transformer_ae,171,1000,0.024078092227379482,0.01440070786823829,9,9,5,0.014609060871104399,0.014609060871104399,-49.06895288619427,0,0.0003,/home/danderety/Documents/GitHub/TCN_Transformer_anomaly_analizer/outputs/lo2/models/tcn_transformer_ae_seed44_best.pt,real_val_plus_val_synthetic,,,,,,,,,,,False,,,False,False,True,False,False,0.05,0.01440070786823829,0.01440070786823829,True,0.01440070786823829,-49.06895288619427,0,2.291449785232544
tcn_transformer_ae,172,1000,0.023533221955100696,0.014188208617269993,9,9,5,0.01440070786823829,0.01440070786823829,-49.06895288619427,0,0.0003,/home/danderety/Documents/GitHub/TCN_Transformer_anomaly_analizer/outputs/lo2/models/tcn_transformer_ae_seed44_best.pt,real_val_plus_val_synthetic,,,,,,,,,,,False,,,False,False,True,False,False,0.05,0.014188208617269993,0.014188208617269993,True,0.014188208617269993,-49.06895288619427,0,0.6104404926300049
tcn_transformer_ae,173,1000,0.023118092368046444,0.013987213683625063,9,9,5,0.014188208617269993,0.014188208617269993,-49.06895288619427,0,0.0003,/home/danderety/Documents/GitHub/TCN_Transformer_anomaly_analizer/outputs/lo2/models/tcn_transformer_ae_seed44_best.pt,real_val_plus_val_synthetic,,,,,,,,,,,False,,,False,False,True,False,False,0.05,0.013987213683625063,0.013987213683625063,True,0.013987213683625063,-49.06895288619427,0,0.6183297634124756
tcn_transformer_ae,174,1000,0.022942497084538143,0.013789360411465168,9,9,5,0.013987213683625063,0.013987213683625063,-49.06895288619427,0,0.0003,/home/danderety/Documents/GitHub/TCN_Transformer_anomaly_analizer/outputs/lo2/models/tcn_transformer_ae_seed44_best.pt,real_val_plus_val_synthetic,,,,,,,,,,,False,,,False,False,True,False,False,0.05,0.013789360411465168,0.013789360411465168,True,0.013789360411465168,-49.06895288619427,0,0.6332111358642578
tcn_transformer_ae,175,1000,0.022701605533560116,0.013598520619173845,9,9,5,0.013789360411465168,0.013789360411465168,-49.06895288619427,0,0.0003,/home/danderety/Documents/GitHub/TCN_Transformer_anomaly_analizer/outputs/lo2/models/tcn_transformer_ae_seed44_best.pt,real_val_plus_val_synthetic,0.7241379310344828,0.4827586206896552,0.5793103448275863,16.0,45.0,2.7743932723999,2.7743932723999,-0.7859825491905214,False,quantile,True,2.8787035226821875,-49.06895288619427,False,True,True,False,False,0.05,0.013598520619173845,0.013598520619173845,True,0.013598520619173845,-49.06895288619427,0,2.214557409286499
tcn_transformer_ae,176,1000,0.02232060271004836,0.013406146317720413,9,9,5,0.013598520619173845,0.013598520619173845,-49.06895288619427,0,0.0003,/home/danderety/Documents/GitHub/TCN_Transformer_anomaly_analizer/outputs/lo2/models/tcn_transformer_ae_seed44_best.pt,real_val_plus_val_synthetic,,,,,,,,,,,False,,,False,False,True,False,False,0.05,0.013406146317720413,0.013406146317720413,True,0.013406146317720413,-49.06895288619427,0,2.5219614505767822
tcn_transformer_ae,177,1000,0.022043687601884205,0.01322057998428742,9,9,5,0.013406146317720413,0.013406146317720413,-49.06895288619427,0,0.0003,/home/danderety/Documents/GitHub/TCN_Transformer_anomaly_analizer/outputs/lo2/models/tcn_transformer_ae_seed44_best.pt,real_val_plus_val_synthetic,,,,,,,,,,,False,,,False,False,True,False,False,0.05,0.01322057998428742,0.01322057998428742,True,0.01322057998428742,-49.06895288619427,0,1.0296509265899658
tcn_transformer_ae,178,1000,0.02178957127034664,0.013042114985485872,9,9,5,0.01322057998428742,0.01322057998428742,-49.06895288619427,0,0.0003,/home/danderety/Documents/GitHub/TCN_Transformer_anomaly_analizer/outputs/lo2/models/tcn_transformer_ae_seed44_best.pt,real_val_plus_val_synthetic,,,,,,,,,,,False,,,False,False,True,False,False,0.05,0.013042114985485872,0.013042114985485872,True,0.013042114985485872,-49.06895288619427,0,2.309497117996216
tcn_transformer_ae,179,1000,0.021451373274127643,0.012865143828094006,9,9,5,0.013042114985485872,0.013042114985485872,-49.06895288619427,0,0.0003,/home/danderety/Documents/GitHub/TCN_Transformer_anomaly_analizer/outputs/lo2/models/tcn_transformer_ae_seed44_best.pt,real_val_plus_val_synthetic,,,,,,,,,,,False,,,False,False,True,False,False,0.05,0.012865143828094006,0.012865143828094006,True,0.012865143828094006,-49.06895288619427,0,0.7388861179351807
tcn_transformer_ae,180,1000,0.02134088488916556,0.012692679030199846,9,9,5,0.012865143828094006,0.012865143828094006,-49.06895288619427,0,0.0003,/home/danderety/Documents/GitHub/TCN_Transformer_anomaly_analizer/outputs/lo2/models/tcn_transformer_ae_seed44_best.pt,real_val_plus_val_synthetic,0.7241379310344828,0.4827586206896552,0.5793103448275863,16.0,45.0,2.6757381916046112,2.6757381916046112,-0.7858827710151673,False,quantile,True,2.7743932723999,-49.06895288619427,False,True,True,False,False,0.05,0.012692679030199846,0.012692679030199846,True,0.012692679030199846,-49.06895288619427,0,2.060164451599121
tcn_transformer_ae,181,1000,0.02094898062447707,0.012524383763472239,9,9,5,0.012692679030199846,0.012692679030199846,-49.06895288619427,0,0.0003,/home/danderety/Documents/GitHub/TCN_Transformer_anomaly_analizer/outputs/lo2/models/tcn_transformer_ae_seed44_best.pt,real_val_plus_val_synthetic,,,,,,,,,,,False,,,False,False,True,False,False,0.05,0.012524383763472239,0.012524383763472239,True,0.012524383763472239,-49.06895288619427,0,0.6730096340179443
tcn_transformer_ae,182,1000,0.020702157790462177,0.012362837791442871,9,9,5,0.012524383763472239,0.012524383763472239,-49.06895288619427,0,0.0003,/home/danderety/Documents/GitHub/TCN_Transformer_anomaly_analizer/outputs/lo2/models/tcn_transformer_ae_seed44_best.pt,real_val_plus_val_synthetic,,,,,,,,,,,False,,,False,False,True,False,False,0.05,0.012362837791442871,0.012362837791442871,True,0.012362837791442871,-49.06895288619427,0,2.4035778045654297
tcn_transformer_ae,183,1000,0.020566591372092564,0.012202017630139986,9,9,5,0.012362837791442871,0.012362837791442871,-49.06895288619427,0,0.0003,/home/danderety/Documents/GitHub/TCN_Transformer_anomaly_analizer/outputs/lo2/models/tcn_transformer_ae_seed44_best.pt,real_val_plus_val_synthetic,,,,,,,,,,,False,,,False,False,True,False,False,0.05,0.012202017630139986,0.012202017630139986,True,0.012202017630139986,-49.06895288619427,0,0.6045382022857666
tcn_transformer_ae,184,1000,0.02015329773227374,0.012044440334041914,9,9,5,0.012202017630139986,0.012202017630139986,-49.06895288619427,0,0.0003,/home/danderety/Documents/GitHub/TCN_Transformer_anomaly_analizer/outputs/lo2/models/tcn_transformer_ae_seed44_best.pt,real_val_plus_val_synthetic,,,,,,,,,,,False,,,False,False,True,False,False,0.05,0.012044440334041914,0.012044440334041914,True,0.012044440334041914,-49.06895288619427,0,0.6228001117706299
tcn_transformer_ae,185,1000,0.019907202571630478,0.01189129613339901,9,9,5,0.012044440334041914,0.012044440334041914,-49.06895288619427,0,0.0003,/home/danderety/Documents/GitHub/TCN_Transformer_anomaly_analizer/outputs/lo2/models/tcn_transformer_ae_seed44_best.pt,real_val_plus_val_synthetic,0.7241379310344828,0.4827586206896552,0.5793103448275863,16.0,45.0,2.5972232937812776,2.5972232937812776,-0.7813693284988404,False,quantile,True,2.6757381916046112,-49.06895288619427,False,True,True,False,False,0.05,0.01189129613339901,0.01189129613339901,True,0.01189129613339901,-49.06895288619427,0,2.1054954528808594
tcn_transformer_ae,186,1000,0.019725512713193893,0.01173932384699583,9,9,5,0.01189129613339901,0.01189129613339901,-49.06895288619427,0,0.0003,/home/danderety/Documents/GitHub/TCN_Transformer_anomaly_analizer/outputs/lo2/models/tcn_transformer_ae_seed44_best.pt,real_val_plus_val_synthetic,,,,,,,,,,,False,,,False,False,True,False,False,0.05,0.01173932384699583,0.01173932384699583,True,0.01173932384699583,-49.06895288619427,0,2.562485456466675
tcn_transformer_ae,187,1000,0.019511504098773003,0.011591052015622457,9,9,5,0.01173932384699583,0.01173932384699583,-49.06895288619427,0,0.0003,/home/danderety/Documents/GitHub/TCN_Transformer_anomaly_analizer/outputs/lo2/models/tcn_transformer_ae_seed44_best.pt,real_val_plus_val_synthetic,,,,,,,,,,,False,,,False,False,True,False,False,0.05,0.011591052015622457,0.011591052015622457,True,0.011591052015622457,-49.06895288619427,0,0.7172272205352783
tcn_transformer_ae,188,1000,0.01924530789256096,0.011447468462089697,9,9,5,0.011591052015622457,0.011591052015622457,-49.06895288619427,0,0.0003,/home/danderety/Documents/GitHub/TCN_Transformer_anomaly_analizer/outputs/lo2/models/tcn_transformer_ae_seed44_best.pt,real_val_plus_val_synthetic,,,,,,,,,,,False,,,False,False,True,False,False,0.05,0.011447468462089697,0.011447468462089697,True,0.011447468462089697,-49.06895288619427,0,2.646188974380493
tcn_transformer_ae,189,1000,0.018980498736103375,0.011307782803972563,9,9,5,0.011447468462089697,0.011447468462089697,-49.06895288619427,0,0.0003,/home/danderety/Documents/GitHub/TCN_Transformer_anomaly_analizer/outputs/lo2/models/tcn_transformer_ae_seed44_best.pt,real_val_plus_val_synthetic,,,,,,,,,,,False,,,False,False,True,False,False,0.05,0.011307782803972563,0.011307782803972563,True,0.011307782803972563,-49.06895288619427,0,0.6521739959716797
tcn_transformer_ae,190,1000,0.01879690649608771,0.011170589675505957,9,9,5,0.011307782803972563,0.011307782803972563,-49.06895288619427,0,0.0003,/home/danderety/Documents/GitHub/TCN_Transformer_anomaly_analizer/outputs/lo2/models/tcn_transformer_ae_seed44_best.pt,real_val_plus_val_synthetic,0.7241379310344828,0.4827586206896552,0.5793103448275863,16.0,45.0,2.572911727428434,2.572911727428434,-0.7912389039993287,False,quantile,True,2.5972232937812776,-49.06895288619427,False,True,True,False,False,0.05,0.011170589675505957,0.011170589675505957,True,0.011170589675505957,-49.06895288619427,0,2.1052632331848145
tcn_transformer_ae,191,1000,0.01848800542453925,0.01103477862974008,9,9,5,0.011170589675505957,0.011170589675505957,-49.06895288619427,0,0.0003,/home/danderety/Documents/GitHub/TCN_Transformer_anomaly_analizer/outputs/lo2/models/tcn_transformer_ae_seed44_best.pt,real_val_plus_val_synthetic,,,,,,,,,,,False,,,False,False,True,False,False,0.05,0.01103477862974008,0.01103477862974008,True,0.01103477862974008,-49.06895288619427,0,2.542080879211426
tcn_transformer_ae,192,1000,0.01836065451304118,0.010900594604512056,9,9,5,0.01103477862974008,0.01103477862974008,-49.06895288619427,0,0.0003,/home/danderety/Documents/GitHub/TCN_Transformer_anomaly_analizer/outputs/lo2/models/tcn_transformer_ae_seed44_best.pt,real_val_plus_val_synthetic,,,,,,,,,,,False,,,False,False,True,False,False,0.05,0.010900594604512056,0.010900594604512056,True,0.010900594604512056,-49.06895288619427,0,0.6725063323974609
tcn_transformer_ae,193,1000,0.018285417308410008,0.010770405953129133,9,9,5,0.010900594604512056,0.010900594604512056,-49.06895288619427,0,0.0003,/home/danderety/Documents/GitHub/TCN_Transformer_anomaly_analizer/outputs/lo2/models/tcn_transformer_ae_seed44_best.pt,real_val_plus_val_synthetic,,,,,,,,,,,False,,,False,False,True,False,False,0.05,0.010770405953129133,0.010770405953129133,True,0.010770405953129133,-49.06895288619427,0,2.445525646209717
tcn_transformer_ae,194,1000,0.017914431790510815,0.010644684235254923,9,9,5,0.010770405953129133,0.010770405953129133,-49.06895288619427,0,0.0003,/home/danderety/Documents/GitHub/TCN_Transformer_anomaly_analizer/outputs/lo2/models/tcn_transformer_ae_seed44_best.pt,real_val_plus_val_synthetic,,,,,,,,,,,False,,,False,False,True,False,False,0.05,0.010644684235254923,0.010644684235254923,True,0.010644684235254923,-49.06895288619427,0,0.6223094463348389
tcn_transformer_ae,195,1000,0.01778656306366126,0.010519267059862614,9,9,5,0.010644684235254923,0.010644684235254923,-49.06895288619427,0,0.0003,/home/danderety/Documents/GitHub/TCN_Transformer_anomaly_analizer/outputs/lo2/models/tcn_transformer_ae_seed44_best.pt,real_val_plus_val_synthetic,0.7241379310344828,0.4827586206896552,0.5793103448275863,16.0,45.0,2.573683083057403,2.573683083057403,-0.7902342677116395,False,quantile,True,2.572911727428434,-49.06895288619427,False,True,True,False,False,0.05,0.010519267059862614,0.010519267059862614,True,0.010519267059862614,-49.06895288619427,0,2.126081943511963
tcn_transformer_ae,196,1000,0.017571018387873966,0.0103953309978048,9,9,5,0.010519267059862614,0.010519267059862614,-49.06895288619427,0,0.0003,/home/danderety/Documents/GitHub/TCN_Transformer_anomaly_analizer/outputs/lo2/models/tcn_transformer_ae_seed44_best.pt,real_val_plus_val_synthetic,,,,,,,,,,,False,,,False,False,True,False,False,0.05,0.0103953309978048,0.0103953309978048,True,0.0103953309978048,-49.06895288619427,0,1.975616693496704
tcn_transformer_ae,197,1000,0.017443818971514702,0.0102731812124451,9,9,5,0.0103953309978048,0.0103953309978048,-49.06895288619427,0,0.0003,/home/danderety/Documents/GitHub/TCN_Transformer_anomaly_analizer/outputs/lo2/models/tcn_transformer_ae_seed44_best.pt,real_val_plus_val_synthetic,,,,,,,,,,,False,,,False,False,True,False,False,0.05,0.0102731812124451,0.0102731812124451,True,0.0102731812124451,-49.06895288619427,0,1.2686767578125
tcn_transformer_ae,198,1000,0.017191780731081963,0.010153993653754393,9,9,5,0.0102731812124451,0.0102731812124451,-49.06895288619427,0,0.0003,/home/danderety/Documents/GitHub/TCN_Transformer_anomaly_analizer/outputs/lo2/models/tcn_transformer_ae_seed44_best.pt,real_val_plus_val_synthetic,,,,,,,,,,,False,,,False,False,True,False,False,0.05,0.010153993653754393,0.010153993653754393,True,0.010153993653754393,-49.06895288619427,0,0.6384520530700684
tcn_transformer_ae,199,1000,0.016990027700861294,0.010038416522244612,9,9,5,0.010153993653754393,0.010153993653754393,-49.06895288619427,0,0.0003,/home/danderety/Documents/GitHub/TCN_Transformer_anomaly_analizer/outputs/lo2/models/tcn_transformer_ae_seed44_best.pt,real_val_plus_val_synthetic,,,,,,,,,,,False,,,False,False,True,False,False,0.05,0.010038416522244612,0.010038416522244612,True,0.010038416522244612,-49.06895288619427,0,0.9897475242614746
tcn_transformer_ae,200,1000,0.016877378647526104,0.009924105058113733,9,9,5,0.010038416522244612,0.010038416522244612,-49.06895288619427,0,0.0003,/home/danderety/Documents/GitHub/TCN_Transformer_anomaly_analizer/outputs/lo2/models/tcn_transformer_ae_seed44_best.pt,real_val_plus_val_synthetic,0.7241379310344828,0.4827586206896552,0.5793103448275863,16.0,45.0,2.5390407681465144,2.5390407681465144,-0.7991526722908021,False,quantile,True,2.573683083057403,-49.06895288619427,False,True,True,False,False,0.05,0.009924105058113733,0.009924105058113733,True,0.009924105058113733,-49.06895288619427,0,2.09234356880188
tcn_transformer_ae,201,1000,0.016686105479796726,0.009813882410526276,9,9,5,0.009924105058113733,0.009924105058113733,-49.06895288619427,0,0.0003,/home/danderety/Documents/GitHub/TCN_Transformer_anomaly_analizer/outputs/lo2/models/tcn_transformer_ae_seed44_best.pt,real_val_plus_val_synthetic,,,,,,,,,,,False,,,False,False,True,False,False,0.05,0.009813882410526276,0.009813882410526276,True,0.009813882410526276,-49.06895288619427,0,0.61318039894104
tcn_transformer_ae,202,1000,0.016445918008685112,0.009708042566974958,9,9,5,0.009813882410526276,0.009813882410526276,-49.06895288619427,0,0.0003,/home/danderety/Documents/GitHub/TCN_Transformer_anomaly_analizer/outputs/lo2/models/tcn_transformer_ae_seed44_best.pt,real_val_plus_val_synthetic,,,,,,,,,,,False,,,False,False,True,False,False,0.05,0.009708042566974958,0.009708042566974958,True,0.009708042566974958,-49.06895288619427,0,0.6119568347930908
tcn_transformer_ae,203,1000,0.016355271140734356,0.00960150050620238,9,9,5,0.009708042566974958,0.009708042566974958,-49.06895288619427,0,0.0003,/home/danderety/Documents/GitHub/TCN_Transformer_anomaly_analizer/outputs/lo2/models/tcn_transformer_ae_seed44_best.pt,real_val_plus_val_synthetic,,,,,,,,,,,False,,,False,False,True,False,False,0.05,0.00960150050620238,0.00960150050620238,True,0.00960150050620238,-49.06895288619427,0,0.6285784244537354
tcn_transformer_ae,204,1000,0.016053394104043644,0.009491330323119959,9,9,5,0.00960150050620238,0.00960150050620238,-49.06895288619427,0,0.0003,/home/danderety/Documents/GitHub/TCN_Transformer_anomaly_analizer/outputs/lo2/models/tcn_transformer_ae_seed44_best.pt,real_val_plus_val_synthetic,,,,,,,,,,,False,,,False,False,True,False,False,0.05,0.009491330323119959,0.009491330323119959,True,0.009491330323119959,-49.06895288619427,0,0.625499963760376
tcn_transformer_ae,205,1000,0.01598544418811798,0.00938776321709156,9,9,5,0.009491330323119959,0.009491330323119959,-49.06895288619427,0,0.0003,/home/danderety/Documents/GitHub/TCN_Transformer_anomaly_analizer/outputs/lo2/models/tcn_transformer_ae_seed44_best.pt,real_val_plus_val_synthetic,0.7241379310344828,0.4827586206896552,0.5793103448275863,16.0,45.0,2.5257455468177787,2.5257455468177787,-0.8024923205375672,False,quantile,True,2.5390407681465144,-49.06895288619427,False,True,True,False,False,0.05,0.00938776321709156,0.00938776321709156,True,0.00938776321709156,-49.06895288619427,0,2.0652222633361816
tcn_transformer_ae,206,1000,0.015798779825369518,0.009288810814420382,9,9,5,0.00938776321709156,0.00938776321709156,-49.06895288619427,0,0.0003,/home/danderety/Documents/GitHub/TCN_Transformer_anomaly_analizer/outputs/lo2/models/tcn_transformer_ae_seed44_best.pt,real_val_plus_val_synthetic,,,,,,,,,,,False,,,False,False,True,False,False,0.05,0.009288810814420382,0.009288810814420382,True,0.009288810814420382,-49.06895288619427,0,2.3326737880706787
tcn_transformer_ae,207,1000,0.015533786887923876,0.009190159539381662,9,9,5,0.009288810814420382,0.009288810814420382,-49.06895288619427,0,0.0003,/home/danderety/Documents/GitHub/TCN_Transformer_anomaly_analizer/outputs/lo2/models/tcn_transformer_ae_seed44_best.pt,real_val_plus_val_synthetic,,,,,,,,,,,False,,,False,False,True,False,False,0.05,0.009190159539381662,0.009190159539381662,True,0.009190159539381662,-49.06895288619427,0,0.61110520362854
tcn_transformer_ae,208,1000,0.01546387622753779,0.009091025839249292,9,9,5,0.009190159539381662,0.009190159539381662,-49.06895288619427,0,0.0003,/home/danderety/Documents/GitHub/TCN_Transformer_anomaly_analizer/outputs/lo2/models/tcn_transformer_ae_seed44_best.pt,real_val_plus_val_synthetic,,,,,,,,,,,False,,,False,False,True,False,False,0.05,0.009091025839249292,0.009091025839249292,True,0.009091025839249292,-49.06895288619427,0,0.662398099899292
tcn_transformer_ae,209,1000,0.015248811493317286,0.008992518608768782,9,9,5,0.009091025839249292,0.009091025839249292,-49.06895288619427,0,0.0003,/home/danderety/Documents/GitHub/TCN_Transformer_anomaly_analizer/outputs/lo2/models/tcn_transformer_ae_seed44_best.pt,real_val_plus_val_synthetic,,,,,,,,,,,False,,,False,False,True,False,False,0.05,0.008992518608768782,0.008992518608768782,True,0.008992518608768782,-49.06895288619427,0,0.6237716674804688
tcn_transformer_ae,210,1000,0.015100035505990187,0.008897174770633379,9,9,5,0.008992518608768782,0.008992518608768782,-49.06895288619427,0,0.0003,/home/danderety/Documents/GitHub/TCN_Transformer_anomaly_analizer/outputs/lo2/models/tcn_transformer_ae_seed44_best.pt,real_val_plus_val_synthetic,0.7241379310344828,0.4827586206896552,0.5793103448275863,16.0,45.0,2.543852269649505,2.543852269649505,-0.8024427294731141,False,quantile,True,2.5257455468177787,-49.06895288619427,False,True,True,False,False,0.05,0.008897174770633379,0.008897174770633379,True,0.008897174770633379,-49.06895288619427,0,2.102912664413452
tcn_transformer_ae,211,1000,0.015005480808516344,0.008803767152130604,9,9,5,0.008897174770633379,0.008897174770633379,-49.06895288619427,0,0.0003,/home/danderety/Documents/GitHub/TCN_Transformer_anomaly_analizer/outputs/lo2/models/tcn_transformer_ae_seed44_best.pt,real_val_plus_val_synthetic,,,,,,,,,,,False,,,False,False,True,False,False,0.05,0.008803767152130604,0.008803767152130604,True,0.008803767152130604,-49.06895288619427,0,0.6330957412719727
tcn_transformer_ae,212,1000,0.014826904671887556,0.008712499712904295,9,9,5,0.008803767152130604,0.008803767152130604,-49.06895288619427,0,0.0003,/home/danderety/Documents/GitHub/TCN_Transformer_anomaly_analizer/outputs/lo2/models/tcn_transformer_ae_seed44_best.pt,real_val_plus_val_synthetic,,,,,,,,,,,False,,,False,False,True,False,False,0.05,0.008712499712904295,0.008712499712904295,True,0.008712499712904295,-49.06895288619427,0,0.6023085117340088
tcn_transformer_ae,213,1000,0.014700628506640593,0.008622778269151846,9,9,5,0.008712499712904295,0.008712499712904295,-49.06895288619427,0,0.0003,/home/danderety/Documents/GitHub/TCN_Transformer_anomaly_analizer/outputs/lo2/models/tcn_transformer_ae_seed44_best.pt,real_val_plus_val_synthetic,,,,,,,,,,,False,,,False,False,True,False,False,0.05,0.008622778269151846,0.008622778269151846,True,0.008622778269151846,-49.06895288619427,0,0.621344804763794
tcn_transformer_ae,214,1000,0.014552628000577291,0.008532781774799028,9,9,5,0.008622778269151846,0.008622778269151846,-49.06895288619427,0,0.0003,/home/danderety/Documents/GitHub/TCN_Transformer_anomaly_analizer/outputs/lo2/models/tcn_transformer_ae_seed44_best.pt,real_val_plus_val_synthetic,,,,,,,,,,,False,,,False,False,True,False,False,0.05,0.008532781774799028,0.008532781774799028,True,0.008532781774799028,-49.06895288619427,0,0.6174874305725098
tcn_transformer_ae,215,1000,0.014371145206193129,0.008445230002204577,9,9,5,0.008532781774799028,0.008532781774799028,-49.06895288619427,0,0.0003,/home/danderety/Documents/GitHub/TCN_Transformer_anomaly_analizer/outputs/lo2/models/tcn_transformer_ae_seed44_best.pt,real_val_plus_val_synthetic,0.7241379310344828,0.4827586206896552,0.5793103448275863,16.0,45.0,2.5621080517768857,2.5621080517768857,-0.7984447479248048,False,quantile,True,2.543852269649505,-49.06895288619427,False,True,True,False,False,0.05,0.008445230002204577,0.008445230002204577,True,0.008445230002204577,-49.06895288619427,0,2.148853302001953
tcn_transformer_ae,216,1000,0.014239553983012835,0.00836026668548584,9,9,5,0.008445230002204577,0.008445230002204577,-49.06895288619427,0,0.0003,/home/danderety/Documents/GitHub/TCN_Transformer_anomaly_analizer/outputs/lo2/models/tcn_transformer_ae_seed44_best.pt,real_val_plus_val_synthetic,,,,,,,,,,,False,,,False,False,True,False,False,0.05,0.00836026668548584,0.00836026668548584,True,0.00836026668548584,-49.06895288619427,0,1.91768479347229
tcn_transformer_ae,217,1000,0.01411426750322183,0.008276864575843016,9,9,5,0.00836026668548584,0.00836026668548584,-49.06895288619427,0,0.0003,/home/danderety/Documents/GitHub/TCN_Transformer_anomaly_analizer/outputs/lo2/models/tcn_transformer_ae_seed44_best.pt,real_val_plus_val_synthetic,,,,,,,,,,,False,,,False,False,True,False,False,0.05,0.008276864575843016,0.008276864575843016,True,0.008276864575843016,-49.06895288619427,0,1.2861599922180176
tcn_transformer_ae,218,1000,0.013977724437912306,0.008194685292740663,9,9,5,0.008276864575843016,0.008276864575843016,-49.06895288619427,0,0.0003,/home/danderety/Documents/GitHub/TCN_Transformer_anomaly_analizer/outputs/lo2/models/tcn_transformer_ae_seed44_best.pt,real_val_plus_val_synthetic,,,,,,,,,,,False,,,False,False,True,False,False,0.05,0.008194685292740663,0.008194685292740663,True,0.008194685292740663,-49.06895288619427,0,0.6603834629058838
tcn_transformer_ae,219,1000,0.013797540528078875,0.008113363136847815,9,9,5,0.008194685292740663,0.008194685292740663,-49.06895288619427,0,0.0003,/home/danderety/Documents/GitHub/TCN_Transformer_anomaly_analizer/outputs/lo2/models/tcn_transformer_ae_seed44_best.pt,real_val_plus_val_synthetic,,,,,,,,,,,False,,,False,False,True,False,False,0.05,0.008113363136847815,0.008113363136847815,True,0.008113363136847815,-49.06895288619427,0,1.2222728729248047
tcn_transformer_ae,220,1000,0.013739149396618208,0.008032866443196932,9,9,5,0.008113363136847815,0.008113363136847815,-49.06895288619427,0,0.0003,/home/danderety/Documents/GitHub/TCN_Transformer_anomaly_analizer/outputs/lo2/models/tcn_transformer_ae_seed44_best.pt,real_val_plus_val_synthetic,0.7368421052631579,0.4827586206896552,0.5833333333333334,15.0,45.0,2.5672302961349485,2.5672302961349485,-0.8084796667099,False,quantile,True,2.5621080517768857,-49.06126689402551,True,True,True,True,True,0.05,0.008032866443196932,0.008032866443196932,True,0.008032866443196932,-49.06126689402551,0,2.0734786987304688
tcn_transformer_ae,221,1000,0.01359227392822504,0.007953889047106108,9,9,5,0.008032866443196932,0.008032866443196932,-49.06126689402551,0,0.0003,/home/danderety/Documents/GitHub/TCN_Transformer_anomaly_analizer/outputs/lo2/models/tcn_transformer_ae_seed44_best.pt,real_val_plus_val_synthetic,,,,,,,,,,,False,,,False,False,True,False,False,0.05,0.007953889047106108,0.007953889047106108,True,0.007953889047106108,-49.06126689402551,0,0.6198854446411133
tcn_transformer_ae,222,1000,0.013471020696063837,0.007876961957663298,9,9,5,0.007953889047106108,0.007953889047106108,-49.06126689402551,0,0.0003,/home/danderety/Documents/GitHub/TCN_Transformer_anomaly_analizer/outputs/lo2/models/tcn_transformer_ae_seed44_best.pt,real_val_plus_val_synthetic,,,,,,,,,,,False,,,False,False,True,False,False,0.05,0.007876961957663298,0.007876961957663298,True,0.007876961957663298,-49.06126689402551,0,0.6366276741027832
tcn_transformer_ae,223,1000,0.013341826386749744,0.007800227186332147,9,9,5,0.007876961957663298,0.007876961957663298,-49.06126689402551,0,0.0003,/home/danderety/Documents/GitHub/TCN_Transformer_anomaly_analizer/outputs/lo2/models/tcn_transformer_ae_seed44_best.pt,real_val_plus_val_synthetic,,,,,,,,,,,False,,,False,False,True,False,False,0.05,0.007800227186332147,0.007800227186332147,True,0.007800227186332147,-49.06126689402551,0,0.6075971126556396
tcn_transformer_ae,224,1000,0.013193999727567038,0.00772322000314792,9,9,5,0.007800227186332147,0.007800227186332147,-49.06126689402551,0,0.0003,/home/danderety/Documents/GitHub/TCN_Transformer_anomaly_analizer/outputs/lo2/models/tcn_transformer_ae_seed44_best.pt,real_val_plus_val_synthetic,,,,,,,,,,,False,,,False,False,True,False,False,0.05,0.00772322000314792,0.00772322000314792,True,0.00772322000314792,-49.06126689402551,0,0.606431245803833
tcn_transformer_ae,225,1000,0.01300463235626618,0.007648866002758344,9,9,5,0.00772322000314792,0.00772322000314792,-49.06126689402551,0,0.0003,/home/danderety/Documents/GitHub/TCN_Transformer_anomaly_analizer/outputs/lo2/models/tcn_transformer_ae_seed44_best.pt,real_val_plus_val_synthetic,0.7368421052631579,0.4827586206896552,0.5833333333333334,15.0,45.0,2.527749276161193,2.527749276161193,-0.812333643436432,False,quantile,True,2.5672302961349485,-49.06126689402551,False,True,True,False,False,0.05,0.007648866002758344,0.007648866002758344,True,0.007648866002758344,-49.06126689402551,0,2.0667178630828857
tcn_transformer_ae,226,1000,0.012898336785535017,0.0075777689926326275,9,9,5,0.007648866002758344,0.007648866002758344,-49.06126689402551,0,0.0003,/home/danderety/Documents/GitHub/TCN_Transformer_anomaly_analizer/outputs/lo2/models/tcn_transformer_ae_seed44_best.pt,real_val_plus_val_synthetic,,,,,,,,,,,False,,,False,False,True,False,False,0.05,0.0075777689926326275,0.0075777689926326275,True,0.0075777689926326275,-49.06126689402551,0,0.6996800899505615
tcn_transformer_ae,227,1000,0.01278049343576034,0.007506113965064287,9,9,5,0.0075777689926326275,0.0075777689926326275,-49.06126689402551,0,0.0003,/home/danderety/Documents/GitHub/TCN_Transformer_anomaly_analizer/outputs/lo2/models/tcn_transformer_ae_seed44_best.pt,real_val_plus_val_synthetic,,,,,,,,,,,False,,,False,False,True,False,False,0.05,0.007506113965064287,0.007506113965064287,True,0.007506113965064287,-49.06126689402551,0,2.2291929721832275
tcn_transformer_ae,228,1000,0.01273317914456129,0.007434220053255558,9,9,5,0.007506113965064287,0.007506113965064287,-49.06126689402551,0,0.0003,/home/danderety/Documents/GitHub/TCN_Transformer_anomaly_analizer/outputs/lo2/models/tcn_transformer_ae_seed44_best.pt,real_val_plus_val_synthetic,,,,,,,,,,,False,,,False,False,True,False,False,0.05,0.007434220053255558,0.007434220053255558,True,0.007434220053255558,-49.06126689402551,0,0.6080837249755859
tcn_transformer_ae,229,1000,0.01253845759977897,0.007364860891054074,9,9,5,0.007434220053255558,0.007434220053255558,-49.06126689402551,0,0.0003,/home/danderety/Documents/GitHub/TCN_Transformer_anomaly_analizer/outputs/lo2/models/tcn_transformer_ae_seed44_best.pt,real_val_plus_val_synthetic,,,,,,,,,,,False,,,False,False,True,False,False,0.05,0.007364860891054074,0.007364860891054074,True,0.007364860891054074,-49.06126689402551,0,0.6458501815795898
tcn_transformer_ae,230,1000,0.012532404313484827,0.007297911681234837,9,9,5,0.007364860891054074,0.007364860891054074,-49.06126689402551,0,0.0003,/home/danderety/Documents/GitHub/TCN_Transformer_anomaly_analizer/outputs/lo2/models/tcn_transformer_ae_seed44_best.pt,real_val_plus_val_synthetic,0.7368421052631579,0.4827586206896552,0.5833333333333334,15.0,45.0,2.4927189230918874,2.4927189230918874,-0.8068526387214662,False,quantile,True,2.527749276161193,-49.06126689402551,False,True,True,False,False,0.05,0.007297911681234837,0.007297911681234837,True,0.007297911681234837,-49.06126689402551,0,2.134324073791504
tcn_transformer_ae,231,1000,0.012383353896439075,0.007231630229701598,9,9,5,0.007297911681234837,0.007297911681234837,-49.06126689402551,0,0.0003,/home/danderety/Documents/GitHub/TCN_Transformer_anomaly_analizer/outputs/lo2/models/tcn_transformer_ae_seed44_best.pt,real_val_plus_val_synthetic,,,,,,,,,,,False,,,False,False,True,False,False,0.05,0.007231630229701598,0.007231630229701598,True,0.007231630229701598,-49.06126689402551,0,2.139965772628784
tcn_transformer_ae,232,1000,0.012266040158768496,0.007165093130121629,9,9,5,0.007231630229701598,0.007231630229701598,-49.06126689402551,0,0.0003,/home/danderety/Documents/GitHub/TCN_Transformer_anomaly_analizer/outputs/lo2/models/tcn_transformer_ae_seed44_best.pt,real_val_plus_val_synthetic,,,,,,,,,,,False,,,False,False,True,False,False,0.05,0.007165093130121629,0.007165093130121629,True,0.007165093130121629,-49.06126689402551,0,0.9149196147918701
tcn_transformer_ae,233,1000,0.012160559805730978,0.007099258402983348,9,9,5,0.007165093130121629,0.007165093130121629,-49.06126689402551,0,0.0003,/home/danderety/Documents/GitHub/TCN_Transformer_anomaly_analizer/outputs/lo2/models/tcn_transformer_ae_seed44_best.pt,real_val_plus_val_synthetic,,,,,,,,,,,False,,,False,False,True,False,False,0.05,0.007099258402983348,0.007099258402983348,True,0.007099258402983348,-49.06126689402551,0,1.9227874279022217
tcn_transformer_ae,234,1000,0.012069488254686197,0.007034826868524154,9,9,5,0.007099258402983348,0.007099258402983348,-49.06126689402551,0,0.0003,/home/danderety/Documents/GitHub/TCN_Transformer_anomaly_analizer/outputs/lo2/models/tcn_transformer_ae_seed44_best.pt,real_val_plus_val_synthetic,,,,,,,,,,,False,,,False,False,True,False,False,0.05,0.007034826868524154,0.007034826868524154,True,0.007034826868524154,-49.06126689402551,0,0.6251950263977051
tcn_transformer_ae,235,1000,0.011929605466624102,0.00697106479977568,9,9,5,0.007034826868524154,0.007034826868524154,-49.06126689402551,0,0.0003,/home/danderety/Documents/GitHub/TCN_Transformer_anomaly_analizer/outputs/lo2/models/tcn_transformer_ae_seed44_best.pt,real_val_plus_val_synthetic,0.7368421052631579,0.4827586206896552,0.5833333333333334,15.0,45.0,2.4573544859886156,2.4573544859886156,-0.8061785697937013,False,quantile,True,2.4927189230918874,-49.06126689402551,False,True,True,False,False,0.05,0.00697106479977568,0.00697106479977568,True,0.00697106479977568,-49.06126689402551,0,2.0655417442321777
tcn_transformer_ae,236,1000,0.01185885692636172,0.00690936716273427,9,9,5,0.00697106479977568,0.00697106479977568,-49.06126689402551,0,0.0003,/home/danderety/Documents/GitHub/TCN_Transformer_anomaly_analizer/outputs/lo2/models/tcn_transformer_ae_seed44_best.pt,real_val_plus_val_synthetic,,,,,,,,,,,False,,,False,False,True,False,False,0.05,0.00690936716273427,0.00690936716273427,True,0.00690936716273427,-49.06126689402551,0,0.6886906623840332
tcn_transformer_ae,237,1000,0.011776303251584372,0.006847575927774112,9,9,5,0.00690936716273427,0.00690936716273427,-49.06126689402551,0,0.0003,/home/danderety/Documents/GitHub/TCN_Transformer_anomaly_analizer/outputs/lo2/models/tcn_transformer_ae_seed44_best.pt,real_val_plus_val_synthetic,,,,,,,,,,,False,,,False,False,True,False,False,0.05,0.006847575927774112,0.006847575927774112,True,0.006847575927774112,-49.06126689402551,0,2.614891290664673
tcn_transformer_ae,238,1000,0.011641491514941057,0.006785242818295956,9,9,5,0.006847575927774112,0.006847575927774112,-49.06126689402551,0,0.0003,/home/danderety/Documents/GitHub/TCN_Transformer_anomaly_analizer/outputs/lo2/models/tcn_transformer_ae_seed44_best.pt,real_val_plus_val_synthetic,,,,,,,,,,,False,,,False,False,True,False,False,0.05,0.006785242818295956,0.006785242818295956,True,0.006785242818295956,-49.06126689402551,0,1.1922075748443604
tcn_transformer_ae,239,1000,0.011521261495848497,0.006724674565096696,9,9,5,0.006785242818295956,0.006785242818295956,-49.06126689402551,0,0.0003,/home/danderety/Documents/GitHub/TCN_Transformer_anomaly_analizer/outputs/lo2/models/tcn_transformer_ae_seed44_best.pt,real_val_plus_val_synthetic,,,,,,,,,,,False,,,False,False,True,False,False,0.05,0.006724674565096696,0.006724674565096696,True,0.006724674565096696,-49.06126689402551,0,0.8735959529876709
tcn_transformer_ae,240,1000,0.011482256775101026,0.006664947761843602,9,9,5,0.006724674565096696,0.006724674565096696,-49.06126689402551,0,0.0003,/home/danderety/Documents/GitHub/TCN_Transformer_anomaly_analizer/outputs/lo2/models/tcn_transformer_ae_seed44_best.pt,real_val_plus_val_synthetic,0.7368421052631579,0.4827586206896552,0.5833333333333334,15.0,45.0,2.4372734189033496,2.4372734189033496,-0.8098777532577516,False,quantile,True,2.4573544859886156,-49.06126689402551,False,True,True,False,False,0.05,0.006664947761843602,0.006664947761843602,True,0.006664947761843602,-49.06126689402551,0,2.1012344360351562
tcn_transformer_ae,241,1000,0.011355915727714697,0.006607131566852331,9,9,5,0.006664947761843602,0.006664947761843602,-49.06126689402551,0,0.0003,/home/danderety/Documents/GitHub/TCN_Transformer_anomaly_analizer/outputs/lo2/models/tcn_transformer_ae_seed44_best.pt,real_val_plus_val_synthetic,,,,,,,,,,,False,,,False,False,True,False,False,0.05,0.006607131566852331,0.006607131566852331,True,0.006607131566852331,-49.06126689402551,0,0.633385419845581
tcn_transformer_ae,242,1000,0.011277299374341965,0.006550231638054053,9,9,5,0.006607131566852331,0.006607131566852331,-49.06126689402551,0,0.0003,/home/danderety/Documents/GitHub/TCN_Transformer_anomaly_analizer/outputs/lo2/models/tcn_transformer_ae_seed44_best.pt,real_val_plus_val_synthetic,,,,,,,,,,,False,,,False,False,True,False,False,0.05,0.006550231638054053,0.006550231638054053,True,0.006550231638054053,-49.06126689402551,0,2.481358051300049
tcn_transformer_ae,243,1000,0.011146161705255508,0.006492962129414082,9,9,5,0.006550231638054053,0.006550231638054053,-49.06126689402551,0,0.0003,/home/danderety/Documents/GitHub/TCN_Transformer_anomaly_analizer/outputs/lo2/models/tcn_transformer_ae_seed44_best.pt,real_val_plus_val_synthetic,,,,,,,,,,,False,,,False,False,True,False,False,0.05,0.006492962129414082,0.006492962129414082,True,0.006492962129414082,-49.06126689402551,0,0.8934519290924072
tcn_transformer_ae,244,1000,0.011052396769324938,0.006435915206869443,9,9,5,0.006492962129414082,0.006492962129414082,-49.06126689402551,0,0.0003,/home/danderety/Documents/GitHub/TCN_Transformer_anomaly_analizer/outputs/lo2/models/tcn_transformer_ae_seed44_best.pt,real_val_plus_val_synthetic,,,,,,,,,,,False,,,False,False,True,False,False,0.05,0.006435915206869443,0.006435915206869443,True,0.006435915206869443,-49.06126689402551,0,2.324497699737549
tcn_transformer_ae,245,1000,0.011003857478499413,0.006380987198402484,9,9,5,0.006435915206869443,0.006435915206869443,-49.06126689402551,0,0.0003,/home/danderety/Documents/GitHub/TCN_Transformer_anomaly_analizer/outputs/lo2/models/tcn_transformer_ae_seed44_best.pt,real_val_plus_val_synthetic,0.7368421052631579,0.4827586206896552,0.5833333333333334,15.0,45.0,2.4094901323318467,2.4094901323318467,-0.8107120990753175,False,quantile,True,2.4372734189033496,-49.06126689402551,False,True,True,False,False,0.05,0.006380987198402484,0.006380987198402484,True,0.006380987198402484,-49.06126689402551,0,2.083754301071167
tcn_transformer_ae,246,1000,0.010923027992248535,0.00632751639932394,9,9,5,0.006380987198402484,0.006380987198402484,-49.06126689402551,0,0.0003,/home/danderety/Documents/GitHub/TCN_Transformer_anomaly_analizer/outputs/lo2/models/tcn_transformer_ae_seed44_best.pt,real_val_plus_val_synthetic,,,,,,,,,,,False,,,False,False,True,False,False,0.05,0.00632751639932394,0.00632751639932394,True,0.00632751639932394,-49.06126689402551,0,0.6883256435394287
tcn_transformer_ae,247,1000,0.010825563843051592,0.006275597804536422,9,9,5,0.00632751639932394,0.00632751639932394,-49.06126689402551,0,0.0003,/home/danderety/Documents/GitHub/TCN_Transformer_anomaly_analizer/outputs/lo2/models/tcn_transformer_ae_seed44_best.pt,real_val_plus_val_synthetic,,,,,,,,,,,False,,,False,False,True,False,False,0.05,0.006275597804536422,0.006275597804536422,True,0.006275597804536422,-49.06126689402551,0,2.4584805965423584
tcn_transformer_ae,248,1000,0.010763744823634624,0.006223343623181184,9,9,5,0.006275597804536422,0.006275597804536422,-49.06126689402551,0,0.0003,/home/danderety/Documents/GitHub/TCN_Transformer_anomaly_analizer/outputs/lo2/models/tcn_transformer_ae_seed44_best.pt,real_val_plus_val_synthetic,,,,,,,,,,,False,,,False,False,True,False,False,0.05,0.006223343623181184,0.006223343623181184,True,0.006223343623181184,-49.06126689402551,0,0.605194091796875
tcn_transformer_ae,249,1000,0.010590746688346067,0.0061709169919292135,9,9,5,0.006223343623181184,0.006223343623181184,-49.06126689402551,0,0.0003,/home/danderety/Documents/GitHub/TCN_Transformer_anomaly_analizer/outputs/lo2/models/tcn_transformer_ae_seed44_best.pt,real_val_plus_val_synthetic,,,,,,,,,,,False,,,False,False,True,False,False,0.05,0.0061709169919292135,0.0061709169919292135,True,0.0061709169919292135,-49.06126689402551,0,0.60787034034729
tcn_transformer_ae,250,1000,0.010534240864217281,0.00611912723009785,9,9,5,0.0061709169919292135,0.0061709169919292135,-49.06126689402551,0,0.0003,/home/danderety/Documents/GitHub/TCN_Transformer_anomaly_analizer/outputs/lo2/models/tcn_transformer_ae_seed44_best.pt,real_val_plus_val_synthetic,0.7368421052631579,0.4827586206896552,0.5833333333333334,15.0,45.0,2.359774351119993,2.359774351119993,-0.808641016483307,False,quantile,True,2.4094901323318467,-49.06126689402551,False,True,True,False,False,0.05,0.00611912723009785,0.00611912723009785,True,0.00611912723009785,-49.06126689402551,0,2.1045031547546387
tcn_transformer_ae,251,1000,0.010424640029668808,0.0060681298685570555,9,9,5,0.00611912723009785,0.00611912723009785,-49.06126689402551,0,0.0003,/home/danderety/Documents/GitHub/TCN_Transformer_anomaly_analizer/outputs/lo2/models/tcn_transformer_ae_seed44_best.pt,real_val_plus_val_synthetic,,,,,,,,,,,False,,,False,False,True,False,False,0.05,0.0060681298685570555,0.0060681298685570555,True,0.0060681298685570555,-49.06126689402551,0,0.6932380199432373
tcn_transformer_ae,252,1000,0.010389891142646471,0.006017348418633143,9,9,5,0.0060681298685570555,0.0060681298685570555,-49.06126689402551,0,0.0003,/home/danderety/Documents/GitHub/TCN_Transformer_anomaly_analizer/outputs/lo2/models/tcn_transformer_ae_seed44_best.pt,real_val_plus_val_synthetic,,,,,,,,,,,False,,,False,False,True,False,False,0.05,0.006017348418633143,0.006017348418633143,True,0.006017348418633143,-49.06126689402551,0,2.592796802520752
tcn_transformer_ae,253,1000,0.01031217227379481,0.005966897277782361,9,9,5,0.006017348418633143,0.006017348418633143,-49.06126689402551,0,0.0003,/home/danderety/Documents/GitHub/TCN_Transformer_anomaly_analizer/outputs/lo2/models/tcn_transformer_ae_seed44_best.pt,real_val_plus_val_synthetic,,,,,,,,,,,False,,,False,False,True,False,False,0.05,0.005966897277782361,0.005966897277782361,True,0.005966897277782361,-49.06126689402551,0,0.6661255359649658
tcn_transformer_ae,254,1000,0.010231502975026766,0.005917903346319993,9,9,5,0.005966897277782361,0.005966897277782361,-49.06126689402551,0,0.0003,/home/danderety/Documents/GitHub/TCN_Transformer_anomaly_analizer/outputs/lo2/models/tcn_transformer_ae_seed44_best.pt,real_val_plus_val_synthetic,,,,,,,,,,,False,,,False,False,True,False,False,0.05,0.005917903346319993,0.005917903346319993,True,0.005917903346319993,-49.06126689402551,0,2.392366409301758
tcn_transformer_ae,255,1000,0.01012841115395228,0.005869712680578232,9,9,5,0.005917903346319993,0.005917903346319993,-49.06126689402551,0,0.0003,/home/danderety/Documents/GitHub/TCN_Transformer_anomaly_analizer/outputs/lo2/models/tcn_transformer_ae_seed44_best.pt,real_val_plus_val_synthetic,0.7368421052631579,0.4827586206896552,0.5833333333333334,15.0,45.0,2.342091631889341,2.342091631889341,-0.8100441098213197,False,quantile,True,2.359774351119993,-49.06126689402551,False,True,True,False,False,0.05,0.005869712680578232,0.005869712680578232,True,0.005869712680578232,-49.06126689402551,0,2.1381733417510986
tcn_transformer_ae,256,1000,0.010005616582930088,0.005822313018143177,9,9,5,0.005869712680578232,0.005869712680578232,-49.06126689402551,0,0.0003,/home/danderety/Documents/GitHub/TCN_Transformer_anomaly_analizer/outputs/lo2/models/tcn_transformer_ae_seed44_best.pt,real_val_plus_val_synthetic,,,,,,,,,,,False,,,False,False,True,False,False,0.05,0.005822313018143177,0.005822313018143177,True,0.005822313018143177,-49.06126689402551,0,1.8992619514465332
tcn_transformer_ae,257,1000,0.009970714338123798,0.005775212775915861,9,9,5,0.005822313018143177,0.005822313018143177,-49.06126689402551,0,0.0003,/home/danderety/Documents/GitHub/TCN_Transformer_anomaly_analizer/outputs/lo2/models/tcn_transformer_ae_seed44_best.pt,real_val_plus_val_synthetic,,,,,,,,,,,False,,,False,False,True,False,False,0.05,0.005775212775915861,0.005775212775915861,True,0.005775212775915861,-49.06126689402551,0,2.0354418754577637
tcn_transformer_ae,258,1000,0.0099387988448143,0.005727837948749463,9,9,5,0.005775212775915861,0.005775212775915861,-49.06126689402551,0,0.0003,/home/danderety/Documents/GitHub/TCN_Transformer_anomaly_analizer/outputs/lo2/models/tcn_transformer_ae_seed44_best.pt,real_val_plus_val_synthetic,,,,,,,,,,,False,,,False,False,True,False,False,0.05,0.005727837948749463,0.005727837948749463,True,0.005727837948749463,-49.06126689402551,0,0.631458044052124
tcn_transformer_ae,259,1000,0.009749996165434519,0.005681976675987244,9,9,5,0.005727837948749463,0.005727837948749463,-49.06126689402551,0,0.0003,/home/danderety/Documents/GitHub/TCN_Transformer_anomaly_analizer/outputs/lo2/models/tcn_transformer_ae_seed44_best.pt,real_val_plus_val_synthetic,,,,,,,,,,,False,,,False,False,True,False,False,0.05,0.005681976675987244,0.005681976675987244,True,0.005681976675987244,-49.06126689402551,0,0.607696533203125
tcn_transformer_ae,260,1000,0.009765917745729288,0.00563829888900121,9,9,5,0.005681976675987244,0.005681976675987244,-49.06126689402551,0,0.0003,/home/danderety/Documents/GitHub/TCN_Transformer_anomaly_analizer/outputs/lo2/models/tcn_transformer_ae_seed44_best.pt,real_val_plus_val_synthetic,0.7368421052631579,0.4827586206896552,0.5833333333333334,15.0,45.0,2.321858370304106,2.321858370304106,-0.8112623691558839,False,quantile,True,2.342091631889341,-49.06126689402551,False,True,True,False,False,0.05,0.00563829888900121,0.00563829888900121,True,0.00563829888900121,-49.06126689402551,0,2.136884927749634
tcn_transformer_ae,261,1000,0.009670296063025793,0.005593722530951102,9,9,5,0.00563829888900121,0.00563829888900121,-49.06126689402551,0,0.0003,/home/danderety/Documents/GitHub/TCN_Transformer_anomaly_analizer/outputs/lo2/models/tcn_transformer_ae_seed44_best.pt,real_val_plus_val_synthetic,,,,,,,,,,,False,,,False,False,True,False,False,0.05,0.005593722530951102,0.005593722530951102,True,0.005593722530951102,-49.06126689402551,0,1.7954578399658203
tcn_transformer_ae,262,1000,0.009597927331924438,0.005548397699991862,9,9,5,0.005593722530951102,0.005593722530951102,-49.06126689402551,0,0.0003,/home/danderety/Documents/GitHub/TCN_Transformer_anomaly_analizer/outputs/lo2/models/tcn_transformer_ae_seed44_best.pt,real_val_plus_val_synthetic,,,,,,,,,,,False,,,False,False,True,False,False,0.05,0.005548397699991862,0.005548397699991862,True,0.005548397699991862,-49.06126689402551,0,1.63118577003479
tcn_transformer_ae,263,1000,0.009539646406968435,0.005504096547762553,9,9,5,0.005548397699991862,0.005548397699991862,-49.06126689402551,0,0.0003,/home/danderety/Documents/GitHub/TCN_Transformer_anomaly_analizer/outputs/lo2/models/tcn_transformer_ae_seed44_best.pt,real_val_plus_val_synthetic,,,,,,,,,,,False,,,False,False,True,False,False,0.05,0.005504096547762553,0.005504096547762553,True,0.005504096547762553,-49.06126689402551,0,0.6419239044189453
tcn_transformer_ae,264,1000,0.009501753064493338,0.0054613205914696055,9,9,5,0.005504096547762553,0.005504096547762553,-49.06126689402551,0,0.0003,/home/danderety/Documents/GitHub/TCN_Transformer_anomaly_analizer/outputs/lo2/models/tcn_transformer_ae_seed44_best.pt,real_val_plus_val_synthetic,,,,,,,,,,,False,,,False,False,True,False,False,0.05,0.0054613205914696055,0.0054613205914696055,True,0.0054613205914696055,-49.06126689402551,0,2.4289729595184326
tcn_transformer_ae,265,1000,0.009402389327685038,0.005419520816455285,9,9,5,0.0054613205914696055,0.0054613205914696055,-49.06126689402551,0,0.0003,/home/danderety/Documents/GitHub/TCN_Transformer_anomaly_analizer/outputs/lo2/models/tcn_transformer_ae_seed44_best.pt,real_val_plus_val_synthetic,0.7368421052631579,0.4827586206896552,0.5833333333333334,15.0,45.0,2.2965340018272373,2.2965340018272373,-0.8199007511138917,False,quantile,True,2.321858370304106,-49.06126689402551,False,True,True,False,False,0.05,0.005419520816455285,0.005419520816455285,True,0.005419520816455285,-49.06126689402551,0,2.0649049282073975
tcn_transformer_ae,266,1000,0.009320169687271118,0.005377643586446841,9,9,5,0.005419520816455285,0.005419520816455285,-49.06126689402551,0,0.0003,/home/danderety/Documents/GitHub/TCN_Transformer_anomaly_analizer/outputs/lo2/models/tcn_transformer_ae_seed44_best.pt,real_val_plus_val_synthetic,,,,,,,,,,,False,,,False,False,True,False,False,0.05,0.005377643586446841,0.005377643586446841,True,0.005377643586446841,-49.06126689402551,0,0.6238174438476562
tcn_transformer_ae,267,1000,0.009251712821424007,0.00533677451312542,9,9,5,0.005377643586446841,0.005377643586446841,-49.06126689402551,0,0.0003,/home/danderety/Documents/GitHub/TCN_Transformer_anomaly_analizer/outputs/lo2/models/tcn_transformer_ae_seed44_best.pt,real_val_plus_val_synthetic,,,,,,,,,,,False,,,False,False,True,False,False,0.05,0.00533677451312542,0.00533677451312542,True,0.00533677451312542,-49.06126689402551,0,0.6529088020324707
tcn_transformer_ae,268,1000,0.009153398064275583,0.005295541137456894,9,9,5,0.00533677451312542,0.00533677451312542,-49.06126689402551,0,0.0003,/home/danderety/Documents/GitHub/TCN_Transformer_anomaly_analizer/outputs/lo2/models/tcn_transformer_ae_seed44_best.pt,real_val_plus_val_synthetic,,,,,,,,,,,False,,,False,False,True,False,False,0.05,0.005295541137456894,0.005295541137456894,True,0.005295541137456894,-49.06126689402551,0,1.2954607009887695
tcn_transformer_ae,269,1000,0.009126287574569384,0.0052542355842888355,9,9,5,0.005295541137456894,0.005295541137456894,-49.06126689402551,0,0.0003,/home/danderety/Documents/GitHub/TCN_Transformer_anomaly_analizer/outputs/lo2/models/tcn_transformer_ae_seed44_best.pt,real_val_plus_val_synthetic,,,,,,,,,,,False,,,False,False,True,False,False,0.05,0.0052542355842888355,0.0052542355842888355,True,0.0052542355842888355,-49.06126689402551,0,1.520594596862793
tcn_transformer_ae,270,1000,0.009056991587082544,0.005213747887561719,9,9,5,0.0052542355842888355,0.0052542355842888355,-49.06126689402551,0,0.0003,/home/danderety/Documents/GitHub/TCN_Transformer_anomaly_analizer/outputs/lo2/models/tcn_transformer_ae_seed44_best.pt,real_val_plus_val_synthetic,0.7368421052631579,0.4827586206896552,0.5833333333333334,15.0,45.0,2.285199964046476,2.285199964046476,-0.823773741722107,False,quantile,True,2.2965340018272373,-49.06126689402551,False,True,True,False,False,0.05,0.005213747887561719,0.005213747887561719,True,0.005213747887561719,-49.06126689402551,0,2.1036503314971924
tcn_transformer_ae,271,1000,0.008995923834542433,0.005174615575621526,9,9,5,0.005213747887561719,0.005213747887561719,-49.06126689402551,0,0.0003,/home/danderety/Documents/GitHub/TCN_Transformer_anomaly_analizer/outputs/lo2/models/tcn_transformer_ae_seed44_best.pt,real_val_plus_val_synthetic,,,,,,,,,,,False,,,False,False,True,False,False,0.05,0.005174615575621526,0.005174615575621526,True,0.005174615575621526,-49.06126689402551,0,2.4863901138305664
tcn_transformer_ae,272,1000,0.008906470922132334,0.005136097781360149,9,9,5,0.005174615575621526,0.005174615575621526,-49.06126689402551,0,0.0003,/home/danderety/Documents/GitHub/TCN_Transformer_anomaly_analizer/outputs/lo2/models/tcn_transformer_ae_seed44_best.pt,real_val_plus_val_synthetic,,,,,,,,,,,False,,,False,False,True,False,False,0.05,0.005136097781360149,0.005136097781360149,True,0.005136097781360149,-49.06126689402551,0,0.6464474201202393
tcn_transformer_ae,273,1000,0.008858178121348223,0.005097626708447933,9,9,5,0.005136097781360149,0.005136097781360149,-49.06126689402551,0,0.0003,/home/danderety/Documents/GitHub/TCN_Transformer_anomaly_analizer/outputs/lo2/models/tcn_transformer_ae_seed44_best.pt,real_val_plus_val_synthetic,,,,,,,,,,,False,,,False,False,True,False,False,0.05,0.005097626708447933,0.005097626708447933,True,0.005097626708447933,-49.06126689402551,0,0.7170660495758057
tcn_transformer_ae,274,1000,0.008785892588396868,0.005059876013547182,9,9,5,0.005097626708447933,0.005097626708447933,-49.06126689402551,0,0.0003,/home/danderety/Documents/GitHub/TCN_Transformer_anomaly_analizer/outputs/lo2/models/tcn_transformer_ae_seed44_best.pt,real_val_plus_val_synthetic,,,,,,,,,,,False,,,False,False,True,False,False,0.05,0.005059876013547182,0.005059876013547182,True,0.005059876013547182,-49.06126689402551,0,1.489797592163086
tcn_transformer_ae,275,1000,0.008720600977540016,0.005021915926287572,9,9,5,0.005059876013547182,0.005059876013547182,-49.06126689402551,0,0.0003,/home/danderety/Documents/GitHub/TCN_Transformer_anomaly_analizer/outputs/lo2/models/tcn_transformer_ae_seed44_best.pt,real_val_plus_val_synthetic,0.7368421052631579,0.4827586206896552,0.5833333333333334,15.0,45.0,2.287145137786863,2.287145137786863,-0.8235442638397218,False,quantile,True,2.285199964046476,-49.06126689402551,False,True,True,False,False,0.05,0.005021915926287572,0.005021915926287572,True,0.005021915926287572,-49.06126689402551,0,2.0872044563293457
tcn_transformer_ae,276,1000,0.008663710206747055,0.004984107178946336,9,9,5,0.005021915926287572,0.005021915926287572,-49.06126689402551,0,0.0003,/home/danderety/Documents/GitHub/TCN_Transformer_anomaly_analizer/outputs/lo2/models/tcn_transformer_ae_seed44_best.pt,real_val_plus_val_synthetic,,,,,,,,,,,False,,,False,False,True,False,False,0.05,0.004984107178946336,0.004984107178946336,True,0.004984107178946336,-49.06126689402551,0,1.0369369983673096
tcn_transformer_ae,277,1000,0.008585596767564615,0.004947406239807606,9,9,5,0.004984107178946336,0.004984107178946336,-49.06126689402551,0,0.0003,/home/danderety/Documents/GitHub/TCN_Transformer_anomaly_analizer/outputs/lo2/models/tcn_transformer_ae_seed44_best.pt,real_val_plus_val_synthetic,,,,,,,,,,,False,,,False,False,True,False,False,0.05,0.004947406239807606,0.004947406239807606,True,0.004947406239807606,-49.06126689402551,0,1.908637523651123
tcn_transformer_ae,278,1000,0.008528321670989195,0.004911496769636869,9,9,5,0.004947406239807606,0.004947406239807606,-49.06126689402551,0,0.0003,/home/danderety/Documents/GitHub/TCN_Transformer_anomaly_analizer/outputs/lo2/models/tcn_transformer_ae_seed44_best.pt,real_val_plus_val_synthetic,,,,,,,,,,,False,,,False,False,True,False,False,0.05,0.004911496769636869,0.004911496769636869,True,0.004911496769636869,-49.06126689402551,0,1.2296979427337646
tcn_transformer_ae,279,1000,0.008482432613770166,0.0048759014656146364,9,9,5,0.004911496769636869,0.004911496769636869,-49.06126689402551,0,0.0003,/home/danderety/Documents/GitHub/TCN_Transformer_anomaly_analizer/outputs/lo2/models/tcn_transformer_ae_seed44_best.pt,real_val_plus_val_synthetic,,,,,,,,,,,False,,,False,False,True,False,False,0.05,0.0048759014656146364,0.0048759014656146364,True,0.0048759014656146364,-49.06126689402551,0,1.2978515625
tcn_transformer_ae,280,1000,0.00839679812391599,0.004840484509865443,9,9,5,0.0048759014656146364,0.0048759014656146364,-49.06126689402551,0,0.0003,/home/danderety/Documents/GitHub/TCN_Transformer_anomaly_analizer/outputs/lo2/models/tcn_transformer_ae_seed44_best.pt,real_val_plus_val_synthetic,0.7368421052631579,0.4827586206896552,0.5833333333333334,15.0,45.0,2.2968077301979046,2.2968077301979046,-0.820861041545868,False,quantile,True,2.287145137786863,-49.06126689402551,False,True,True,False,False,0.05,0.004840484509865443,0.004840484509865443,True,0.004840484509865443,-49.06126689402551,0,2.1704790592193604
tcn_transformer_ae,281,1000,0.00834389744947354,0.004804983735084534,9,9,5,0.004840484509865443,0.004840484509865443,-49.06126689402551,0,0.0003,/home/danderety/Documents/GitHub/TCN_Transformer_anomaly_analizer/outputs/lo2/models/tcn_transformer_ae_seed44_best.pt,real_val_plus_val_synthetic,,,,,,,,,,,False,,,False,False,True,False,False,0.05,0.004804983735084534,0.004804983735084534,True,0.004804983735084534,-49.06126689402551,0,1.5194590091705322
tcn_transformer_ae,282,1000,0.00829668746640285,0.004770239504675071,9,9,5,0.004804983735084534,0.004804983735084534,-49.06126689402551,0,0.0003,/home/danderety/Documents/GitHub/TCN_Transformer_anomaly_analizer/outputs/lo2/models/tcn_transformer_ae_seed44_best.pt,real_val_plus_val_synthetic,,,,,,,,,,,False,,,False,False,True,False,False,0.05,0.004770239504675071,0.004770239504675071,True,0.004770239504675071,-49.06126689402551,0,0.6207635402679443
tcn_transformer_ae,283,1000,0.00824110396206379,0.004735672070334355,9,9,5,0.004770239504675071,0.004770239504675071,-49.06126689402551,0,0.0003,/home/danderety/Documents/GitHub/TCN_Transformer_anomaly_analizer/outputs/lo2/models/tcn_transformer_ae_seed44_best.pt,real_val_plus_val_synthetic,,,,,,,,,,,False,,,False,False,True,False,False,0.05,0.004735672070334355,0.004735672070334355,True,0.004735672070334355,-49.06126689402551,0,0.6367974281311035
tcn_transformer_ae,284,1000,0.008191174827516079,0.004701553999135892,9,9,5,0.004735672070334355,0.004735672070334355,-49.06126689402551,0,0.0003,/home/danderety/Documents/GitHub/TCN_Transformer_anomaly_analizer/outputs/lo2/models/tcn_transformer_ae_seed44_best.pt,real_val_plus_val_synthetic,,,,,,,,,,,False,,,False,False,True,False,False,0.05,0.004701553999135892,0.004701553999135892,True,0.004701553999135892,-49.06126689402551,0,0.6193139553070068
tcn_transformer_ae,285,1000,0.008137418267627558,0.0046681274349490804,9,9,5,0.004701553999135892,0.004701553999135892,-49.06126689402551,0,0.0003,/home/danderety/Documents/GitHub/TCN_Transformer_anomaly_analizer/outputs/lo2/models/tcn_transformer_ae_seed44_best.pt,real_val_plus_val_synthetic,0.7368421052631579,0.4827586206896552,0.5833333333333334,15.0,45.0,2.2776573777198776,2.2776573777198776,-0.8209612369537355,False,quantile,True,2.2968077301979046,-49.06126689402551,False,True,True,False,False,0.05,0.0046681274349490804,0.0046681274349490804,True,0.0046681274349490804,-49.06126689402551,0,2.0981876850128174
tcn_transformer_ae,286,1000,0.008109117547671,0.00463508286823829,9,9,5,0.0046681274349490804,0.0046681274349490804,-49.06126689402551,0,0.0003,/home/danderety/Documents/GitHub/TCN_Transformer_anomaly_analizer/outputs/lo2/models/tcn_transformer_ae_seed44_best.pt,real_val_plus_val_synthetic,,,,,,,,,,,False,,,False,False,True,False,False,0.05,0.00463508286823829,0.00463508286823829,True,0.00463508286823829,-49.06126689402551,0,2.4847214221954346
tcn_transformer_ae,287,1000,0.007982705409328142,0.004602049322177966,9,9,5,0.00463508286823829,0.00463508286823829,-49.06126689402551,0,0.0003,/home/danderety/Documents/GitHub/TCN_Transformer_anomaly_analizer/outputs/lo2/models/tcn_transformer_ae_seed44_best.pt,real_val_plus_val_synthetic,,,,,,,,,,,False,,,False,False,True,False,False,0.05,0.004602049322177966,0.004602049322177966,True,0.004602049322177966,-49.06126689402551,0,0.6602461338043213
tcn_transformer_ae,288,1000,0.00795669760555029,0.00456967872257034,9,9,5,0.004602049322177966,0.004602049322177966,-49.06126689402551,0,0.0003,/home/danderety/Documents/GitHub/TCN_Transformer_anomaly_analizer/outputs/lo2/models/tcn_transformer_ae_seed44_best.pt,real_val_plus_val_synthetic,,,,,,,,,,,False,,,False,False,True,False,False,0.05,0.00456967872257034,0.00456967872257034,True,0.00456967872257034,-49.06126689402551,0,2.0819716453552246
tcn_transformer_ae,289,1000,0.007910338385651508,0.004537506184230248,9,9,5,0.00456967872257034,0.00456967872257034,-49.06126689402551,0,0.0003,/home/danderety/Documents/GitHub/TCN_Transformer_anomaly_analizer/outputs/lo2/models/tcn_transformer_ae_seed44_best.pt,real_val_plus_val_synthetic,,,,,,,,,,,False,,,False,False,True,False,False,0.05,0.004537506184230248,0.004537506184230248,True,0.004537506184230248,-49.06126689402551,0,0.6276695728302002
tcn_transformer_ae,290,1000,0.007871415776511034,0.004505813742677371,9,9,5,0.004537506184230248,0.004537506184230248,-49.06126689402551,0,0.0003,/home/danderety/Documents/GitHub/TCN_Transformer_anomaly_analizer/outputs/lo2/models/tcn_transformer_ae_seed44_best.pt,real_val_plus_val_synthetic,0.7368421052631579,0.4827586206896552,0.5833333333333334,15.0,45.0,2.294103682041167,2.294103682041167,-0.8219705224037172,False,quantile,True,2.2776573777198776,-49.06126689402551,False,True,True,False,False,0.05,0.004505813742677371,0.004505813742677371,True,0.004505813742677371,-49.06126689402551,0,2.0750813484191895
tcn_transformer_ae,291,1000,0.007792448780188958,0.004474334108332793,9,9,5,0.004505813742677371,0.004505813742677371,-49.06126689402551,0,0.0003,/home/danderety/Documents/GitHub/TCN_Transformer_anomaly_analizer/outputs/lo2/models/tcn_transformer_ae_seed44_best.pt,real_val_plus_val_synthetic,,,,,,,,,,,False,,,False,False,True,False,False,0.05,0.004474334108332793,0.004474334108332793,True,0.004474334108332793,-49.06126689402551,0,0.6871910095214844
tcn_transformer_ae,292,1000,0.007719795530041059,0.004443882343669732,9,9,5,0.004474334108332793,0.004474334108332793,-49.06126689402551,0,0.0003,/home/danderety/Documents/GitHub/TCN_Transformer_anomaly_analizer/outputs/lo2/models/tcn_transformer_ae_seed44_best.pt,real_val_plus_val_synthetic,,,,,,,,,,,False,,,False,False,True,False,False,0.05,0.004443882343669732,0.004443882343669732,True,0.004443882343669732,-49.06126689402551,0,2.411635160446167
tcn_transformer_ae,293,1000,0.007720690220594406,0.004413274737695853,9,9,5,0.004443882343669732,0.004443882343669732,-49.06126689402551,0,0.0003,/home/danderety/Documents/GitHub/TCN_Transformer_anomaly_analizer/outputs/lo2/models/tcn_transformer_ae_seed44_best.pt,real_val_plus_val_synthetic,,,,,,,,,,,False,,,False,False,True,False,False,0.05,0.004413274737695853,0.004413274737695853,True,0.004413274737695853,-49.06126689402551,0,0.7157177925109863
tcn_transformer_ae,294,1000,0.0076958914287388325,0.004382857587188482,9,9,5,0.004413274737695853,0.004413274737695853,-49.06126689402551,0,0.0003,/home/danderety/Documents/GitHub/TCN_Transformer_anomaly_analizer/outputs/lo2/models/tcn_transformer_ae_seed44_best.pt,real_val_plus_val_synthetic,,,,,,,,,,,False,,,False,False,True,False,False,0.05,0.004382857587188482,0.004382857587188482,True,0.004382857587188482,-49.06126689402551,0,1.6376092433929443
tcn_transformer_ae,295,1000,0.0076120770536363125,0.004351424208531777,9,9,5,0.004382857587188482,0.004382857587188482,-49.06126689402551,0,0.0003,/home/danderety/Documents/GitHub/TCN_Transformer_anomaly_analizer/outputs/lo2/models/tcn_transformer_ae_seed44_best.pt,real_val_plus_val_synthetic,0.7368421052631579,0.4827586206896552,0.5833333333333334,15.0,45.0,2.2615332245826703,2.2615332245826703,-0.8248102664947511,False,quantile,True,2.294103682041167,-49.06126689402551,False,True,True,False,False,0.05,0.004351424208531777,0.004351424208531777,True,0.004351424208531777,-49.06126689402551,0,2.113351583480835
tcn_transformer_ae,296,1000,0.007564463187009096,0.004320897627621889,9,9,5,0.004351424208531777,0.004351424208531777,-49.06126689402551,0,0.0003,/home/danderety/Documents/GitHub/TCN_Transformer_anomaly_analizer/outputs/lo2/models/tcn_transformer_ae_seed44_best.pt,real_val_plus_val_synthetic,,,,,,,,,,,False,,,False,False,True,False,False,0.05,0.004320897627621889,0.004320897627621889,True,0.004320897627621889,-49.06126689402551,0,2.4979770183563232
tcn_transformer_ae,297,1000,0.007513414913167556,0.00429105789711078,9,9,5,0.004320897627621889,0.004320897627621889,-49.06126689402551,0,0.0003,/home/danderety/Documents/GitHub/TCN_Transformer_anomaly_analizer/outputs/lo2/models/tcn_transformer_ae_seed44_best.pt,real_val_plus_val_synthetic,,,,,,,,,,,False,,,False,False,True,False,False,0.05,0.00429105789711078,0.00429105789711078,True,0.00429105789711078,-49.06126689402551,0,0.6049344539642334
tcn_transformer_ae,298,1000,0.007454432702312867,0.0042625983866552515,9,9,5,0.00429105789711078,0.00429105789711078,-49.06126689402551,0,0.0003,/home/danderety/Documents/GitHub/TCN_Transformer_anomaly_analizer/outputs/lo2/models/tcn_transformer_ae_seed44_best.pt,real_val_plus_val_synthetic,,,,,,,,,,,False,,,False,False,True,False,False,0.05,0.0042625983866552515,0.0042625983866552515,True,0.0042625983866552515,-49.06126689402551,0,0.61319899559021
tcn_transformer_ae,299,1000,0.0073938014296193915,0.004234475704530875,9,9,5,0.0042625983866552515,0.0042625983866552515,-49.06126689402551,0,0.0003,/home/danderety/Documents/GitHub/TCN_Transformer_anomaly_analizer/outputs/lo2/models/tcn_transformer_ae_seed44_best.pt,real_val_plus_val_synthetic,,,,,,,,,,,False,,,False,False,True,False,False,0.05,0.004234475704530875,0.004234475704530875,True,0.004234475704530875,-49.06126689402551,0,0.6270959377288818
tcn_transformer_ae,300,1000,0.0073414941628774,0.004205894811699788,9,9,5,0.004234475704530875,0.004234475704530875,-49.06126689402551,0,0.0003,/home/danderety/Documents/GitHub/TCN_Transformer_anomaly_analizer/outputs/lo2/models/tcn_transformer_ae_seed44_best.pt,real_val_plus_val_synthetic,0.7368421052631579,0.4827586206896552,0.5833333333333334,15.0,45.0,2.2625904798507674,2.2625904798507674,-0.828141748905182,False,quantile,True,2.2615332245826703,-49.06126689402551,False,True,True,False,False,0.05,0.004205894811699788,0.004205894811699788,True,0.004205894811699788,-49.06126689402551,0,2.1049466133117676
tcn_transformer_ae,301,1000,0.007326905305186908,0.004177464637905359,9,9,5,0.004205894811699788,0.004205894811699788,-49.06126689402551,0,0.0003,/home/danderety/Documents/GitHub/TCN_Transformer_anomaly_analizer/outputs/lo2/models/tcn_transformer_ae_seed44_best.pt,real_val_plus_val_synthetic,,,,,,,,,,,False,,,False,False,True,False,False,0.05,0.004177464637905359,0.004177464637905359,True,0.004177464637905359,-49.06126689402551,0,2.522292375564575
tcn_transformer_ae,302,1000,0.007262455144276221,0.004149578046053648,9,9,5,0.004177464637905359,0.004177464637905359,-49.06126689402551,0,0.0003,/home/danderety/Documents/GitHub/TCN_Transformer_anomaly_analizer/outputs/lo2/models/tcn_transformer_ae_seed44_best.pt,real_val_plus_val_synthetic,,,,,,,,,,,False,,,False,False,True,False,False,0.05,0.004149578046053648,0.004149578046053648,True,0.004149578046053648,-49.06126689402551,0,0.6476120948791504
tcn_transformer_ae,303,1000,0.007201106597979863,0.004121817648410797,9,9,5,0.004149578046053648,0.004149578046053648,-49.06126689402551,0,0.0003,/home/danderety/Documents/GitHub/TCN_Transformer_anomaly_analizer/outputs/lo2/models/tcn_transformer_ae_seed44_best.pt,real_val_plus_val_synthetic,,,,,,,,,,,False,,,False,False,True,False,False,0.05,0.004121817648410797,0.004121817648410797,True,0.004121817648410797,-49.06126689402551,0,2.4412543773651123
tcn_transformer_ae,304,1000,0.0071479929611086845,0.004093987867236137,9,9,5,0.004121817648410797,0.004121817648410797,-49.06126689402551,0,0.0003,/home/danderety/Documents/GitHub/TCN_Transformer_anomaly_analizer/outputs/lo2/models/tcn_transformer_ae_seed44_best.pt,real_val_plus_val_synthetic,,,,,,,,,,,False,,,False,False,True,False,False,0.05,0.004093987867236137,0.004093987867236137,True,0.004093987867236137,-49.06126689402551,0,0.6064438819885254
tcn_transformer_ae,305,1000,0.0071311442491908865,0.004067040979862213,9,9,5,0.004093987867236137,0.004093987867236137,-49.06126689402551,0,0.0003,/home/danderety/Documents/GitHub/TCN_Transformer_anomaly_analizer/outputs/lo2/models/tcn_transformer_ae_seed44_best.pt,real_val_plus_val_synthetic,0.7368421052631579,0.4827586206896552,0.5833333333333334,15.0,45.0,2.2462047696113565,2.2462047696113565,-0.8261989951133729,False,quantile,True,2.2625904798507674,-49.06126689402551,False,True,True,False,False,0.05,0.004067040979862213,0.004067040979862213,True,0.004067040979862213,-49.06126689402551,0,2.152204990386963
tcn_transformer_ae,306,1000,0.007081983921428521,0.004039915899435679,9,9,5,0.004067040979862213,0.004067040979862213,-49.06126689402551,0,0.0003,/home/danderety/Documents/GitHub/TCN_Transformer_anomaly_analizer/outputs/lo2/models/tcn_transformer_ae_seed44_best.pt,real_val_plus_val_synthetic,,,,,,,,,,,False,,,False,False,True,False,False,0.05,0.004039915899435679,0.004039915899435679,True,0.004039915899435679,-49.06126689402551,0,2.5725338459014893
tcn_transformer_ae,307,1000,0.007021625836690267,0.004012986396749814,9,9,5,0.004039915899435679,0.004039915899435679,-49.06126689402551,0,0.0003,/home/danderety/Documents/GitHub/TCN_Transformer_anomaly_analizer/outputs/lo2/models/tcn_transformer_ae_seed44_best.pt,real_val_plus_val_synthetic,,,,,,,,,,,False,,,False,False,True,False,False,0.05,0.004012986396749814,0.004012986396749814,True,0.004012986396749814,-49.06126689402551,0,0.639164924621582
tcn_transformer_ae,308,1000,0.006973421511550744,0.003986551892012358,9,9,5,0.004012986396749814,0.004012986396749814,-49.06126689402551,0,0.0003,/home/danderety/Documents/GitHub/TCN_Transformer_anomaly_analizer/outputs/lo2/models/tcn_transformer_ae_seed44_best.pt,real_val_plus_val_synthetic,,,,,,,,,,,False,,,False,False,True,False,False,0.05,0.003986551892012358,0.003986551892012358,True,0.003986551892012358,-49.06126689402551,0,1.0139575004577637
tcn_transformer_ae,309,1000,0.006930723320692778,0.003961246305455764,9,9,5,0.003986551892012358,0.003986551892012358,-49.06126689402551,0,0.0003,/home/danderety/Documents/GitHub/TCN_Transformer_anomaly_analizer/outputs/lo2/models/tcn_transformer_ae_seed44_best.pt,real_val_plus_val_synthetic,,,,,,,,,,,False,,,False,False,True,False,False,0.05,0.003961246305455764,0.003961246305455764,True,0.003961246305455764,-49.06126689402551,0,2.2539987564086914
tcn_transformer_ae,310,1000,0.006870440828303496,0.003935844637453556,9,9,5,0.003961246305455764,0.003961246305455764,-49.06126689402551,0,0.0003,/home/danderety/Documents/GitHub/TCN_Transformer_anomaly_analizer/outputs/lo2/models/tcn_transformer_ae_seed44_best.pt,real_val_plus_val_synthetic,0.7368421052631579,0.4827586206896552,0.5833333333333334,15.0,45.0,2.2431974291801433,2.2431974291801433,-0.8291030526161195,False,quantile,True,2.2462047696113565,-49.06126689402551,False,True,True,False,False,0.05,0.003935844637453556,0.003935844637453556,True,0.003935844637453556,-49.06126689402551,0,2.176480531692505
tcn_transformer_ae,311,1000,0.006856154495229323,0.003910585849856337,9,9,5,0.003935844637453556,0.003935844637453556,-49.06126689402551,0,0.0003,/home/danderety/Documents/GitHub/TCN_Transformer_anomaly_analizer/outputs/lo2/models/tcn_transformer_ae_seed44_best.pt,real_val_plus_val_synthetic,,,,,,,,,,,False,,,False,False,True,False,False,0.05,0.003910585849856337,0.003910585849856337,True,0.003910585849856337,-49.06126689402551,0,2.6367857456207275
tcn_transformer_ae,312,1000,0.006839385100950797,0.003885239673157533,9,9,5,0.003910585849856337,0.003910585849856337,-49.06126689402551,0,0.0003,/home/danderety/Documents/GitHub/TCN_Transformer_anomaly_analizer/outputs/lo2/models/tcn_transformer_ae_seed44_best.pt,real_val_plus_val_synthetic,,,,,,,,,,,False,,,False,False,True,False,False,0.05,0.003885239673157533,0.003885239673157533,True,0.003885239673157533,-49.06126689402551,0,0.6398777961730957
tcn_transformer_ae,313,1000,0.0067951699408392114,0.003859658803169926,9,9,5,0.003885239673157533,0.003885239673157533,-49.06126689402551,0,0.0003,/home/danderety/Documents/GitHub/TCN_Transformer_anomaly_analizer/outputs/lo2/models/tcn_transformer_ae_seed44_best.pt,real_val_plus_val_synthetic,,,,,,,,,,,False,,,False,False,True,False,False,0.05,0.003859658803169926,0.003859658803169926,True,0.003859658803169926,-49.06126689402551,0,2.31960129737854
tcn_transformer_ae,314,1000,0.006709301844239235,0.003834325121715665,9,9,5,0.003859658803169926,0.003859658803169926,-49.06126689402551,0,0.0003,/home/danderety/Documents/GitHub/TCN_Transformer_anomaly_analizer/outputs/lo2/models/tcn_transformer_ae_seed44_best.pt,real_val_plus_val_synthetic,,,,,,,,,,,False,,,False,False,True,False,False,0.05,0.003834325121715665,0.003834325121715665,True,0.003834325121715665,-49.06126689402551,0,0.6475968360900879
tcn_transformer_ae,315,1000,0.0066932737827301025,0.003809850119675199,9,9,5,0.003834325121715665,0.003834325121715665,-49.06126689402551,0,0.0003,/home/danderety/Documents/GitHub/TCN_Transformer_anomaly_analizer/outputs/lo2/models/tcn_transformer_ae_seed44_best.pt,real_val_plus_val_synthetic,0.7368421052631579,0.4827586206896552,0.5833333333333334,15.0,45.0,2.2330550789833046,2.2330550789833046,-0.8358100056648256,False,quantile,True,2.2431974291801433,-49.06126689402551,False,True,True,False,False,0.05,0.003809850119675199,0.003809850119675199,True,0.003809850119675199,-49.06126689402551,0,2.0821783542633057
tcn_transformer_ae,316,1000,0.006631902419030666,0.0037859471049159765,9,9,5,0.003809850119675199,0.003809850119675199,-49.06126689402551,0,0.0003,/home/danderety/Documents/GitHub/TCN_Transformer_anomaly_analizer/outputs/lo2/models/tcn_transformer_ae_seed44_best.pt,real_val_plus_val_synthetic,,,,,,,,,,,False,,,False,False,True,False,False,0.05,0.0037859471049159765,0.0037859471049159765,True,0.0037859471049159765,-49.06126689402551,0,1.084094524383545
tcn_transformer_ae,317,1000,0.006612405801812808,0.0037620754446834326,9,9,5,0.0037859471049159765,0.0037859471049159765,-49.06126689402551,0,0.0003,/home/danderety/Documents/GitHub/TCN_Transformer_anomaly_analizer/outputs/lo2/models/tcn_transformer_ae_seed44_best.pt,real_val_plus_val_synthetic,,,,,,,,,,,False,,,False,False,True,False,False,0.05,0.0037620754446834326,0.0037620754446834326,True,0.0037620754446834326,-49.06126689402551,0,2.2302682399749756
tcn_transformer_ae,318,1000,0.006567005688945453,0.0037383673091729483,9,9,5,0.0037620754446834326,0.0037620754446834326,-49.06126689402551,0,0.0003,/home/danderety/Documents/GitHub/TCN_Transformer_anomaly_analizer/outputs/lo2/models/tcn_transformer_ae_seed44_best.pt,real_val_plus_val_synthetic,,,,,,,,,,,False,,,False,False,True,False,False,0.05,0.0037383673091729483,0.0037383673091729483,True,0.0037383673091729483,-49.06126689402551,0,1.5793726444244385
tcn_transformer_ae,319,1000,0.0065130678315957384,0.0037142164073884487,9,9,5,0.0037383673091729483,0.0037383673091729483,-49.06126689402551,0,0.0003,/home/danderety/Documents/GitHub/TCN_Transformer_anomaly_analizer/outputs/lo2/models/tcn_transformer_ae_seed44_best.pt,real_val_plus_val_synthetic,,,,,,,,,,,False,,,False,False,True,False,False,0.05,0.0037142164073884487,0.0037142164073884487,True,0.0037142164073884487,-49.06126689402551,0,1.1611766815185547
tcn_transformer_ae,320,1000,0.006480608445902665,0.003690556467821201,9,9,5,0.0037142164073884487,0.0037142164073884487,-49.06126689402551,0,0.0003,/home/danderety/Documents/GitHub/TCN_Transformer_anomaly_analizer/outputs/lo2/models/tcn_transformer_ae_seed44_best.pt,real_val_plus_val_synthetic,0.7368421052631579,0.4827586206896552,0.5833333333333334,15.0,45.0,2.235745632648466,2.235745632648466,-0.8382490873336793,False,quantile,True,2.2330550789833046,-49.06126689402551,False,True,True,False,False,0.05,0.003690556467821201,0.003690556467821201,True,0.003690556467821201,-49.06126689402551,0,2.2172603607177734
tcn_transformer_ae,321,1000,0.006480158772319555,0.0036674789929141602,9,9,5,0.003690556467821201,0.003690556467821201,-49.06126689402551,0,0.0003,/home/danderety/Documents/GitHub/TCN_Transformer_anomaly_analizer/outputs/lo2/models/tcn_transformer_ae_seed44_best.pt,real_val_plus_val_synthetic,,,,,,,,,,,False,,,False,False,True,False,False,0.05,0.0036674789929141602,0.0036674789929141602,True,0.0036674789929141602,-49.06126689402551,0,2.5521554946899414
tcn_transformer_ae,322,1000,0.006399183534085751,0.003645035050188502,9,9,5,0.0036674789929141602,0.0036674789929141602,-49.06126689402551,0,0.0003,/home/danderety/Documents/GitHub/TCN_Transformer_anomaly_analizer/outputs/lo2/models/tcn_transformer_ae_seed44_best.pt,real_val_plus_val_synthetic,,,,,,,,,,,False,,,False,False,True,False,False,0.05,0.003645035050188502,0.003645035050188502,True,0.003645035050188502,-49.06126689402551,0,0.6839408874511719
tcn_transformer_ae,323,1000,0.0063887364231050014,0.0036226947947094836,9,9,5,0.003645035050188502,0.003645035050188502,-49.06126689402551,0,0.0003,/home/danderety/Documents/GitHub/TCN_Transformer_anomaly_analizer/outputs/lo2/models/tcn_transformer_ae_seed44_best.pt,real_val_plus_val_synthetic,,,,,,,,,,,False,,,False,False,True,False,False,0.05,0.0036226947947094836,0.0036226947947094836,True,0.0036226947947094836,-49.06126689402551,0,1.9580063819885254
tcn_transformer_ae,324,1000,0.006323299836367369,0.003600134359051784,9,9,5,0.0036226947947094836,0.0036226947947094836,-49.06126689402551,0,0.0003,/home/danderety/Documents/GitHub/TCN_Transformer_anomaly_analizer/outputs/lo2/models/tcn_transformer_ae_seed44_best.pt,real_val_plus_val_synthetic,,,,,,,,,,,False,,,False,False,True,False,False,0.05,0.003600134359051784,0.003600134359051784,True,0.003600134359051784,-49.06126689402551,0,1.030672311782837
tcn_transformer_ae,325,1000,0.006313192968567212,0.003577888865644733,9,9,5,0.003600134359051784,0.003600134359051784,-49.06126689402551,0,0.0003,/home/danderety/Documents/GitHub/TCN_Transformer_anomaly_analizer/outputs/lo2/models/tcn_transformer_ae_seed44_best.pt,real_val_plus_val_synthetic,0.7368421052631579,0.4827586206896552,0.5833333333333334,15.0,45.0,2.231423437595365,2.231423437595365,-0.8384544849395753,False,quantile,True,2.235745632648466,-49.06126689402551,False,True,True,False,False,0.05,0.003577888865644733,0.003577888865644733,True,0.003577888865644733,-49.06126689402551,0,2.06060791015625
tcn_transformer_ae,326,1000,0.00622448930516839,0.00355615404744943,9,9,5,0.003577888865644733,0.003577888865644733,-49.06126689402551,0,0.0003,/home/danderety/Documents/GitHub/TCN_Transformer_anomaly_analizer/outputs/lo2/models/tcn_transformer_ae_seed44_best.pt,real_val_plus_val_synthetic,,,,,,,,,,,False,,,False,False,True,False,False,0.05,0.00355615404744943,0.00355615404744943,True,0.00355615404744943,-49.06126689402551,0,0.7088878154754639
tcn_transformer_ae,327,1000,0.006224708786855142,0.0035346148846050105,9,9,5,0.00355615404744943,0.00355615404744943,-49.06126689402551,0,0.0003,/home/danderety/Documents/GitHub/TCN_Transformer_anomaly_analizer/outputs/lo2/models/tcn_transformer_ae_seed44_best.pt,real_val_plus_val_synthetic,,,,,,,,,,,False,,,False,False,True,False,False,0.05,0.0035346148846050105,0.0035346148846050105,True,0.0035346148846050105,-49.06126689402551,0,2.637444019317627
tcn_transformer_ae,328,1000,0.00615506215641896,0.0035127649704615274,9,9,5,0.0035346148846050105,0.0035346148846050105,-49.06126689402551,0,0.0003,/home/danderety/Documents/GitHub/TCN_Transformer_anomaly_analizer/outputs/lo2/models/tcn_transformer_ae_seed44_best.pt,real_val_plus_val_synthetic,,,,,,,,,,,False,,,False,False,True,False,False,0.05,0.0035127649704615274,0.0035127649704615274,True,0.0035127649704615274,-49.06126689402551,0,0.6287946701049805
tcn_transformer_ae,329,1000,0.0061530495683352155,0.00349184467146794,9,9,5,0.0035127649704615274,0.0035127649704615274,-49.06126689402551,0,0.0003,/home/danderety/Documents/GitHub/TCN_Transformer_anomaly_analizer/outputs/lo2/models/tcn_transformer_ae_seed44_best.pt,real_val_plus_val_synthetic,,,,,,,,,,,False,,,False,False,True,False,False,0.05,0.00349184467146794,0.00349184467146794,True,0.00349184467146794,-49.06126689402551,0,2.320127248764038
tcn_transformer_ae,330,1000,0.006104600926240285,0.003471103496849537,9,9,5,0.00349184467146794,0.00349184467146794,-49.06126689402551,0,0.0003,/home/danderety/Documents/GitHub/TCN_Transformer_anomaly_analizer/outputs/lo2/models/tcn_transformer_ae_seed44_best.pt,real_val_plus_val_synthetic,0.7413793103448276,0.4942528735632184,0.593103448275862,15.0,44.0,2.2189143180847144,2.2189143180847144,-0.8375838398933412,False,quantile,True,2.231423437595365,-47.925059997473795,True,True,True,True,True,0.05,0.003471103496849537,0.003471103496849537,True,0.003471103496849537,-47.925059997473795,0,2.134817123413086
tcn_transformer_ae,331,1000,0.006061247860391934,0.003449734067544341,9,9,5,0.003471103496849537,0.003471103496849537,-47.925059997473795,0,0.0003,/home/danderety/Documents/GitHub/TCN_Transformer_anomaly_analizer/outputs/lo2/models/tcn_transformer_ae_seed44_best.pt,real_val_plus_val_synthetic,,,,,,,,,,,False,,,False,False,True,False,False,0.05,0.003449734067544341,0.003449734067544341,True,0.003449734067544341,-47.925059997473795,0,2.297712564468384
tcn_transformer_ae,332,1000,0.006014127905170123,0.003428388231744369,9,9,5,0.003449734067544341,0.003449734067544341,-47.925059997473795,0,0.0003,/home/danderety/Documents/GitHub/TCN_Transformer_anomaly_analizer/outputs/lo2/models/tcn_transformer_ae_seed44_best.pt,real_val_plus_val_synthetic,,,,,,,,,,,False,,,False,False,True,False,False,0.05,0.003428388231744369,0.003428388231744369,True,0.003428388231744369,-47.925059997473795,0,0.6060340404510498
tcn_transformer_ae,333,1000,0.006000566141059001,0.0034075305641939244,9,9,5,0.003428388231744369,0.003428388231744369,-47.925059997473795,0,0.0003,/home/danderety/Documents/GitHub/TCN_Transformer_anomaly_analizer/outputs/lo2/models/tcn_transformer_ae_seed44_best.pt,real_val_plus_val_synthetic,,,,,,,,,,,False,,,False,False,True,False,False,0.05,0.0034075305641939244,0.0034075305641939244,True,0.0034075305641939244,-47.925059997473795,0,0.615515947341919
tcn_transformer_ae,334,1000,0.005924537157018979,0.003387194204454621,9,9,5,0.0034075305641939244,0.0034075305641939244,-47.925059997473795,0,0.0003,/home/danderety/Documents/GitHub/TCN_Transformer_anomaly_analizer/outputs/lo2/models/tcn_transformer_ae_seed44_best.pt,real_val_plus_val_synthetic,,,,,,,,,,,False,,,False,False,True,False,False,0.05,0.003387194204454621,0.003387194204454621,True,0.003387194204454621,-47.925059997473795,0,0.617180585861206
tcn_transformer_ae,335,1000,0.005929107312113047,0.003367324204494556,9,9,5,0.003387194204454621,0.003387194204454621,-47.925059997473795,0,0.0003,/home/danderety/Documents/GitHub/TCN_Transformer_anomaly_analizer/outputs/lo2/models/tcn_transformer_ae_seed44_best.pt,real_val_plus_val_synthetic,0.7413793103448276,0.4942528735632184,0.593103448275862,15.0,44.0,2.224846625328062,2.224846625328062,-0.8382956385612489,False,quantile,True,2.2189143180847144,-47.925059997473795,False,True,True,False,False,0.05,0.003367324204494556,0.003367324204494556,True,0.003367324204494556,-47.925059997473795,0,2.1503517627716064
tcn_transformer_ae,336,1000,0.005882190850873788,0.0033477021691699824,9,9,5,0.003367324204494556,0.003367324204494556,-47.925059997473795,0,0.0003,/home/danderety/Documents/GitHub/TCN_Transformer_anomaly_analizer/outputs/lo2/models/tcn_transformer_ae_seed44_best.pt,real_val_plus_val_synthetic,,,,,,,,,,,False,,,False,False,True,False,False,0.05,0.0033477021691699824,0.0033477021691699824,True,0.0033477021691699824,-47.925059997473795,0,1.2735581398010254
tcn_transformer_ae,337,1000,0.005866380563626687,0.0033279596051822105,9,9,5,0.0033477021691699824,0.0033477021691699824,-47.925059997473795,0,0.0003,/home/danderety/Documents/GitHub/TCN_Transformer_anomaly_analizer/outputs/lo2/models/tcn_transformer_ae_seed44_best.pt,real_val_plus_val_synthetic,,,,,,,,,,,False,,,False,False,True,False,False,0.05,0.0033279596051822105,0.0033279596051822105,True,0.0033279596051822105,-47.925059997473795,0,1.2533578872680664
tcn_transformer_ae,338,1000,0.005823696963489056,0.0033077853731811047,9,9,5,0.0033279596051822105,0.0033279596051822105,-47.925059997473795,0,0.0003,/home/danderety/Documents/GitHub/TCN_Transformer_anomaly_analizer/outputs/lo2/models/tcn_transformer_ae_seed44_best.pt,real_val_plus_val_synthetic,,,,,,,,,,,False,,,False,False,True,False,False,0.05,0.0033077853731811047,0.0033077853731811047,True,0.0033077853731811047,-47.925059997473795,0,2.112203359603882
tcn_transformer_ae,339,1000,0.005797241814434528,0.003287935551876823,9,9,5,0.0033077853731811047,0.0033077853731811047,-47.925059997473795,0,0.0003,/home/danderety/Documents/GitHub/TCN_Transformer_anomaly_analizer/outputs/lo2/models/tcn_transformer_ae_seed44_best.pt,real_val_plus_val_synthetic,,,,,,,,,,,False,,,False,False,True,False,False,0.05,0.003287935551876823,0.003287935551876823,True,0.003287935551876823,-47.925059997473795,0,1.144911289215088
tcn_transformer_ae,340,1000,0.0057585082637767,0.003268423800667127,9,9,5,0.003287935551876823,0.003287935551876823,-47.925059997473795,0,0.0003,/home/danderety/Documents/GitHub/TCN_Transformer_anomaly_analizer/outputs/lo2/models/tcn_transformer_ae_seed44_best.pt,real_val_plus_val_synthetic,0.7413793103448276,0.4942528735632184,0.593103448275862,15.0,44.0,2.2294976830482467,2.2294976830482467,-0.8400972485542298,False,quantile,True,2.224846625328062,-47.925059997473795,False,True,True,False,False,0.05,0.003268423800667127,0.003268423800667127,True,0.003268423800667127,-47.925059997473795,0,2.146825075149536
tcn_transformer_ae,341,1000,0.005716486678769191,0.003249376080930233,9,9,5,0.003268423800667127,0.003268423800667127,-47.925059997473795,0,0.0003,/home/danderety/Documents/GitHub/TCN_Transformer_anomaly_analizer/outputs/lo2/models/tcn_transformer_ae_seed44_best.pt,real_val_plus_val_synthetic,,,,,,,,,,,False,,,False,False,True,False,False,0.05,0.003249376080930233,0.003249376080930233,True,0.003249376080930233,-47.925059997473795,0,1.5269629955291748
tcn_transformer_ae,342,1000,0.005712563171982765,0.003230776016910871,9,9,5,0.003249376080930233,0.003249376080930233,-47.925059997473795,0,0.0003,/home/danderety/Documents/GitHub/TCN_Transformer_anomaly_analizer/outputs/lo2/models/tcn_transformer_ae_seed44_best.pt,real_val_plus_val_synthetic,,,,,,,,,,,False,,,False,False,True,False,False,0.05,0.003230776016910871,0.003230776016910871,True,0.003230776016910871,-47.925059997473795,0,1.2888572216033936
tcn_transformer_ae,343,1000,0.005681232083588839,0.003212407696992159,9,9,5,0.003230776016910871,0.003230776016910871,-47.925059997473795,0,0.0003,/home/danderety/Documents/GitHub/TCN_Transformer_anomaly_analizer/outputs/lo2/models/tcn_transformer_ae_seed44_best.pt,real_val_plus_val_synthetic,,,,,,,,,,,False,,,False,False,True,False,False,0.05,0.003212407696992159,0.003212407696992159,True,0.003212407696992159,-47.925059997473795,0,2.072260856628418
tcn_transformer_ae,344,1000,0.005615888629108667,0.0031937089127798877,9,9,5,0.003212407696992159,0.003212407696992159,-47.925059997473795,0,0.0003,/home/danderety/Documents/GitHub/TCN_Transformer_anomaly_analizer/outputs/lo2/models/tcn_transformer_ae_seed44_best.pt,real_val_plus_val_synthetic,,,,,,,,,,,False,,,False,False,True,False,False,0.05,0.0031937089127798877,0.0031937089127798877,True,0.0031937089127798877,-47.925059997473795,0,0.6064798831939697
tcn_transformer_ae,345,1000,0.005604278761893511,0.0031748878148694835,9,9,5,0.0031937089127798877,0.0031937089127798877,-47.925059997473795,0,0.0003,/home/danderety/Documents/GitHub/TCN_Transformer_anomaly_analizer/outputs/lo2/models/tcn_transformer_ae_seed44_best.pt,real_val_plus_val_synthetic,0.7413793103448276,0.4942528735632184,0.593103448275862,15.0,44.0,2.221446943283079,2.221446943283079,-0.8399352431297303,False,quantile,True,2.2294976830482467,-47.925059997473795,False,True,True,False,False,0.05,0.0031748878148694835,0.0031748878148694835,True,0.0031748878148694835,-47.925059997473795,0,2.1191065311431885
tcn_transformer_ae,346,1000,0.0055930268329878645,0.0031563537971427045,9,9,5,0.0031748878148694835,0.0031748878148694835,-47.925059997473795,0,0.0003,/home/danderety/Documents/GitHub/TCN_Transformer_anomaly_analizer/outputs/lo2/models/tcn_transformer_ae_seed44_best.pt,real_val_plus_val_synthetic,,,,,,,,,,,False,,,False,False,True,False,False,0.05,0.0031563537971427045,0.0031563537971427045,True,0.0031563537971427045,-47.925059997473795,0,2.537707805633545
tcn_transformer_ae,347,1000,0.005539819753418366,0.003138367629920443,9,9,5,0.0031563537971427045,0.0031563537971427045,-47.925059997473795,0,0.0003,/home/danderety/Documents/GitHub/TCN_Transformer_anomaly_analizer/outputs/lo2/models/tcn_transformer_ae_seed44_best.pt,real_val_plus_val_synthetic,,,,,,,,,,,False,,,False,False,True,False,False,0.05,0.003138367629920443,0.003138367629920443,True,0.003138367629920443,-47.925059997473795,0,0.6395952701568604
tcn_transformer_ae,348,1000,0.005506762303411961,0.0031206022637585797,9,9,5,0.003138367629920443,0.003138367629920443,-47.925059997473795,0,0.0003,/home/danderety/Documents/GitHub/TCN_Transformer_anomaly_analizer/outputs/lo2/models/tcn_transformer_ae_seed44_best.pt,real_val_plus_val_synthetic,,,,,,,,,,,False,,,False,False,True,False,False,0.05,0.0031206022637585797,0.0031206022637585797,True,0.0031206022637585797,-47.925059997473795,0,0.6281599998474121
tcn_transformer_ae,349,1000,0.005477246983597676,0.0031029241314778724,9,9,5,0.0031206022637585797,0.0031206022637585797,-47.925059997473795,0,0.0003,/home/danderety/Documents/GitHub/TCN_Transformer_anomaly_analizer/outputs/lo2/models/tcn_transformer_ae_seed44_best.pt,real_val_plus_val_synthetic,,,,,,,,,,,False,,,False,False,True,False,False,0.05,0.0031029241314778724,0.0031029241314778724,True,0.0031029241314778724,-47.925059997473795,0,0.8333356380462646
tcn_transformer_ae,350,1000,0.005455221515148878,0.003085306535164515,9,9,5,0.0031029241314778724,0.0031029241314778724,-47.925059997473795,0,0.0003,/home/danderety/Documents/GitHub/TCN_Transformer_anomaly_analizer/outputs/lo2/models/tcn_transformer_ae_seed44_best.pt,real_val_plus_val_synthetic,0.7413793103448276,0.4942528735632184,0.593103448275862,15.0,44.0,2.21341607570648,2.21341607570648,-0.8419929146766664,False,quantile,True,2.221446943283079,-47.925059997473795,False,True,True,False,False,0.05,0.003085306535164515,0.003085306535164515,True,0.003085306535164515,-47.925059997473795,0,2.1086792945861816
tcn_transformer_ae,351,1000,0.005410974224408467,0.0030675881231824556,9,9,5,0.003085306535164515,0.003085306535164515,-47.925059997473795,0,0.0003,/home/danderety/Documents/GitHub/TCN_Transformer_anomaly_analizer/outputs/lo2/models/tcn_transformer_ae_seed44_best.pt,real_val_plus_val_synthetic,,,,,,,,,,,False,,,False,False,True,False,False,0.05,0.0030675881231824556,0.0030675881231824556,True,0.0030675881231824556,-47.925059997473795,0,2.3411686420440674
tcn_transformer_ae,352,1000,0.005379040725529194,0.0030501131744434438,9,9,5,0.0030675881231824556,0.0030675881231824556,-47.925059997473795,0,0.0003,/home/danderety/Documents/GitHub/TCN_Transformer_anomaly_analizer/outputs/lo2/models/tcn_transformer_ae_seed44_best.pt,real_val_plus_val_synthetic,,,,,,,,,,,False,,,False,False,True,False,False,0.05,0.0030501131744434438,0.0030501131744434438,True,0.0030501131744434438,-47.925059997473795,0,0.6101083755493164
tcn_transformer_ae,353,1000,0.005357032952209313,0.003032838925719261,9,9,5,0.0030501131744434438,0.0030501131744434438,-47.925059997473795,0,0.0003,/home/danderety/Documents/GitHub/TCN_Transformer_anomaly_analizer/outputs/lo2/models/tcn_transformer_ae_seed44_best.pt,real_val_plus_val_synthetic,,,,,,,,,,,False,,,False,False,True,False,False,0.05,0.003032838925719261,0.003032838925719261,True,0.003032838925719261,-47.925059997473795,0,0.6174819469451904
tcn_transformer_ae,354,1000,0.005325317227592071,0.0030154924218853316,9,9,5,0.003032838925719261,0.003032838925719261,-47.925059997473795,0,0.0003,/home/danderety/Documents/GitHub/TCN_Transformer_anomaly_analizer/outputs/lo2/models/tcn_transformer_ae_seed44_best.pt,real_val_plus_val_synthetic,,,,,,,,,,,False,,,False,False,True,False,False,0.05,0.0030154924218853316,0.0030154924218853316,True,0.0030154924218853316,-47.925059997473795,0,0.6098942756652832
tcn_transformer_ae,355,1000,0.005282408092170954,0.0029984133628507457,9,9,5,0.0030154924218853316,0.0030154924218853316,-47.925059997473795,0,0.0003,/home/danderety/Documents/GitHub/TCN_Transformer_anomaly_analizer/outputs/lo2/models/tcn_transformer_ae_seed44_best.pt,real_val_plus_val_synthetic,0.7413793103448276,0.4942528735632184,0.593103448275862,15.0,44.0,2.1958478450775125,2.1958478450775125,-0.8434906601905824,False,quantile,True,2.21341607570648,-47.925059997473795,False,True,True,False,False,0.05,0.0029984133628507457,0.0029984133628507457,True,0.0029984133628507457,-47.925059997473795,0,2.0707473754882812
tcn_transformer_ae,356,1000,0.005273598401496808,0.0029816205302874246,9,9,5,0.0029984133628507457,0.0029984133628507457,-47.925059997473795,0,0.0003,/home/danderety/Documents/GitHub/TCN_Transformer_anomaly_analizer/outputs/lo2/models/tcn_transformer_ae_seed44_best.pt,real_val_plus_val_synthetic,,,,,,,,,,,False,,,False,False,True,False,False,0.05,0.0029816205302874246,0.0029816205302874246,True,0.0029816205302874246,-47.925059997473795,0,0.6921813488006592
tcn_transformer_ae,357,1000,0.005259306480487187,0.0029654004611074924,9,9,5,0.0029816205302874246,0.0029816205302874246,-47.925059997473795,0,0.0003,/home/danderety/Documents/GitHub/TCN_Transformer_anomaly_analizer/outputs/lo2/models/tcn_transformer_ae_seed44_best.pt,real_val_plus_val_synthetic,,,,,,,,,,,False,,,False,False,True,False,False,0.05,0.0029654004611074924,0.0029654004611074924,True,0.0029654004611074924,-47.925059997473795,0,2.57228684425354
tcn_transformer_ae,358,1000,0.0052108424715697765,0.002949213686709603,9,9,5,0.0029654004611074924,0.0029654004611074924,-47.925059997473795,0,0.0003,/home/danderety/Documents/GitHub/TCN_Transformer_anomaly_analizer/outputs/lo2/models/tcn_transformer_ae_seed44_best.pt,real_val_plus_val_synthetic,,,,,,,,,,,False,,,False,False,True,False,False,0.05,0.002949213686709603,0.002949213686709603,True,0.002949213686709603,-47.925059997473795,0,0.6513798236846924
tcn_transformer_ae,359,1000,0.005205328110605478,0.002933133471136292,9,9,5,0.002949213686709603,0.002949213686709603,-47.925059997473795,0,0.0003,/home/danderety/Documents/GitHub/TCN_Transformer_anomaly_analizer/outputs/lo2/models/tcn_transformer_ae_seed44_best.pt,real_val_plus_val_synthetic,,,,,,,,,,,False,,,False,False,True,False,False,0.05,0.002933133471136292,0.002933133471136292,True,0.002933133471136292,-47.925059997473795,0,0.6399304866790771
tcn_transformer_ae,360,1000,0.005163818132132292,0.0029167047856996455,9,9,5,0.002933133471136292,0.002933133471136292,-47.925059997473795,0,0.0003,/home/danderety/Documents/GitHub/TCN_Transformer_anomaly_analizer/outputs/lo2/models/tcn_transformer_ae_seed44_best.pt,real_val_plus_val_synthetic,0.7413793103448276,0.4942528735632184,0.593103448275862,15.0,44.0,2.191262733936308,2.191262733936308,-0.8364423513412477,False,quantile,True,2.1958478450775125,-47.925059997473795,False,True,True,False,False,0.05,0.0029167047856996455,0.0029167047856996455,True,0.0029167047856996455,-47.925059997473795,0,2.149698257446289
tcn_transformer_ae,361,1000,0.005154960012684266,0.0029000936386485896,9,9,5,0.0029167047856996455,0.0029167047856996455,-47.925059997473795,0,0.0003,/home/danderety/Documents/GitHub/TCN_Transformer_anomaly_analizer/outputs/lo2/models/tcn_transformer_ae_seed44_best.pt,real_val_plus_val_synthetic,,,,,,,,,,,False,,,False,False,True,False,False,0.05,0.0029000936386485896,0.0029000936386485896,True,0.0029000936386485896,-47.925059997473795,0,2.3887596130371094
tcn_transformer_ae,362,1000,0.005114557842413585,0.002883465106909474,9,9,5,0.0029000936386485896,0.0029000936386485896,-47.925059997473795,0,0.0003,/home/danderety/Documents/GitHub/TCN_Transformer_anomaly_analizer/outputs/lo2/models/tcn_transformer_ae_seed44_best.pt,real_val_plus_val_synthetic,,,,,,,,,,,False,,,False,False,True,False,False,0.05,0.002883465106909474,0.002883465106909474,True,0.002883465106909474,-47.925059997473795,0,0.602736234664917
tcn_transformer_ae,363,1000,0.005084528122097254,0.002867528780673941,9,9,5,0.002883465106909474,0.002883465106909474,-47.925059997473795,0,0.0003,/home/danderety/Documents/GitHub/TCN_Transformer_anomaly_analizer/outputs/lo2/models/tcn_transformer_ae_seed44_best.pt,real_val_plus_val_synthetic,,,,,,,,,,,False,,,False,False,True,False,False,0.05,0.002867528780673941,0.002867528780673941,True,0.002867528780673941,-47.925059997473795,0,0.6213297843933105
tcn_transformer_ae,364,1000,0.0050391800080736475,0.00285200720342497,9,9,5,0.002867528780673941,0.002867528780673941,-47.925059997473795,0,0.0003,/home/danderety/Documents/GitHub/TCN_Transformer_anomaly_analizer/outputs/lo2/models/tcn_transformer_ae_seed44_best.pt,real_val_plus_val_synthetic,,,,,,,,,,,False,,,False,False,True,False,False,0.05,0.00285200720342497,0.00285200720342497,True,0.00285200720342497,-47.925059997473795,0,0.6188247203826904
tcn_transformer_ae,365,1000,0.0050102515767018,0.002836738790695866,9,9,5,0.00285200720342497,0.00285200720342497,-47.925059997473795,0,0.0003,/home/danderety/Documents/GitHub/TCN_Transformer_anomaly_analizer/outputs/lo2/models/tcn_transformer_ae_seed44_best.pt,real_val_plus_val_synthetic,0.7413793103448276,0.4942528735632184,0.593103448275862,15.0,44.0,2.194930219650267,2.194930219650267,-0.8389766812324525,False,quantile,True,2.191262733936308,-47.925059997473795,False,True,True,False,False,0.05,0.002836738790695866,0.002836738790695866,True,0.002836738790695866,-47.925059997473795,0,2.1252641677856445
tcn_transformer_ae,366,1000,0.005009159135321776,0.002821526024490595,9,9,5,0.002836738790695866,0.002836738790695866,-47.925059997473795,0,0.0003,/home/danderety/Documents/GitHub/TCN_Transformer_anomaly_analizer/outputs/lo2/models/tcn_transformer_ae_seed44_best.pt,real_val_plus_val_synthetic,,,,,,,,,,,False,,,False,False,True,False,False,0.05,0.002821526024490595,0.002821526024490595,True,0.002821526024490595,-47.925059997473795,0,2.3117294311523438
tcn_transformer_ae,367,1000,0.004963224908957879,0.0028061247430741787,9,9,5,0.002821526024490595,0.002821526024490595,-47.925059997473795,0,0.0003,/home/danderety/Documents/GitHub/TCN_Transformer_anomaly_analizer/outputs/lo2/models/tcn_transformer_ae_seed44_best.pt,real_val_plus_val_synthetic,,,,,,,,,,,False,,,False,False,True,False,False,0.05,0.0028061247430741787,0.0028061247430741787,True,0.0028061247430741787,-47.925059997473795,0,0.6110084056854248
tcn_transformer_ae,368,1000,0.004962276356915633,0.0027906726269672313,9,9,5,0.0028061247430741787,0.0028061247430741787,-47.925059997473795,0,0.0003,/home/danderety/Documents/GitHub/TCN_Transformer_anomaly_analizer/outputs/lo2/models/tcn_transformer_ae_seed44_best.pt,real_val_plus_val_synthetic,,,,,,,,,,,False,,,False,False,True,False,False,0.05,0.0027906726269672313,0.0027906726269672313,True,0.0027906726269672313,-47.925059997473795,0,0.6112759113311768
tcn_transformer_ae,369,1000,0.004926887806504965,0.002775556563089291,9,9,5,0.0027906726269672313,0.0027906726269672313,-47.925059997473795,0,0.0003,/home/danderety/Documents/GitHub/TCN_Transformer_anomaly_analizer/outputs/lo2/models/tcn_transformer_ae_seed44_best.pt,real_val_plus_val_synthetic,,,,,,,,,,,False,,,False,False,True,False,False,0.05,0.002775556563089291,0.002775556563089291,True,0.002775556563089291,-47.925059997473795,0,0.6477639675140381
tcn_transformer_ae,370,1000,0.004856304420779149,0.0027605172557135424,9,9,5,0.002775556563089291,0.002775556563089291,-47.925059997473795,0,0.0003,/home/danderety/Documents/GitHub/TCN_Transformer_anomaly_analizer/outputs/lo2/models/tcn_transformer_ae_seed44_best.pt,real_val_plus_val_synthetic,0.7413793103448276,0.4942528735632184,0.593103448275862,15.0,44.0,2.1815716862678514,2.1815716862678514,-0.8373669385910035,False,quantile,True,2.194930219650267,-47.925059997473795,False,True,True,False,False,0.05,0.0027605172557135424,0.0027605172557135424,True,0.0027605172557135424,-47.925059997473795,0,2.1435317993164062
tcn_transformer_ae,371,1000,0.0048537069621185465,0.0027457949860642352,9,9,5,0.0027605172557135424,0.0027605172557135424,-47.925059997473795,0,0.0003,/home/danderety/Documents/GitHub/TCN_Transformer_anomaly_analizer/outputs/lo2/models/tcn_transformer_ae_seed44_best.pt,real_val_plus_val_synthetic,,,,,,,,,,,False,,,False,False,True,False,False,0.05,0.0027457949860642352,0.0027457949860642352,True,0.0027457949860642352,-47.925059997473795,0,2.1201043128967285
tcn_transformer_ae,372,1000,0.004815845595051845,0.0027313129200289645,9,9,5,0.0027457949860642352,0.0027457949860642352,-47.925059997473795,0,0.0003,/home/danderety/Documents/GitHub/TCN_Transformer_anomaly_analizer/outputs/lo2/models/tcn_transformer_ae_seed44_best.pt,real_val_plus_val_synthetic,,,,,,,,,,,False,,,False,False,True,False,False,0.05,0.0027313129200289645,0.0027313129200289645,True,0.0027313129200289645,-47.925059997473795,0,0.8468730449676514
tcn_transformer_ae,373,1000,0.004843994975090027,0.002716961083933711,9,9,5,0.0027313129200289645,0.0027313129200289645,-47.925059997473795,0,0.0003,/home/danderety/Documents/GitHub/TCN_Transformer_anomaly_analizer/outputs/lo2/models/tcn_transformer_ae_seed44_best.pt,real_val_plus_val_synthetic,,,,,,,,,,,False,,,False,False,True,False,False,0.05,0.002716961083933711,0.002716961083933711,True,0.002716961083933711,-47.925059997473795,0,1.3974192142486572
tcn_transformer_ae,374,1000,0.004786565899848938,0.0027023795216033855,9,9,5,0.002716961083933711,0.002716961083933711,-47.925059997473795,0,0.0003,/home/danderety/Documents/GitHub/TCN_Transformer_anomaly_analizer/outputs/lo2/models/tcn_transformer_ae_seed44_best.pt,real_val_plus_val_synthetic,,,,,,,,,,,False,,,False,False,True,False,False,0.05,0.0027023795216033855,0.0027023795216033855,True,0.0027023795216033855,-47.925059997473795,0,1.2575385570526123
tcn_transformer_ae,375,1000,0.004766894193987052,0.002687723065416018,9,9,5,0.0027023795216033855,0.0027023795216033855,-47.925059997473795,0,0.0003,/home/danderety/Documents/GitHub/TCN_Transformer_anomaly_analizer/outputs/lo2/models/tcn_transformer_ae_seed44_best.pt,real_val_plus_val_synthetic,0.7413793103448276,0.4942528735632184,0.593103448275862,15.0,44.0,2.187382733821867,2.187382733821867,-0.8406531810760499,False,quantile,True,2.1815716862678514,-47.925059997473795,False,True,True,False,False,0.05,0.002687723065416018,0.002687723065416018,True,0.002687723065416018,-47.925059997473795,0,2.162109136581421
tcn_transformer_ae,376,1000,0.004746496366957824,0.002673248527571559,9,9,5,0.002687723065416018,0.002687723065416018,-47.925059997473795,0,0.0003,/home/danderety/Documents/GitHub/TCN_Transformer_anomaly_analizer/outputs/lo2/models/tcn_transformer_ae_seed44_best.pt,real_val_plus_val_synthetic,,,,,,,,,,,False,,,False,False,True,False,False,0.05,0.002673248527571559,0.002673248527571559,True,0.002673248527571559,-47.925059997473795,0,2.0405263900756836
tcn_transformer_ae,377,1000,0.004723198711872101,0.0026589841581881046,9,9,5,0.002673248527571559,0.002673248527571559,-47.925059997473795,0,0.0003,/home/danderety/Documents/GitHub/TCN_Transformer_anomaly_analizer/outputs/lo2/models/tcn_transformer_ae_seed44_best.pt,real_val_plus_val_synthetic,,,,,,,,,,,False,,,False,False,True,False,False,0.05,0.0026589841581881046,0.0026589841581881046,True,0.0026589841581881046,-47.925059997473795,0,0.7647037506103516
tcn_transformer_ae,378,1000,0.0046582600722710294,0.002645273537685474,9,9,5,0.0026589841581881046,0.0026589841581881046,-47.925059997473795,0,0.0003,/home/danderety/Documents/GitHub/TCN_Transformer_anomaly_analizer/outputs/lo2/models/tcn_transformer_ae_seed44_best.pt,real_val_plus_val_synthetic,,,,,,,,,,,False,,,False,False,True,False,False,0.05,0.002645273537685474,0.002645273537685474,True,0.002645273537685474,-47.925059997473795,0,0.6303620338439941
tcn_transformer_ae,379,1000,0.004653051805992921,0.002631957409903407,9,9,5,0.002645273537685474,0.002645273537685474,-47.925059997473795,0,0.0003,/home/danderety/Documents/GitHub/TCN_Transformer_anomaly_analizer/outputs/lo2/models/tcn_transformer_ae_seed44_best.pt,real_val_plus_val_synthetic,,,,,,,,,,,False,,,False,False,True,False,False,0.05,0.002631957409903407,0.002631957409903407,True,0.002631957409903407,-47.925059997473795,0,0.6490166187286377
tcn_transformer_ae,380,1000,0.004640417949606975,0.002618440038835009,9,9,5,0.002631957409903407,0.002631957409903407,-47.925059997473795,0,0.0003,/home/danderety/Documents/GitHub/TCN_Transformer_anomaly_analizer/outputs/lo2/models/tcn_transformer_ae_seed44_best.pt,real_val_plus_val_synthetic,0.7413793103448276,0.4942528735632184,0.593103448275862,15.0,44.0,2.1777107238769515,2.1777107238769515,-0.8374868035316468,False,quantile,True,2.187382733821867,-47.925059997473795,False,True,True,False,False,0.05,0.002618440038835009,0.002618440038835009,True,0.002618440038835009,-47.925059997473795,0,2.1370368003845215
tcn_transformer_ae,381,1000,0.004634272151937087,0.0026044456753879786,9,9,5,0.002618440038835009,0.002618440038835009,-47.925059997473795,0,0.0003,/home/danderety/Documents/GitHub/TCN_Transformer_anomaly_analizer/outputs/lo2/models/tcn_transformer_ae_seed44_best.pt,real_val_plus_val_synthetic,,,,,,,,,,,False,,,False,False,True,False,False,0.05,0.0026044456753879786,0.0026044456753879786,True,0.0026044456753879786,-47.925059997473795,0,2.556379795074463
tcn_transformer_ae,382,1000,0.004601714511712392,0.0025906517015149197,9,9,5,0.0026044456753879786,0.0026044456753879786,-47.925059997473795,0,0.0003,/home/danderety/Documents/GitHub/TCN_Transformer_anomaly_analizer/outputs/lo2/models/tcn_transformer_ae_seed44_best.pt,real_val_plus_val_synthetic,,,,,,,,,,,False,,,False,False,True,False,False,0.05,0.0025906517015149197,0.0025906517015149197,True,0.0025906517015149197,-47.925059997473795,0,0.6368045806884766
tcn_transformer_ae,383,1000,0.004579159275939067,0.002576846551770965,9,9,5,0.0025906517015149197,0.0025906517015149197,-47.925059997473795,0,0.0003,/home/danderety/Documents/GitHub/TCN_Transformer_anomaly_analizer/outputs/lo2/models/tcn_transformer_ae_seed44_best.pt,real_val_plus_val_synthetic,,,,,,,,,,,False,,,False,False,True,False,False,0.05,0.002576846551770965,0.002576846551770965,True,0.002576846551770965,-47.925059997473795,0,0.6350529193878174
tcn_transformer_ae,384,1000,0.004556224370996158,0.0025635596830397844,9,9,5,0.002576846551770965,0.002576846551770965,-47.925059997473795,0,0.0003,/home/danderety/Documents/GitHub/TCN_Transformer_anomaly_analizer/outputs/lo2/models/tcn_transformer_ae_seed44_best.pt,real_val_plus_val_synthetic,,,,,,,,,,,False,,,False,False,True,False,False,0.05,0.0025635596830397844,0.0025635596830397844,True,0.0025635596830397844,-47.925059997473795,0,0.6062920093536377
tcn_transformer_ae,385,1000,0.004515140162159999,0.0025506988943864903,9,9,5,0.0025635596830397844,0.0025635596830397844,-47.925059997473795,0,0.0003,/home/danderety/Documents/GitHub/TCN_Transformer_anomaly_analizer/outputs/lo2/models/tcn_transformer_ae_seed44_best.pt,real_val_plus_val_synthetic,0.7413793103448276,0.4942528735632184,0.593103448275862,15.0,44.0,2.1719506025314317,2.1719506025314317,-0.8360658884048463,False,quantile,True,2.1777107238769515,-47.925059997473795,False,True,True,False,False,0.05,0.0025506988943864903,0.0025506988943864903,True,0.0025506988943864903,-47.925059997473795,0,2.0841188430786133
tcn_transformer_ae,386,1000,0.0044995518401265144,0.0025377857964485884,9,9,5,0.0025506988943864903,0.0025506988943864903,-47.925059997473795,0,0.0003,/home/danderety/Documents/GitHub/TCN_Transformer_anomaly_analizer/outputs/lo2/models/tcn_transformer_ae_seed44_best.pt,real_val_plus_val_synthetic,,,,,,,,,,,False,,,False,False,True,False,False,0.05,0.0025377857964485884,0.0025377857964485884,True,0.0025377857964485884,-47.925059997473795,0,0.6628456115722656
tcn_transformer_ae,387,1000,0.004494888242334127,0.0025248194579035044,9,9,5,0.0025377857964485884,0.0025377857964485884,-47.925059997473795,0,0.0003,/home/danderety/Documents/GitHub/TCN_Transformer_anomaly_analizer/outputs/lo2/models/tcn_transformer_ae_seed44_best.pt,real_val_plus_val_synthetic,,,,,,,,,,,False,,,False,False,True,False,False,0.05,0.0025248194579035044,0.0025248194579035044,True,0.0025248194579035044,-47.925059997473795,0,2.1843583583831787
tcn_transformer_ae,388,1000,0.004471303119013707,0.002511618658900261,9,9,5,0.0025248194579035044,0.0025248194579035044,-47.925059997473795,0,0.0003,/home/danderety/Documents/GitHub/TCN_Transformer_anomaly_analizer/outputs/lo2/models/tcn_transformer_ae_seed44_best.pt,real_val_plus_val_synthetic,,,,,,,,,,,False,,,False,False,True,False,False,0.05,0.002511618658900261,0.002511618658900261,True,0.002511618658900261,-47.925059997473795,0,0.7578833103179932
tcn_transformer_ae,389,1000,0.004463127659012874,0.002498535361761848,9,9,5,0.002511618658900261,0.002511618658900261,-47.925059997473795,0,0.0003,/home/danderety/Documents/GitHub/TCN_Transformer_anomaly_analizer/outputs/lo2/models/tcn_transformer_ae_seed44_best.pt,real_val_plus_val_synthetic,,,,,,,,,,,False,,,False,False,True,False,False,0.05,0.002498535361761848,0.002498535361761848,True,0.002498535361761848,-47.925059997473795,0,2.4875030517578125
tcn_transformer_ae,390,1000,0.00444036132345597,0.002485585709412893,9,9,5,0.002498535361761848,0.002498535361761848,-47.925059997473795,0,0.0003,/home/danderety/Documents/GitHub/TCN_Transformer_anomaly_analizer/outputs/lo2/models/tcn_transformer_ae_seed44_best.pt,real_val_plus_val_synthetic,0.7413793103448276,0.4942528735632184,0.593103448275862,15.0,44.0,2.171933805942534,2.171933805942534,-0.8370809555053712,False,quantile,True,2.1719506025314317,-47.925059997473795,False,True,True,False,False,0.05,0.002485585709412893,0.002485585709412893,True,0.002485585709412893,-47.925059997473795,0,2.0721435546875
tcn_transformer_ae,391,1000,0.004404972307384014,0.0024726541402439275,9,9,5,0.002485585709412893,0.002485585709412893,-47.925059997473795,0,0.0003,/home/danderety/Documents/GitHub/TCN_Transformer_anomaly_analizer/outputs/lo2/models/tcn_transformer_ae_seed44_best.pt,real_val_plus_val_synthetic,,,,,,,,,,,False,,,False,False,True,False,False,0.05,0.0024726541402439275,0.0024726541402439275,True,0.0024726541402439275,-47.925059997473795,0,0.7357537746429443
tcn_transformer_ae,392,1000,0.00437913229689002,0.0024598080199211836,9,9,5,0.0024726541402439275,0.0024726541402439275,-47.925059997473795,0,0.0003,/home/danderety/Documents/GitHub/TCN_Transformer_anomaly_analizer/outputs/lo2/models/tcn_transformer_ae_seed44_best.pt,real_val_plus_val_synthetic,,,,,,,,,,,False,,,False,False,True,False,False,0.05,0.0024598080199211836,0.0024598080199211836,True,0.0024598080199211836,-47.925059997473795,0,2.295654296875
tcn_transformer_ae,393,1000,0.004369666023800771,0.002447218168526888,9,9,5,0.0024598080199211836,0.0024598080199211836,-47.925059997473795,0,0.0003,/home/danderety/Documents/GitHub/TCN_Transformer_anomaly_analizer/outputs/lo2/models/tcn_transformer_ae_seed44_best.pt,real_val_plus_val_synthetic,,,,,,,,,,,False,,,False,False,True,False,False,0.05,0.002447218168526888,0.002447218168526888,True,0.002447218168526888,-47.925059997473795,0,0.8696930408477783
tcn_transformer_ae,394,1000,0.004345958897223075,0.0024349093437194824,9,9,5,0.002447218168526888,0.002447218168526888,-47.925059997473795,0,0.0003,/home/danderety/Documents/GitHub/TCN_Transformer_anomaly_analizer/outputs/lo2/models/tcn_transformer_ae_seed44_best.pt,real_val_plus_val_synthetic,,,,,,,,,,,False,,,False,False,True,False,False,0.05,0.0024349093437194824,0.0024349093437194824,True,0.0024349093437194824,-47.925059997473795,0,2.1649739742279053
tcn_transformer_ae,395,1000,0.004325283225625753,0.002422642195597291,9,9,5,0.0024349093437194824,0.0024349093437194824,-47.925059997473795,0,0.0003,/home/danderety/Documents/GitHub/TCN_Transformer_anomaly_analizer/outputs/lo2/models/tcn_transformer_ae_seed44_best.pt,real_val_plus_val_synthetic,0.7457627118644068,0.5057471264367817,0.6027397260273972,15.0,43.0,2.174055540561675,2.174055540561675,-0.836382806301117,False,quantile,True,2.171933805942534,-46.78898693811306,True,True,True,True,True,0.05,0.002422642195597291,0.002422642195597291,True,0.002422642195597291,-46.78898693811306,0,2.118380069732666
tcn_transformer_ae,396,1000,0.004277647472918034,0.0024104713617513576,9,9,5,0.002422642195597291,0.002422642195597291,-46.78898693811306,0,0.0003,/home/danderety/Documents/GitHub/TCN_Transformer_anomaly_analizer/outputs/lo2/models/tcn_transformer_ae_seed44_best.pt,real_val_plus_val_synthetic,,,,,,,,,,,False,,,False,False,True,False,False,0.05,0.0024104713617513576,0.0024104713617513576,True,0.0024104713617513576,-46.78898693811306,0,1.6110789775848389
tcn_transformer_ae,397,1000,0.004286999969432752,0.002398574103911718,9,9,5,0.0024104713617513576,0.0024104713617513576,-46.78898693811306,0,0.0003,/home/danderety/Documents/GitHub/TCN_Transformer_anomaly_analizer/outputs/lo2/models/tcn_transformer_ae_seed44_best.pt,real_val_plus_val_synthetic,,,,,,,,,,,False,,,False,False,True,False,False,0.05,0.002398574103911718,0.002398574103911718,True,0.002398574103911718,-46.78898693811306,0,0.6631631851196289
tcn_transformer_ae,398,1000,0.0042708939872682095,0.002386546072860559,9,9,5,0.002398574103911718,0.002398574103911718,-46.78898693811306,0,0.0003,/home/danderety/Documents/GitHub/TCN_Transformer_anomaly_analizer/outputs/lo2/models/tcn_transformer_ae_seed44_best.pt,real_val_plus_val_synthetic,,,,,,,,,,,False,,,False,False,True,False,False,0.05,0.002386546072860559,0.002386546072860559,True,0.002386546072860559,-46.78898693811306,0,1.4336895942687988
tcn_transformer_ae,399,1000,0.004235823638737202,0.0023746249886850515,9,9,5,0.002386546072860559,0.002386546072860559,-46.78898693811306,0,0.0003,/home/danderety/Documents/GitHub/TCN_Transformer_anomaly_analizer/outputs/lo2/models/tcn_transformer_ae_seed44_best.pt,real_val_plus_val_synthetic,,,,,,,,,,,False,,,False,False,True,False,False,0.05,0.0023746249886850515,0.0023746249886850515,True,0.0023746249886850515,-46.78898693811306,0,0.6947133541107178
tcn_transformer_ae,400,1000,0.004198200845470031,0.0023628543907155595,9,9,5,0.0023746249886850515,0.0023746249886850515,-46.78898693811306,0,0.0003,/home/danderety/Documents/GitHub/TCN_Transformer_anomaly_analizer/outputs/lo2/models/tcn_transformer_ae_seed44_best.pt,real_val_plus_val_synthetic,0.7457627118644068,0.5057471264367817,0.6027397260273972,15.0,43.0,2.1738408327102654,2.1738408327102654,-0.8372510671615602,False,quantile,True,2.174055540561675,-46.78898693811306,False,True,True,False,False,0.05,0.0023628543907155595,0.0023628543907155595,True,0.0023628543907155595,-46.78898693811306,0,2.0973033905029297
tcn_transformer_ae,401,1000,0.004202510075022777,0.002351246075704694,9,9,5,0.0023628543907155595,0.0023628543907155595,-46.78898693811306,0,0.0003,/home/danderety/Documents/GitHub/TCN_Transformer_anomaly_analizer/outputs/lo2/models/tcn_transformer_ae_seed44_best.pt,real_val_plus_val_synthetic,,,,,,,,,,,False,,,False,False,True,False,False,0.05,0.002351246075704694,0.002351246075704694,True,0.002351246075704694,-46.78898693811306,0,1.7846806049346924
tcn_transformer_ae,402,1000,0.004170143200705449,0.0023394445112595954,9,9,5,0.002351246075704694,0.002351246075704694,-46.78898693811306,0,0.0003,/home/danderety/Documents/GitHub/TCN_Transformer_anomaly_analizer/outputs/lo2/models/tcn_transformer_ae_seed44_best.pt,real_val_plus_val_synthetic,,,,,,,,,,,False,,,False,False,True,False,False,0.05,0.0023394445112595954,0.0023394445112595954,True,0.0023394445112595954,-46.78898693811306,0,1.2938170433044434
tcn_transformer_ae,403,1000,0.004146518340955178,0.0023277823347598314,9,9,5,0.0023394445112595954,0.0023394445112595954,-46.78898693811306,0,0.0003,/home/danderety/Documents/GitHub/TCN_Transformer_anomaly_analizer/outputs/lo2/models/tcn_transformer_ae_seed44_best.pt,real_val_plus_val_synthetic,,,,,,,,,,,False,,,False,False,True,False,False,0.05,0.0023277823347598314,0.0023277823347598314,True,0.0023277823347598314,-46.78898693811306,0,1.4964320659637451
tcn_transformer_ae,404,1000,0.004146067425608635,0.002316326213379701,9,9,5,0.0023277823347598314,0.0023277823347598314,-46.78898693811306,0,0.0003,/home/danderety/Documents/GitHub/TCN_Transformer_anomaly_analizer/outputs/lo2/models/tcn_transformer_ae_seed44_best.pt,real_val_plus_val_synthetic,,,,,,,,,,,False,,,False,False,True,False,False,0.05,0.002316326213379701,0.002316326213379701,True,0.002316326213379701,-46.78898693811306,0,2.493340492248535
tcn_transformer_ae,405,1000,0.004112986071656148,0.002304941260566314,9,9,5,0.002316326213379701,0.002316326213379701,-46.78898693811306,0,0.0003,/home/danderety/Documents/GitHub/TCN_Transformer_anomaly_analizer/outputs/lo2/models/tcn_transformer_ae_seed44_best.pt,real_val_plus_val_synthetic,0.7457627118644068,0.5057471264367817,0.6027397260273972,15.0,43.0,2.1748852133750907,2.1748852133750907,-0.8389458656311036,False,quantile,True,2.1738408327102654,-46.78898693811306,False,True,True,False,False,0.05,0.002304941260566314,0.002304941260566314,True,0.002304941260566314,-46.78898693811306,0,2.123445510864258
tcn_transformer_ae,406,1000,0.004110162146389484,0.0022937471512705088,9,9,5,0.002304941260566314,0.002304941260566314,-46.78898693811306,0,0.0003,/home/danderety/Documents/GitHub/TCN_Transformer_anomaly_analizer/outputs/lo2/models/tcn_transformer_ae_seed44_best.pt,real_val_plus_val_synthetic,,,,,,,,,,,False,,,False,False,True,False,False,0.05,0.0022937471512705088,0.0022937471512705088,True,0.0022937471512705088,-46.78898693811306,0,2.4687654972076416
tcn_transformer_ae,407,1000,0.004079947092880805,0.002282552576313416,9,9,5,0.0022937471512705088,0.0022937471512705088,-46.78898693811306,0,0.0003,/home/danderety/Documents/GitHub/TCN_Transformer_anomaly_analizer/outputs/lo2/models/tcn_transformer_ae_seed44_best.pt,real_val_plus_val_synthetic,,,,,,,,,,,False,,,False,False,True,False,False,0.05,0.002282552576313416,0.002282552576313416,True,0.002282552576313416,-46.78898693811306,0,0.7499899864196777
tcn_transformer_ae,408,1000,0.004045629873871803,0.0022713099606335163,9,9,5,0.002282552576313416,0.002282552576313416,-46.78898693811306,0,0.0003,/home/danderety/Documents/GitHub/TCN_Transformer_anomaly_analizer/outputs/lo2/models/tcn_transformer_ae_seed44_best.pt,real_val_plus_val_synthetic,,,,,,,,,,,False,,,False,False,True,False,False,0.05,0.0022713099606335163,0.0022713099606335163,True,0.0022713099606335163,-46.78898693811306,0,1.9734041690826416
tcn_transformer_ae,409,1000,0.004012177775924404,0.0022600924906631312,9,9,5,0.0022713099606335163,0.0022713099606335163,-46.78898693811306,0,0.0003,/home/danderety/Documents/GitHub/TCN_Transformer_anomaly_analizer/outputs/lo2/models/tcn_transformer_ae_seed44_best.pt,real_val_plus_val_synthetic,,,,,,,,,,,False,,,False,False,True,False,False,0.05,0.0022600924906631312,0.0022600924906631312,True,0.0022600924906631312,-46.78898693811306,0,0.9710757732391357
tcn_transformer_ae,410,1000,0.004011947584028046,0.0022490620613098145,9,9,5,0.0022600924906631312,0.0022600924906631312,-46.78898693811306,0,0.0003,/home/danderety/Documents/GitHub/TCN_Transformer_anomaly_analizer/outputs/lo2/models/tcn_transformer_ae_seed44_best.pt,real_val_plus_val_synthetic,0.7457627118644068,0.5057471264367817,0.6027397260273972,15.0,43.0,2.1662189960479727,2.1662189960479727,-0.8364773988723756,False,quantile,True,2.1748852133750907,-46.78898693811306,False,True,True,False,False,0.05,0.0022490620613098145,0.0022490620613098145,True,0.0022490620613098145,-46.78898693811306,0,2.1456685066223145
tcn_transformer_ae,411,1000,0.003988330097248157,0.002238252510627111,9,9,5,0.0022490620613098145,0.0022490620613098145,-46.78898693811306,0,0.0003,/home/danderety/Documents/GitHub/TCN_Transformer_anomaly_analizer/outputs/lo2/models/tcn_transformer_ae_seed44_best.pt,real_val_plus_val_synthetic,,,,,,,,,,,False,,,False,False,True,False,False,0.05,0.002238252510627111,0.002238252510627111,True,0.002238252510627111,-46.78898693811306,0,1.956059455871582
tcn_transformer_ae,412,1000,0.003974407135198514,0.0022274448225895562,9,9,5,0.002238252510627111,0.002238252510627111,-46.78898693811306,0,0.0003,/home/danderety/Documents/GitHub/TCN_Transformer_anomaly_analizer/outputs/lo2/models/tcn_transformer_ae_seed44_best.pt,real_val_plus_val_synthetic,,,,,,,,,,,False,,,False,False,True,False,False,0.05,0.0022274448225895562,0.0022274448225895562,True,0.0022274448225895562,-46.78898693811306,0,0.8947751522064209
tcn_transformer_ae,413,1000,0.003968592112263043,0.0022166895990570388,9,9,5,0.0022274448225895562,0.0022274448225895562,-46.78898693811306,0,0.0003,/home/danderety/Documents/GitHub/TCN_Transformer_anomaly_analizer/outputs/lo2/models/tcn_transformer_ae_seed44_best.pt,real_val_plus_val_synthetic,,,,,,,,,,,False,,,False,False,True,False,False,0.05,0.0022166895990570388,0.0022166895990570388,True,0.0022166895990570388,-46.78898693811306,0,2.7578563690185547
tcn_transformer_ae,414,1000,0.003947153066595395,0.0022060320091744265,9,9,5,0.0022166895990570388,0.0022166895990570388,-46.78898693811306,0,0.0003,/home/danderety/Documents/GitHub/TCN_Transformer_anomaly_analizer/outputs/lo2/models/tcn_transformer_ae_seed44_best.pt,real_val_plus_val_synthetic,,,,,,,,,,,False,,,False,False,True,False,False,0.05,0.0022060320091744265,0.0022060320091744265,True,0.0022060320091744265,-46.78898693811306,0,1.1347897052764893
tcn_transformer_ae,415,1000,0.003925014985725284,0.0021955144281188646,9,9,5,0.0022060320091744265,0.0022060320091744265,-46.78898693811306,0,0.0003,/home/danderety/Documents/GitHub/TCN_Transformer_anomaly_analizer/outputs/lo2/models/tcn_transformer_ae_seed44_best.pt,real_val_plus_val_synthetic,0.7457627118644068,0.5057471264367817,0.6027397260273972,15.0,43.0,2.1707573413848866,2.1707573413848866,-0.8389361500740052,False,quantile,True,2.1662189960479727,-46.78898693811306,False,True,True,False,False,0.05,0.0021955144281188646,0.0021955144281188646,True,0.0021955144281188646,-46.78898693811306,0,2.108247756958008
tcn_transformer_ae,416,1000,0.0039006578736007214,0.002185065376882752,9,9,5,0.0021955144281188646,0.0021955144281188646,-46.78898693811306,0,0.0003,/home/danderety/Documents/GitHub/TCN_Transformer_anomaly_analizer/outputs/lo2/models/tcn_transformer_ae_seed44_best.pt,real_val_plus_val_synthetic,,,,,,,,,,,False,,,False,False,True,False,False,0.05,0.002185065376882752,0.002185065376882752,True,0.002185065376882752,-46.78898693811306,0,0.6118285655975342
tcn_transformer_ae,417,1000,0.003896342512841026,0.0021744752302765846,9,9,5,0.002185065376882752,0.002185065376882752,-46.78898693811306,0,0.0003,/home/danderety/Documents/GitHub/TCN_Transformer_anomaly_analizer/outputs/lo2/models/tcn_transformer_ae_seed44_best.pt,real_val_plus_val_synthetic,,,,,,,,,,,False,,,False,False,True,False,False,0.05,0.0021744752302765846,0.0021744752302765846,True,0.0021744752302765846,-46.78898693811306,0,0.7483584880828857
tcn_transformer_ae,418,1000,0.0038675132673233747,0.002164008871962627,9,9,5,0.0021744752302765846,0.0021744752302765846,-46.78898693811306,0,0.0003,/home/danderety/Documents/GitHub/TCN_Transformer_anomaly_analizer/outputs/lo2/models/tcn_transformer_ae_seed44_best.pt,real_val_plus_val_synthetic,,,,,,,,,,,False,,,False,False,True,False,False,0.05,0.002164008871962627,0.002164008871962627,True,0.002164008871962627,-46.78898693811306,0,2.5991716384887695
tcn_transformer_ae,419,1000,0.003835088728616635,0.0021536839194595814,9,9,5,0.002164008871962627,0.002164008871962627,-46.78898693811306,0,0.0003,/home/danderety/Documents/GitHub/TCN_Transformer_anomaly_analizer/outputs/lo2/models/tcn_transformer_ae_seed44_best.pt,real_val_plus_val_synthetic,,,,,,,,,,,False,,,False,False,True,False,False,0.05,0.0021536839194595814,0.0021536839194595814,True,0.0021536839194595814,-46.78898693811306,0,0.6279385089874268
tcn_transformer_ae,420,1000,0.0038624750450253487,0.0021432773986210427,9,9,5,0.0021536839194595814,0.0021536839194595814,-46.78898693811306,0,0.0003,/home/danderety/Documents/GitHub/TCN_Transformer_anomaly_analizer/outputs/lo2/models/tcn_transformer_ae_seed44_best.pt,real_val_plus_val_synthetic,0.7457627118644068,0.5057471264367817,0.6027397260273972,15.0,43.0,2.1679498910903923,2.1679498910903923,-0.8397251367568971,False,quantile,True,2.1707573413848866,-46.78898693811306,False,True,True,False,False,0.05,0.0021432773986210427,0.0021432773986210427,True,0.0021432773986210427,-46.78898693811306,0,2.134772300720215
tcn_transformer_ae,421,1000,0.0038165932055562735,0.002133105881512165,9,9,5,0.0021432773986210427,0.0021432773986210427,-46.78898693811306,0,0.0003,/home/danderety/Documents/GitHub/TCN_Transformer_anomaly_analizer/outputs/lo2/models/tcn_transformer_ae_seed44_best.pt,real_val_plus_val_synthetic,,,,,,,,,,,False,,,False,False,True,False,False,0.05,0.002133105881512165,0.002133105881512165,True,0.002133105881512165,-46.78898693811306,0,2.546905040740967
tcn_transformer_ae,422,1000,0.0038040888030081987,0.0021230082493275404,9,9,5,0.002133105881512165,0.002133105881512165,-46.78898693811306,0,0.0003,/home/danderety/Documents/GitHub/TCN_Transformer_anomaly_analizer/outputs/lo2/models/tcn_transformer_ae_seed44_best.pt,real_val_plus_val_synthetic,,,,,,,,,,,False,,,False,False,True,False,False,0.05,0.0021230082493275404,0.0021230082493275404,True,0.0021230082493275404,-46.78898693811306,0,0.6796309947967529
tcn_transformer_ae,423,1000,0.00379843443321685,0.002112997928634286,9,9,5,0.0021230082493275404,0.0021230082493275404,-46.78898693811306,0,0.0003,/home/danderety/Documents/GitHub/TCN_Transformer_anomaly_analizer/outputs/lo2/models/tcn_transformer_ae_seed44_best.pt,real_val_plus_val_synthetic,,,,,,,,,,,False,,,False,False,True,False,False,0.05,0.002112997928634286,0.002112997928634286,True,0.002112997928634286,-46.78898693811306,0,2.5851407051086426
tcn_transformer_ae,424,1000,0.0037685039763649306,0.0021030571466932693,9,9,5,0.002112997928634286,0.002112997928634286,-46.78898693811306,0,0.0003,/home/danderety/Documents/GitHub/TCN_Transformer_anomaly_analizer/outputs/lo2/models/tcn_transformer_ae_seed44_best.pt,real_val_plus_val_synthetic,,,,,,,,,,,False,,,False,False,False,False,False,0.05,0.0021030571466932693,0.002112997928634286,False,0.0021030571466932693,-46.78898693811306,1,0.3184211254119873
tcn_transformer_ae,425,1000,0.0037428627256304026,0.002093028354768952,9,9,5,0.0021030571466932693,0.002112997928634286,-46.78898693811306,1,0.0003,/home/danderety/Documents/GitHub/TCN_Transformer_anomaly_analizer/outputs/lo2/models/tcn_transformer_ae_seed44_best.pt,real_val_plus_val_synthetic,0.7457627118644068,0.5057471264367817,0.6027397260273972,15.0,43.0,2.160505700111388,2.160505700111388,-0.8386427760124208,False,quantile,True,2.1679498910903923,-46.78898693811306,False,True,True,False,False,0.05,0.002093028354768952,0.002093028354768952,True,0.002093028354768952,-46.78898693811306,0,2.154862880706787
tcn_transformer_ae,426,1000,0.003708004175374905,0.0020832234683136144,9,9,5,0.002093028354768952,0.002093028354768952,-46.78898693811306,0,0.0003,/home/danderety/Documents/GitHub/TCN_Transformer_anomaly_analizer/outputs/lo2/models/tcn_transformer_ae_seed44_best.pt,real_val_plus_val_synthetic,,,,,,,,,,,False,,,False,False,False,False,False,0.05,0.0020832234683136144,0.002093028354768952,False,0.0020832234683136144,-46.78898693811306,1,0.31757640838623047
tcn_transformer_ae,427,1000,0.003732181697462996,0.0020735181557635465,9,9,5,0.0020832234683136144,0.002093028354768952,-46.78898693811306,1,0.0003,/home/danderety/Documents/GitHub/TCN_Transformer_anomaly_analizer/outputs/lo2/models/tcn_transformer_ae_seed44_best.pt,real_val_plus_val_synthetic,,,,,,,,,,,False,,,False,False,False,False,False,0.05,0.0020735181557635465,0.002093028354768952,False,0.0020735181557635465,-46.78898693811306,2,0.31935620307922363
tcn_transformer_ae,428,1000,0.003697317016000549,0.0020638664718717337,9,9,5,0.0020735181557635465,0.002093028354768952,-46.78898693811306,2,0.0003,/home/danderety/Documents/GitHub/TCN_Transformer_anomaly_analizer/outputs/lo2/models/tcn_transformer_ae_seed44_best.pt,real_val_plus_val_synthetic,,,,,,,,,,,False,,,False,False,False,False,False,0.05,0.0020638664718717337,0.002093028354768952,False,0.0020638664718717337,-46.78898693811306,3,0.3185703754425049
tcn_transformer_ae,429,1000,0.0036770074317852655,0.0020543538654843965,9,9,5,0.0020638664718717337,0.002093028354768952,-46.78898693811306,3,0.0003,/home/danderety/Documents/GitHub/TCN_Transformer_anomaly_analizer/outputs/lo2/models/tcn_transformer_ae_seed44_best.pt,real_val_plus_val_synthetic,,,,,,,,,,,False,,,False,False,False,False,False,0.05,0.0020543538654843965,0.002093028354768952,False,0.0020543538654843965,-46.78898693811306,4,0.32027316093444824
tcn_transformer_ae,430,1000,0.0036875951724747815,0.002044792907933394,9,9,5,0.0020543538654843965,0.002093028354768952,-46.78898693811306,4,0.0003,/home/danderety/Documents/GitHub/TCN_Transformer_anomaly_analizer/outputs/lo2/models/tcn_transformer_ae_seed44_best.pt,real_val_plus_val_synthetic,0.7457627118644068,0.5057471264367817,0.6027397260273972,15.0,43.0,2.1612236738204946,2.1612236738204946,-0.8405331373214723,False,quantile,True,2.160505700111388,-46.78898693811306,False,True,False,False,False,0.05,0.002044792907933394,0.002093028354768952,False,0.002044792907933394,-46.78898693811306,5,1.7780003547668457
tcn_transformer_ae,431,1000,0.0036453735859443745,0.0020352716092020273,9,9,5,0.002044792907933394,0.002093028354768952,-46.78898693811306,5,0.0003,/home/danderety/Documents/GitHub/TCN_Transformer_anomaly_analizer/outputs/lo2/models/tcn_transformer_ae_seed44_best.pt,real_val_plus_val_synthetic,,,,,,,,,,,False,,,False,False,False,False,False,0.05,0.0020352716092020273,0.002093028354768952,False,0.0020352716092020273,-46.78898693811306,6,0.3203554153442383
tcn_transformer_ae,432,1000,0.0036138222397615514,0.002025885429854194,9,9,5,0.0020352716092020273,0.002093028354768952,-46.78898693811306,6,0.0003,/home/danderety/Documents/GitHub/TCN_Transformer_anomaly_analizer/outputs/lo2/models/tcn_transformer_ae_seed44_best.pt,real_val_plus_val_synthetic,,,,,,,,,,,False,,,False,False,False,False,False,0.05,0.002025885429854194,0.002093028354768952,False,0.002025885429854194,-46.78898693811306,7,0.31719970703125
tcn_transformer_ae,433,1000,0.0036234784250458083,0.0020165682459870973,9,9,5,0.002025885429854194,0.002093028354768952,-46.78898693811306,7,0.0003,/home/danderety/Documents/GitHub/TCN_Transformer_anomaly_analizer/outputs/lo2/models/tcn_transformer_ae_seed44_best.pt,real_val_plus_val_synthetic,0.7457627118644068,0.5057471264367817,0.6027397260273972,15.0,43.0,2.160030007362365,2.160030007362365,-0.8394361138343812,False,quantile,True,2.1612236738204946,-46.78898693811306,False,True,False,False,False,0.05,0.0020165682459870973,0.002093028354768952,False,0.0020165682459870973,-46.78898693811306,8,1.7806599140167236
tcn_transformer_ae,434,1000,0.0035926842441161475,0.0020072927388052144,9,9,5,0.0020165682459870973,0.002093028354768952,-46.78898693811306,8,0.0003,/home/danderety/Documents/GitHub/TCN_Transformer_anomaly_analizer/outputs/lo2/models/tcn_transformer_ae_seed44_best.pt,real_val_plus_val_synthetic,0.7457627118644068,0.5057471264367817,0.6027397260273972,15.0,43.0,2.159637820720672,2.159637820720672,-0.8398966193199159,False,quantile,True,2.160030007362365,-46.78898693811306,False,True,False,False,False,0.05,0.0020072927388052144,0.002093028354768952,False,0.0020072927388052144,-46.78898693811306,9,1.7821769714355469
