model,epoch,epochs_total,train_loss,val_loss,stop_patience,threshold_patience,threshold_monitor_interval,best_val_loss_before_epoch,best_checkpoint_score_before_epoch,best_detection_score_before_epoch,patience_before_epoch,learning_rate,checkpoint,validation_monitor_source,val_precision,val_recall,val_f1,val_fp,val_fn,threshold,raw_threshold,safe_threshold,was_safety_applied,threshold_type,threshold_moved,previous_threshold,detection_score,detection_signal,threshold_monitor_ran,loss_improved,threshold_signal,threshold_checkpoint,threshold_save_loss_tolerance,checkpoint_score,best_checkpoint_score_after_epoch,is_best,best_val_loss_after_epoch,best_detection_score_after_epoch,patience_after_epoch,epoch_time_sec
tcn_transformer_ae,1,1000,10.185417175292969,9.593109766642252,9,9,5,,,,0,0.0003,/home/danderety/Documents/GitHub/TCN_Transformer_anomaly_analizer/outputs/lo2/models/tcn_transformer_ae_best.pt,real_val_plus_val_synthetic,0.16666666666666666,0.034482758620689655,0.05714285714285714,15.0,84.0,1.3934547722339625,1.3934547722339625,-1.267873287200928,False,quantile,False,,-93.5184918529746,True,True,True,True,False,0.05,9.593109766642252,9.593109766642252,True,9.593109766642252,-93.5184918529746,0,1.8799679279327393
tcn_transformer_ae,2,1000,9.431221008300781,9.055923461914062,9,9,5,9.593109766642252,9.593109766642252,-93.5184918529746,0,0.0003,/home/danderety/Documents/GitHub/TCN_Transformer_anomaly_analizer/outputs/lo2/models/tcn_transformer_ae_best.pt,real_val_plus_val_synthetic,,,,,,,,,,,False,,,False,False,True,False,False,0.05,9.055923461914062,9.055923461914062,True,9.055923461914062,-93.5184918529746,0,0.6840956211090088
tcn_transformer_ae,3,1000,8.986433347066244,8.699145317077637,9,9,5,9.055923461914062,9.055923461914062,-93.5184918529746,0,0.0003,/home/danderety/Documents/GitHub/TCN_Transformer_anomaly_analizer/outputs/lo2/models/tcn_transformer_ae_best.pt,real_val_plus_val_synthetic,,,,,,,,,,,False,,,False,False,True,False,False,0.05,8.699145317077637,8.699145317077637,True,8.699145317077637,-93.5184918529746,0,1.9748289585113525
tcn_transformer_ae,4,1000,8.674325307210287,8.4177459081014,9,9,5,8.699145317077637,8.699145317077637,-93.5184918529746,0,0.0003,/home/danderety/Documents/GitHub/TCN_Transformer_anomaly_analizer/outputs/lo2/models/tcn_transformer_ae_best.pt,real_val_plus_val_synthetic,,,,,,,,,,,False,,,False,False,True,False,False,0.05,8.4177459081014,8.4177459081014,True,8.4177459081014,-93.5184918529746,0,0.6359565258026123
tcn_transformer_ae,5,1000,8.405194918314615,8.141903559366861,9,9,5,8.4177459081014,8.4177459081014,-93.5184918529746,0,0.0003,/home/danderety/Documents/GitHub/TCN_Transformer_anomaly_analizer/outputs/lo2/models/tcn_transformer_ae_best.pt,real_val_plus_val_synthetic,0.11764705882352941,0.022988505747126436,0.038461538461538464,15.0,85.0,1.5795920372009278,1.5795920372009278,-2.0135526657104497,False,quantile,True,1.3934547722339625,-94.66360995326514,False,True,True,False,False,0.05,8.141903559366861,8.141903559366861,True,8.141903559366861,-93.5184918529746,0,2.1120893955230713
tcn_transformer_ae,6,1000,8.132376670837402,7.85072120030721,9,9,5,8.141903559366861,8.141903559366861,-93.5184918529746,0,0.0003,/home/danderety/Documents/GitHub/TCN_Transformer_anomaly_analizer/outputs/lo2/models/tcn_transformer_ae_best.pt,real_val_plus_val_synthetic,,,,,,,,,,,False,,,False,False,True,False,False,0.05,7.85072120030721,7.85072120030721,True,7.85072120030721,-93.5184918529746,0,2.2737953662872314
tcn_transformer_ae,7,1000,7.848460515340169,7.558670361836751,9,9,5,7.85072120030721,7.85072120030721,-93.5184918529746,0,0.0003,/home/danderety/Documents/GitHub/TCN_Transformer_anomaly_analizer/outputs/lo2/models/tcn_transformer_ae_best.pt,real_val_plus_val_synthetic,,,,,,,,,,,False,,,False,False,True,False,False,0.05,7.558670361836751,7.558670361836751,True,7.558670361836751,-93.5184918529746,0,0.6899867057800293
tcn_transformer_ae,8,1000,7.5670708020528155,7.282150904337565,9,9,5,7.558670361836751,7.558670361836751,-93.5184918529746,0,0.0003,/home/danderety/Documents/GitHub/TCN_Transformer_anomaly_analizer/outputs/lo2/models/tcn_transformer_ae_best.pt,real_val_plus_val_synthetic,,,,,,,,,,,False,,,False,False,True,False,False,0.05,7.282150904337565,7.282150904337565,True,7.282150904337565,-93.5184918529746,0,2.6432909965515137
tcn_transformer_ae,9,1000,7.301477909088135,7.01354964574178,9,9,5,7.282150904337565,7.282150904337565,-93.5184918529746,0,0.0003,/home/danderety/Documents/GitHub/TCN_Transformer_anomaly_analizer/outputs/lo2/models/tcn_transformer_ae_best.pt,real_val_plus_val_synthetic,,,,,,,,,,,False,,,False,False,True,False,False,0.05,7.01354964574178,7.01354964574178,True,7.01354964574178,-93.5184918529746,0,0.6881718635559082
tcn_transformer_ae,10,1000,7.0367099444071455,6.748636563618978,9,9,5,7.01354964574178,7.01354964574178,-93.5184918529746,0,0.0003,/home/danderety/Documents/GitHub/TCN_Transformer_anomaly_analizer/outputs/lo2/models/tcn_transformer_ae_best.pt,real_val_plus_val_synthetic,0.11764705882352941,0.022988505747126436,0.038461538461538464,15.0,85.0,1.799757719039917,1.799757719039917,-2.1784458160400395,False,quantile,True,1.5795920372009278,-94.66360995326514,False,True,True,False,False,0.05,6.748636563618978,6.748636563618978,True,6.748636563618978,-93.5184918529746,0,2.099409341812134
tcn_transformer_ae,11,1000,6.779587427775065,6.488234202067058,9,9,5,6.748636563618978,6.748636563618978,-93.5184918529746,0,0.0003,/home/danderety/Documents/GitHub/TCN_Transformer_anomaly_analizer/outputs/lo2/models/tcn_transformer_ae_best.pt,real_val_plus_val_synthetic,,,,,,,,,,,False,,,False,False,True,False,False,0.05,6.488234202067058,6.488234202067058,True,6.488234202067058,-93.5184918529746,0,2.208627939224243
tcn_transformer_ae,12,1000,6.524814128875732,6.233578046162923,9,9,5,6.488234202067058,6.488234202067058,-93.5184918529746,0,0.0003,/home/danderety/Documents/GitHub/TCN_Transformer_anomaly_analizer/outputs/lo2/models/tcn_transformer_ae_best.pt,real_val_plus_val_synthetic,,,,,,,,,,,False,,,False,False,True,False,False,0.05,6.233578046162923,6.233578046162923,True,6.233578046162923,-93.5184918529746,0,1.0024709701538086
tcn_transformer_ae,13,1000,6.2823537190755205,5.984543959299724,9,9,5,6.233578046162923,6.233578046162923,-93.5184918529746,0,0.0003,/home/danderety/Documents/GitHub/TCN_Transformer_anomaly_analizer/outputs/lo2/models/tcn_transformer_ae_best.pt,real_val_plus_val_synthetic,,,,,,,,,,,False,,,False,False,True,False,False,0.05,5.984543959299724,5.984543959299724,True,5.984543959299724,-93.5184918529746,0,1.3471148014068604
tcn_transformer_ae,14,1000,6.037030220031738,5.739670753479004,9,9,5,5.984543959299724,5.984543959299724,-93.5184918529746,0,0.0003,/home/danderety/Documents/GitHub/TCN_Transformer_anomaly_analizer/outputs/lo2/models/tcn_transformer_ae_best.pt,real_val_plus_val_synthetic,,,,,,,,,,,False,,,False,False,True,False,False,0.05,5.739670753479004,5.739670753479004,True,5.739670753479004,-93.5184918529746,0,1.4409379959106445
tcn_transformer_ae,15,1000,5.801949183146159,5.499601046244304,9,9,5,5.739670753479004,5.739670753479004,-93.5184918529746,0,0.0003,/home/danderety/Documents/GitHub/TCN_Transformer_anomaly_analizer/outputs/lo2/models/tcn_transformer_ae_best.pt,real_val_plus_val_synthetic,0.16666666666666666,0.034482758620689655,0.05714285714285714,15.0,84.0,1.740145999193191,1.740145999193191,-2.0044255256652836,False,quantile,True,1.799757719039917,-93.5184918529746,False,True,True,False,False,0.05,5.499601046244304,5.499601046244304,True,5.499601046244304,-93.5184918529746,0,2.070490837097168
tcn_transformer_ae,16,1000,5.565809567769368,5.262720425923665,9,9,5,5.499601046244304,5.499601046244304,-93.5184918529746,0,0.0003,/home/danderety/Documents/GitHub/TCN_Transformer_anomaly_analizer/outputs/lo2/models/tcn_transformer_ae_best.pt,real_val_plus_val_synthetic,,,,,,,,,,,False,,,False,False,True,False,False,0.05,5.262720425923665,5.262720425923665,True,5.262720425923665,-93.5184918529746,0,0.6031925678253174
tcn_transformer_ae,17,1000,5.334635416666667,5.029027462005615,9,9,5,5.262720425923665,5.262720425923665,-93.5184918529746,0,0.0003,/home/danderety/Documents/GitHub/TCN_Transformer_anomaly_analizer/outputs/lo2/models/tcn_transformer_ae_best.pt,real_val_plus_val_synthetic,,,,,,,,,,,False,,,False,False,True,False,False,0.05,5.029027462005615,5.029027462005615,True,5.029027462005615,-93.5184918529746,0,0.6001064777374268
tcn_transformer_ae,18,1000,5.101514180501302,4.797620137532552,9,9,5,5.029027462005615,5.029027462005615,-93.5184918529746,0,0.0003,/home/danderety/Documents/GitHub/TCN_Transformer_anomaly_analizer/outputs/lo2/models/tcn_transformer_ae_best.pt,real_val_plus_val_synthetic,,,,,,,,,,,False,,,False,False,True,False,False,0.05,4.797620137532552,4.797620137532552,True,4.797620137532552,-93.5184918529746,0,0.7864456176757812
tcn_transformer_ae,19,1000,4.877794901529948,4.56955083211263,9,9,5,4.797620137532552,4.797620137532552,-93.5184918529746,0,0.0003,/home/danderety/Documents/GitHub/TCN_Transformer_anomaly_analizer/outputs/lo2/models/tcn_transformer_ae_best.pt,real_val_plus_val_synthetic,,,,,,,,,,,False,,,False,False,True,False,False,0.05,4.56955083211263,4.56955083211263,True,4.56955083211263,-93.5184918529746,0,2.48431134223938
tcn_transformer_ae,20,1000,4.654192606608073,4.345176537831624,9,9,5,4.56955083211263,4.56955083211263,-93.5184918529746,0,0.0003,/home/danderety/Documents/GitHub/TCN_Transformer_anomaly_analizer/outputs/lo2/models/tcn_transformer_ae_best.pt,real_val_plus_val_synthetic,0.1111111111111111,0.022988505747126436,0.0380952380952381,16.0,85.0,1.5404667198657984,1.5404667198657984,-1.8473627567291262,False,quantile,True,1.740145999193191,-94.66763925729444,False,True,True,False,False,0.05,4.345176537831624,4.345176537831624,True,4.345176537831624,-93.5184918529746,0,2.075646162033081
tcn_transformer_ae,21,1000,4.4382710456848145,4.124796390533447,9,9,5,4.345176537831624,4.345176537831624,-93.5184918529746,0,0.0003,/home/danderety/Documents/GitHub/TCN_Transformer_anomaly_analizer/outputs/lo2/models/tcn_transformer_ae_best.pt,real_val_plus_val_synthetic,,,,,,,,,,,False,,,False,False,True,False,False,0.05,4.124796390533447,4.124796390533447,True,4.124796390533447,-93.5184918529746,0,0.6571261882781982
tcn_transformer_ae,22,1000,4.217749913533528,3.908983071645101,9,9,5,4.124796390533447,4.124796390533447,-93.5184918529746,0,0.0003,/home/danderety/Documents/GitHub/TCN_Transformer_anomaly_analizer/outputs/lo2/models/tcn_transformer_ae_best.pt,real_val_plus_val_synthetic,,,,,,,,,,,False,,,False,False,True,False,False,0.05,3.908983071645101,3.908983071645101,True,3.908983071645101,-93.5184918529746,0,2.3100950717926025
tcn_transformer_ae,23,1000,4.007519483566284,3.697225491205851,9,9,5,3.908983071645101,3.908983071645101,-93.5184918529746,0,0.0003,/home/danderety/Documents/GitHub/TCN_Transformer_anomaly_analizer/outputs/lo2/models/tcn_transformer_ae_best.pt,real_val_plus_val_synthetic,,,,,,,,,,,False,,,False,False,True,False,False,0.05,3.697225491205851,3.697225491205851,True,3.697225491205851,-93.5184918529746,0,0.9221868515014648
tcn_transformer_ae,24,1000,3.7972030639648438,3.4915273189544678,9,9,5,3.697225491205851,3.697225491205851,-93.5184918529746,0,0.0003,/home/danderety/Documents/GitHub/TCN_Transformer_anomaly_analizer/outputs/lo2/models/tcn_transformer_ae_best.pt,real_val_plus_val_synthetic,,,,,,,,,,,False,,,False,False,True,False,False,0.05,3.4915273189544678,3.4915273189544678,True,3.4915273189544678,-93.5184918529746,0,2.222902297973633
tcn_transformer_ae,25,1000,3.5948942502339682,3.291309038798014,9,9,5,3.4915273189544678,3.4915273189544678,-93.5184918529746,0,0.0003,/home/danderety/Documents/GitHub/TCN_Transformer_anomaly_analizer/outputs/lo2/models/tcn_transformer_ae_best.pt,real_val_plus_val_synthetic,0.05555555555555555,0.011494252873563218,0.01904761904761905,17.0,86.0,1.4990794897079462,1.4990794897079462,-1.5672789812088015,False,quantile,True,1.5404667198657984,-95.81678666161424,False,True,True,False,False,0.05,3.291309038798014,3.291309038798014,True,3.291309038798014,-93.5184918529746,0,2.098217487335205
tcn_transformer_ae,26,1000,3.3965185483296714,3.0956127643585205,9,9,5,3.291309038798014,3.291309038798014,-93.5184918529746,0,0.0003,/home/danderety/Documents/GitHub/TCN_Transformer_anomaly_analizer/outputs/lo2/models/tcn_transformer_ae_best.pt,real_val_plus_val_synthetic,,,,,,,,,,,False,,,False,False,True,False,False,0.05,3.0956127643585205,3.0956127643585205,True,3.0956127643585205,-93.5184918529746,0,2.171539306640625
tcn_transformer_ae,27,1000,3.204240560531616,2.9070932070414224,9,9,5,3.0956127643585205,3.0956127643585205,-93.5184918529746,0,0.0003,/home/danderety/Documents/GitHub/TCN_Transformer_anomaly_analizer/outputs/lo2/models/tcn_transformer_ae_best.pt,real_val_plus_val_synthetic,,,,,,,,,,,False,,,False,False,True,False,False,0.05,2.9070932070414224,2.9070932070414224,True,2.9070932070414224,-93.5184918529746,0,0.827871561050415
tcn_transformer_ae,28,1000,3.0165583292643228,2.723869244257609,9,9,5,2.9070932070414224,2.9070932070414224,-93.5184918529746,0,0.0003,/home/danderety/Documents/GitHub/TCN_Transformer_anomaly_analizer/outputs/lo2/models/tcn_transformer_ae_best.pt,real_val_plus_val_synthetic,,,,,,,,,,,False,,,False,False,True,False,False,0.05,2.723869244257609,2.723869244257609,True,2.723869244257609,-93.5184918529746,0,2.286954164505005
tcn_transformer_ae,29,1000,2.8367416063944497,2.546581188837687,9,9,5,2.723869244257609,2.723869244257609,-93.5184918529746,0,0.0003,/home/danderety/Documents/GitHub/TCN_Transformer_anomaly_analizer/outputs/lo2/models/tcn_transformer_ae_best.pt,real_val_plus_val_synthetic,,,,,,,,,,,False,,,False,False,True,False,False,0.05,2.546581188837687,2.546581188837687,True,2.546581188837687,-93.5184918529746,0,1.8381145000457764
tcn_transformer_ae,30,1000,2.657800833384196,2.3761136531829834,9,9,5,2.546581188837687,2.546581188837687,-93.5184918529746,0,0.0003,/home/danderety/Documents/GitHub/TCN_Transformer_anomaly_analizer/outputs/lo2/models/tcn_transformer_ae_best.pt,real_val_plus_val_synthetic,0.1111111111111111,0.022988505747126436,0.0380952380952381,16.0,85.0,1.7647410809993742,1.7647410809993742,-1.4003692865371706,False,quantile,True,1.4990794897079462,-94.66763925729444,False,True,True,False,False,0.05,2.3761136531829834,2.3761136531829834,True,2.3761136531829834,-93.5184918529746,0,2.0763938426971436
tcn_transformer_ae,31,1000,2.4918112754821777,2.2124343713124595,9,9,5,2.3761136531829834,2.3761136531829834,-93.5184918529746,0,0.0003,/home/danderety/Documents/GitHub/TCN_Transformer_anomaly_analizer/outputs/lo2/models/tcn_transformer_ae_best.pt,real_val_plus_val_synthetic,,,,,,,,,,,False,,,False,False,True,False,False,0.05,2.2124343713124595,2.2124343713124595,True,2.2124343713124595,-93.5184918529746,0,0.6671633720397949
tcn_transformer_ae,32,1000,2.3246325651804605,2.0537909666697183,9,9,5,2.2124343713124595,2.2124343713124595,-93.5184918529746,0,0.0003,/home/danderety/Documents/GitHub/TCN_Transformer_anomaly_analizer/outputs/lo2/models/tcn_transformer_ae_best.pt,real_val_plus_val_synthetic,,,,,,,,,,,False,,,False,False,True,False,False,0.05,2.0537909666697183,2.0537909666697183,True,2.0537909666697183,-93.5184918529746,0,1.2902967929840088
tcn_transformer_ae,33,1000,2.1707414786020913,1.9045474131902058,9,9,5,2.0537909666697183,2.0537909666697183,-93.5184918529746,0,0.0003,/home/danderety/Documents/GitHub/TCN_Transformer_anomaly_analizer/outputs/lo2/models/tcn_transformer_ae_best.pt,real_val_plus_val_synthetic,,,,,,,,,,,False,,,False,False,True,False,False,0.05,1.9045474131902058,1.9045474131902058,True,1.9045474131902058,-93.5184918529746,0,0.7611517906188965
tcn_transformer_ae,34,1000,2.017772356669108,1.7628333965937297,9,9,5,1.9045474131902058,1.9045474131902058,-93.5184918529746,0,0.0003,/home/danderety/Documents/GitHub/TCN_Transformer_anomaly_analizer/outputs/lo2/models/tcn_transformer_ae_best.pt,real_val_plus_val_synthetic,,,,,,,,,,,False,,,False,False,True,False,False,0.05,1.7628333965937297,1.7628333965937297,True,1.7628333965937297,-93.5184918529746,0,2.518329620361328
tcn_transformer_ae,35,1000,1.8738316694895427,1.6311782995859783,9,9,5,1.7628333965937297,1.7628333965937297,-93.5184918529746,0,0.0003,/home/danderety/Documents/GitHub/TCN_Transformer_anomaly_analizer/outputs/lo2/models/tcn_transformer_ae_best.pt,real_val_plus_val_synthetic,0.2222222222222222,0.04597701149425287,0.0761904761904762,14.0,83.0,1.8803444027900693,1.8803444027900693,-1.1411010026931765,False,quantile,True,1.7647410809993742,-92.3693444486548,True,True,True,True,True,0.05,1.6311782995859783,1.6311782995859783,True,1.6311782995859783,-92.3693444486548,0,2.06282639503479
tcn_transformer_ae,36,1000,1.7409545183181763,1.5094103415807087,9,9,5,1.6311782995859783,1.6311782995859783,-92.3693444486548,0,0.0003,/home/danderety/Documents/GitHub/TCN_Transformer_anomaly_analizer/outputs/lo2/models/tcn_transformer_ae_best.pt,real_val_plus_val_synthetic,,,,,,,,,,,False,,,False,False,True,False,False,0.05,1.5094103415807087,1.5094103415807087,True,1.5094103415807087,-92.3693444486548,0,0.6569986343383789
tcn_transformer_ae,37,1000,1.6202799081802368,1.3981464703877766,9,9,5,1.5094103415807087,1.5094103415807087,-92.3693444486548,0,0.0003,/home/danderety/Documents/GitHub/TCN_Transformer_anomaly_analizer/outputs/lo2/models/tcn_transformer_ae_best.pt,real_val_plus_val_synthetic,,,,,,,,,,,False,,,False,False,True,False,False,0.05,1.3981464703877766,1.3981464703877766,True,1.3981464703877766,-92.3693444486548,0,1.7373461723327637
tcn_transformer_ae,38,1000,1.50972847143809,1.2984407345453899,9,9,5,1.3981464703877766,1.3981464703877766,-92.3693444486548,0,0.0003,/home/danderety/Documents/GitHub/TCN_Transformer_anomaly_analizer/outputs/lo2/models/tcn_transformer_ae_best.pt,real_val_plus_val_synthetic,,,,,,,,,,,False,,,False,False,True,False,False,0.05,1.2984407345453899,1.2984407345453899,True,1.2984407345453899,-92.3693444486548,0,0.7583010196685791
tcn_transformer_ae,39,1000,1.4039390881856282,1.2087854941685994,9,9,5,1.2984407345453899,1.2984407345453899,-92.3693444486548,0,0.0003,/home/danderety/Documents/GitHub/TCN_Transformer_anomaly_analizer/outputs/lo2/models/tcn_transformer_ae_best.pt,real_val_plus_val_synthetic,,,,,,,,,,,False,,,False,False,True,False,False,0.05,1.2087854941685994,1.2087854941685994,True,1.2087854941685994,-92.3693444486548,0,2.235509157180786
tcn_transformer_ae,40,1000,1.3129092454910278,1.1276871760686238,9,9,5,1.2087854941685994,1.2087854941685994,-92.3693444486548,0,0.0003,/home/danderety/Documents/GitHub/TCN_Transformer_anomaly_analizer/outputs/lo2/models/tcn_transformer_ae_best.pt,real_val_plus_val_synthetic,0.2222222222222222,0.04597701149425287,0.0761904761904762,14.0,83.0,1.8233981907367696,1.8233981907367696,-1.0405699014663699,False,quantile,True,1.8803444027900693,-92.3693444486548,False,True,True,False,False,0.05,1.1276871760686238,1.1276871760686238,True,1.1276871760686238,-92.3693444486548,0,2.104519844055176
tcn_transformer_ae,41,1000,1.2278412580490112,1.0553396145502727,9,9,5,1.1276871760686238,1.1276871760686238,-92.3693444486548,0,0.0003,/home/danderety/Documents/GitHub/TCN_Transformer_anomaly_analizer/outputs/lo2/models/tcn_transformer_ae_best.pt,real_val_plus_val_synthetic,,,,,,,,,,,False,,,False,False,True,False,False,0.05,1.0553396145502727,1.0553396145502727,True,1.0553396145502727,-92.3693444486548,0,2.6049349308013916
tcn_transformer_ae,42,1000,1.1554940144220989,0.990392784277598,9,9,5,1.0553396145502727,1.0553396145502727,-92.3693444486548,0,0.0003,/home/danderety/Documents/GitHub/TCN_Transformer_anomaly_analizer/outputs/lo2/models/tcn_transformer_ae_best.pt,real_val_plus_val_synthetic,,,,,,,,,,,False,,,False,False,True,False,False,0.05,0.990392784277598,0.990392784277598,True,0.990392784277598,-92.3693444486548,0,0.6028532981872559
tcn_transformer_ae,43,1000,1.0842023293177288,0.9310238758722941,9,9,5,0.990392784277598,0.990392784277598,-92.3693444486548,0,0.0003,/home/danderety/Documents/GitHub/TCN_Transformer_anomaly_analizer/outputs/lo2/models/tcn_transformer_ae_best.pt,real_val_plus_val_synthetic,,,,,,,,,,,False,,,False,False,True,False,False,0.05,0.9310238758722941,0.9310238758722941,True,0.9310238758722941,-92.3693444486548,0,1.5684013366699219
tcn_transformer_ae,44,1000,1.0253612995147705,0.8781638741493225,9,9,5,0.9310238758722941,0.9310238758722941,-92.3693444486548,0,0.0003,/home/danderety/Documents/GitHub/TCN_Transformer_anomaly_analizer/outputs/lo2/models/tcn_transformer_ae_best.pt,real_val_plus_val_synthetic,,,,,,,,,,,False,,,False,False,True,False,False,0.05,0.8781638741493225,0.8781638741493225,True,0.8781638741493225,-92.3693444486548,0,0.6112122535705566
tcn_transformer_ae,45,1000,0.9680651426315308,0.829679032166799,9,9,5,0.8781638741493225,0.8781638741493225,-92.3693444486548,0,0.0003,/home/danderety/Documents/GitHub/TCN_Transformer_anomaly_analizer/outputs/lo2/models/tcn_transformer_ae_best.pt,real_val_plus_val_synthetic,0.2222222222222222,0.04597701149425287,0.0761904761904762,14.0,83.0,1.8092594921588883,1.8092594921588883,-0.9308088421821595,False,quantile,True,1.8233981907367696,-92.3693444486548,False,True,True,False,False,0.05,0.829679032166799,0.829679032166799,True,0.829679032166799,-92.3693444486548,0,3.23237681388855
tcn_transformer_ae,46,1000,0.9167863527933756,0.7864756186803182,9,9,5,0.829679032166799,0.829679032166799,-92.3693444486548,0,0.0003,/home/danderety/Documents/GitHub/TCN_Transformer_anomaly_analizer/outputs/lo2/models/tcn_transformer_ae_best.pt,real_val_plus_val_synthetic,,,,,,,,,,,False,,,False,False,True,False,False,0.05,0.7864756186803182,0.7864756186803182,True,0.7864756186803182,-92.3693444486548,0,0.6113111972808838
tcn_transformer_ae,47,1000,0.8671440680821737,0.7463698983192444,9,9,5,0.7864756186803182,0.7864756186803182,-92.3693444486548,0,0.0003,/home/danderety/Documents/GitHub/TCN_Transformer_anomaly_analizer/outputs/lo2/models/tcn_transformer_ae_best.pt,real_val_plus_val_synthetic,,,,,,,,,,,False,,,False,False,True,False,False,0.05,0.7463698983192444,0.7463698983192444,True,0.7463698983192444,-92.3693444486548,0,0.6099221706390381
tcn_transformer_ae,48,1000,0.8291878501574198,0.7103601495424906,9,9,5,0.7463698983192444,0.7463698983192444,-92.3693444486548,0,0.0003,/home/danderety/Documents/GitHub/TCN_Transformer_anomaly_analizer/outputs/lo2/models/tcn_transformer_ae_best.pt,real_val_plus_val_synthetic,,,,,,,,,,,False,,,False,False,True,False,False,0.05,0.7103601495424906,0.7103601495424906,True,0.7103601495424906,-92.3693444486548,0,0.6756110191345215
tcn_transformer_ae,49,1000,0.7912221352259318,0.6765703161557516,9,9,5,0.7103601495424906,0.7103601495424906,-92.3693444486548,0,0.0003,/home/danderety/Documents/GitHub/TCN_Transformer_anomaly_analizer/outputs/lo2/models/tcn_transformer_ae_best.pt,real_val_plus_val_synthetic,,,,,,,,,,,False,,,False,False,True,False,False,0.05,0.6765703161557516,0.6765703161557516,True,0.6765703161557516,-92.3693444486548,0,2.309372663497925
tcn_transformer_ae,50,1000,0.7511491378148397,0.6459949215253195,9,9,5,0.6765703161557516,0.6765703161557516,-92.3693444486548,0,0.0003,/home/danderety/Documents/GitHub/TCN_Transformer_anomaly_analizer/outputs/lo2/models/tcn_transformer_ae_best.pt,real_val_plus_val_synthetic,0.2631578947368421,0.05747126436781609,0.09433962264150944,14.0,82.0,1.7530021786689751,1.7530021786689751,-0.8327235579490663,False,quantile,True,1.8092594921588883,-91.22475852059456,True,True,True,True,True,0.05,0.6459949215253195,0.6459949215253195,True,0.6459949215253195,-91.22475852059456,0,2.1106159687042236
tcn_transformer_ae,51,1000,0.7205694715181986,0.6173242131868998,9,9,5,0.6459949215253195,0.6459949215253195,-91.22475852059456,0,0.0003,/home/danderety/Documents/GitHub/TCN_Transformer_anomaly_analizer/outputs/lo2/models/tcn_transformer_ae_best.pt,real_val_plus_val_synthetic,,,,,,,,,,,False,,,False,False,True,False,False,0.05,0.6173242131868998,0.6173242131868998,True,0.6173242131868998,-91.22475852059456,0,2.333576202392578
tcn_transformer_ae,52,1000,0.6901418566703796,0.5908661683400472,9,9,5,0.6173242131868998,0.6173242131868998,-91.22475852059456,0,0.0003,/home/danderety/Documents/GitHub/TCN_Transformer_anomaly_analizer/outputs/lo2/models/tcn_transformer_ae_best.pt,real_val_plus_val_synthetic,,,,,,,,,,,False,,,False,False,True,False,False,0.05,0.5908661683400472,0.5908661683400472,True,0.5908661683400472,-91.22475852059456,0,0.6134042739868164
tcn_transformer_ae,53,1000,0.6611743768056234,0.5663036902745565,9,9,5,0.5908661683400472,0.5908661683400472,-91.22475852059456,0,0.0003,/home/danderety/Documents/GitHub/TCN_Transformer_anomaly_analizer/outputs/lo2/models/tcn_transformer_ae_best.pt,real_val_plus_val_synthetic,,,,,,,,,,,False,,,False,False,True,False,False,0.05,0.5663036902745565,0.5663036902745565,True,0.5663036902745565,-91.22475852059456,0,0.6077699661254883
tcn_transformer_ae,54,1000,0.6372174223264059,0.5429474115371704,9,9,5,0.5663036902745565,0.5663036902745565,-91.22475852059456,0,0.0003,/home/danderety/Documents/GitHub/TCN_Transformer_anomaly_analizer/outputs/lo2/models/tcn_transformer_ae_best.pt,real_val_plus_val_synthetic,,,,,,,,,,,False,,,False,False,True,False,False,0.05,0.5429474115371704,0.5429474115371704,True,0.5429474115371704,-91.22475852059456,0,0.6175186634063721
tcn_transformer_ae,55,1000,0.6100332736968994,0.5215790569782257,9,9,5,0.5429474115371704,0.5429474115371704,-91.22475852059456,0,0.0003,/home/danderety/Documents/GitHub/TCN_Transformer_anomaly_analizer/outputs/lo2/models/tcn_transformer_ae_best.pt,real_val_plus_val_synthetic,0.2631578947368421,0.05747126436781609,0.09433962264150944,14.0,82.0,1.7987849533557885,1.7987849533557885,-0.7781466841697694,False,quantile,True,1.7530021786689751,-91.22475852059456,False,True,True,False,False,0.05,0.5215790569782257,0.5215790569782257,True,0.5215790569782257,-91.22475852059456,0,2.1891186237335205
tcn_transformer_ae,56,1000,0.5869245727856954,0.5009732445081075,9,9,5,0.5215790569782257,0.5215790569782257,-91.22475852059456,0,0.0003,/home/danderety/Documents/GitHub/TCN_Transformer_anomaly_analizer/outputs/lo2/models/tcn_transformer_ae_best.pt,real_val_plus_val_synthetic,,,,,,,,,,,False,,,False,False,True,False,False,0.05,0.5009732445081075,0.5009732445081075,True,0.5009732445081075,-91.22475852059456,0,1.2852096557617188
tcn_transformer_ae,57,1000,0.5642237265904745,0.4814337690671285,9,9,5,0.5009732445081075,0.5009732445081075,-91.22475852059456,0,0.0003,/home/danderety/Documents/GitHub/TCN_Transformer_anomaly_analizer/outputs/lo2/models/tcn_transformer_ae_best.pt,real_val_plus_val_synthetic,,,,,,,,,,,False,,,False,False,True,False,False,0.05,0.4814337690671285,0.4814337690671285,True,0.4814337690671285,-91.22475852059456,0,1.0111920833587646
tcn_transformer_ae,58,1000,0.544507364432017,0.46308250228563946,9,9,5,0.4814337690671285,0.4814337690671285,-91.22475852059456,0,0.0003,/home/danderety/Documents/GitHub/TCN_Transformer_anomaly_analizer/outputs/lo2/models/tcn_transformer_ae_best.pt,real_val_plus_val_synthetic,,,,,,,,,,,False,,,False,False,True,False,False,0.05,0.46308250228563946,0.46308250228563946,True,0.46308250228563946,-91.22475852059456,0,1.4353115558624268
tcn_transformer_ae,59,1000,0.5240134398142496,0.4453733464082082,9,9,5,0.46308250228563946,0.46308250228563946,-91.22475852059456,0,0.0003,/home/danderety/Documents/GitHub/TCN_Transformer_anomaly_analizer/outputs/lo2/models/tcn_transformer_ae_best.pt,real_val_plus_val_synthetic,,,,,,,,,,,False,,,False,False,True,False,False,0.05,0.4453733464082082,0.4453733464082082,True,0.4453733464082082,-91.22475852059456,0,0.9210109710693359
tcn_transformer_ae,60,1000,0.5052200555801392,0.4287691116333008,9,9,5,0.4453733464082082,0.4453733464082082,-91.22475852059456,0,0.0003,/home/danderety/Documents/GitHub/TCN_Transformer_anomaly_analizer/outputs/lo2/models/tcn_transformer_ae_best.pt,real_val_plus_val_synthetic,0.2631578947368421,0.05747126436781609,0.09433962264150944,14.0,82.0,1.8161570370197286,1.8161570370197286,-0.7403931617736818,False,quantile,True,1.7987849533557885,-91.22475852059456,False,True,True,False,False,0.05,0.4287691116333008,0.4287691116333008,True,0.4287691116333008,-91.22475852059456,0,2.092196226119995
tcn_transformer_ae,61,1000,0.4868464271227519,0.4125117063522339,9,9,5,0.4287691116333008,0.4287691116333008,-91.22475852059456,0,0.0003,/home/danderety/Documents/GitHub/TCN_Transformer_anomaly_analizer/outputs/lo2/models/tcn_transformer_ae_best.pt,real_val_plus_val_synthetic,,,,,,,,,,,False,,,False,False,True,False,False,0.05,0.4125117063522339,0.4125117063522339,True,0.4125117063522339,-91.22475852059456,0,0.6523306369781494
tcn_transformer_ae,62,1000,0.4703241487344106,0.39719181259473163,9,9,5,0.4125117063522339,0.4125117063522339,-91.22475852059456,0,0.0003,/home/danderety/Documents/GitHub/TCN_Transformer_anomaly_analizer/outputs/lo2/models/tcn_transformer_ae_best.pt,real_val_plus_val_synthetic,,,,,,,,,,,False,,,False,False,True,False,False,0.05,0.39719181259473163,0.39719181259473163,True,0.39719181259473163,-91.22475852059456,0,2.5362513065338135
tcn_transformer_ae,63,1000,0.45502419273058575,0.38228119413057965,9,9,5,0.39719181259473163,0.39719181259473163,-91.22475852059456,0,0.0003,/home/danderety/Documents/GitHub/TCN_Transformer_anomaly_analizer/outputs/lo2/models/tcn_transformer_ae_best.pt,real_val_plus_val_synthetic,,,,,,,,,,,False,,,False,False,True,False,False,0.05,0.38228119413057965,0.38228119413057965,True,0.38228119413057965,-91.22475852059456,0,0.6011290550231934
tcn_transformer_ae,64,1000,0.43913060426712036,0.36813682317733765,9,9,5,0.38228119413057965,0.38228119413057965,-91.22475852059456,0,0.0003,/home/danderety/Documents/GitHub/TCN_Transformer_anomaly_analizer/outputs/lo2/models/tcn_transformer_ae_best.pt,real_val_plus_val_synthetic,,,,,,,,,,,False,,,False,False,True,False,False,0.05,0.36813682317733765,0.36813682317733765,True,0.36813682317733765,-91.22475852059456,0,0.6175360679626465
tcn_transformer_ae,65,1000,0.42302169402440387,0.3542380730311076,9,9,5,0.36813682317733765,0.36813682317733765,-91.22475852059456,0,0.0003,/home/danderety/Documents/GitHub/TCN_Transformer_anomaly_analizer/outputs/lo2/models/tcn_transformer_ae_best.pt,real_val_plus_val_synthetic,0.3,0.06896551724137931,0.11214953271028037,14.0,81.0,1.9493161499500253,1.9493161499500253,-0.7073710560798646,False,quantile,True,1.8161570370197286,-90.0805118289166,True,True,True,True,True,0.05,0.3542380730311076,0.3542380730311076,True,0.3542380730311076,-90.0805118289166,0,2.0988409519195557
tcn_transformer_ae,66,1000,0.40941407283147174,0.34104470411936444,9,9,5,0.3542380730311076,0.3542380730311076,-90.0805118289166,0,0.0003,/home/danderety/Documents/GitHub/TCN_Transformer_anomaly_analizer/outputs/lo2/models/tcn_transformer_ae_best.pt,real_val_plus_val_synthetic,,,,,,,,,,,False,,,False,False,True,False,False,0.05,0.34104470411936444,0.34104470411936444,True,0.34104470411936444,-90.0805118289166,0,1.4272148609161377
tcn_transformer_ae,67,1000,0.39579813679059345,0.3280822237332662,9,9,5,0.34104470411936444,0.34104470411936444,-90.0805118289166,0,0.0003,/home/danderety/Documents/GitHub/TCN_Transformer_anomaly_analizer/outputs/lo2/models/tcn_transformer_ae_best.pt,real_val_plus_val_synthetic,,,,,,,,,,,False,,,False,False,True,False,False,0.05,0.3280822237332662,0.3280822237332662,True,0.3280822237332662,-90.0805118289166,0,0.626544713973999
tcn_transformer_ae,68,1000,0.38226542870203656,0.315822829802831,9,9,5,0.3280822237332662,0.3280822237332662,-90.0805118289166,0,0.0003,/home/danderety/Documents/GitHub/TCN_Transformer_anomaly_analizer/outputs/lo2/models/tcn_transformer_ae_best.pt,real_val_plus_val_synthetic,,,,,,,,,,,False,,,False,False,True,False,False,0.05,0.315822829802831,0.315822829802831,True,0.315822829802831,-90.0805118289166,0,0.6513605117797852
tcn_transformer_ae,69,1000,0.36810970306396484,0.3038054307301839,9,9,5,0.315822829802831,0.315822829802831,-90.0805118289166,0,0.0003,/home/danderety/Documents/GitHub/TCN_Transformer_anomaly_analizer/outputs/lo2/models/tcn_transformer_ae_best.pt,real_val_plus_val_synthetic,,,,,,,,,,,False,,,False,False,True,False,False,0.05,0.3038054307301839,0.3038054307301839,True,0.3038054307301839,-90.0805118289166,0,1.958254098892212
tcn_transformer_ae,70,1000,0.3552241822083791,0.29221490025520325,9,9,5,0.3038054307301839,0.3038054307301839,-90.0805118289166,0,0.0003,/home/danderety/Documents/GitHub/TCN_Transformer_anomaly_analizer/outputs/lo2/models/tcn_transformer_ae_best.pt,real_val_plus_val_synthetic,0.25,0.05747126436781609,0.09345794392523364,15.0,82.0,2.0858403444290134,2.0858403444290134,-0.7143986821174623,False,quantile,True,1.9493161499500253,-91.22930320297384,False,True,True,False,False,0.05,0.29221490025520325,0.29221490025520325,True,0.29221490025520325,-90.0805118289166,0,2.077131509780884
tcn_transformer_ae,71,1000,0.3420126934846242,0.281123807032903,9,9,5,0.29221490025520325,0.29221490025520325,-90.0805118289166,0,0.0003,/home/danderety/Documents/GitHub/TCN_Transformer_anomaly_analizer/outputs/lo2/models/tcn_transformer_ae_best.pt,real_val_plus_val_synthetic,,,,,,,,,,,False,,,False,False,True,False,False,0.05,0.281123807032903,0.281123807032903,True,0.281123807032903,-90.0805118289166,0,2.54313325881958
tcn_transformer_ae,72,1000,0.3313063085079193,0.2702407439549764,9,9,5,0.281123807032903,0.281123807032903,-90.0805118289166,0,0.0003,/home/danderety/Documents/GitHub/TCN_Transformer_anomaly_analizer/outputs/lo2/models/tcn_transformer_ae_best.pt,real_val_plus_val_synthetic,,,,,,,,,,,False,,,False,False,True,False,False,0.05,0.2702407439549764,0.2702407439549764,True,0.2702407439549764,-90.0805118289166,0,0.6244149208068848
tcn_transformer_ae,73,1000,0.31913769245147705,0.2598277082045873,9,9,5,0.2702407439549764,0.2702407439549764,-90.0805118289166,0,0.0003,/home/danderety/Documents/GitHub/TCN_Transformer_anomaly_analizer/outputs/lo2/models/tcn_transformer_ae_best.pt,real_val_plus_val_synthetic,,,,,,,,,,,False,,,False,False,True,False,False,0.05,0.2598277082045873,0.2598277082045873,True,0.2598277082045873,-90.0805118289166,0,0.6349718570709229
tcn_transformer_ae,74,1000,0.30874783794085187,0.24961534142494202,9,9,5,0.2598277082045873,0.2598277082045873,-90.0805118289166,0,0.0003,/home/danderety/Documents/GitHub/TCN_Transformer_anomaly_analizer/outputs/lo2/models/tcn_transformer_ae_best.pt,real_val_plus_val_synthetic,,,,,,,,,,,False,,,False,False,True,False,False,0.05,0.24961534142494202,0.24961534142494202,True,0.24961534142494202,-90.0805118289166,0,0.6067495346069336
tcn_transformer_ae,75,1000,0.298656165599823,0.23988126715024313,9,9,5,0.24961534142494202,0.24961534142494202,-90.0805118289166,0,0.0003,/home/danderety/Documents/GitHub/TCN_Transformer_anomaly_analizer/outputs/lo2/models/tcn_transformer_ae_best.pt,real_val_plus_val_synthetic,0.21052631578947367,0.04597701149425287,0.07547169811320754,15.0,83.0,2.2583007216453495,2.2583007216453495,-0.7364363670349122,False,quantile,True,2.0858403444290134,-92.37372623039506,False,True,True,False,False,0.05,0.23988126715024313,0.23988126715024313,True,0.23988126715024313,-90.0805118289166,0,2.1082684993743896
tcn_transformer_ae,76,1000,0.28707430760065716,0.23038253684838614,9,9,5,0.23988126715024313,0.23988126715024313,-90.0805118289166,0,0.0003,/home/danderety/Documents/GitHub/TCN_Transformer_anomaly_analizer/outputs/lo2/models/tcn_transformer_ae_best.pt,real_val_plus_val_synthetic,,,,,,,,,,,False,,,False,False,True,False,False,0.05,0.23038253684838614,0.23038253684838614,True,0.23038253684838614,-90.0805118289166,0,2.2481703758239746
tcn_transformer_ae,77,1000,0.278832068045934,0.22131366531054178,9,9,5,0.23038253684838614,0.23038253684838614,-90.0805118289166,0,0.0003,/home/danderety/Documents/GitHub/TCN_Transformer_anomaly_analizer/outputs/lo2/models/tcn_transformer_ae_best.pt,real_val_plus_val_synthetic,,,,,,,,,,,False,,,False,False,True,False,False,0.05,0.22131366531054178,0.22131366531054178,True,0.22131366531054178,-90.0805118289166,0,0.7754991054534912
tcn_transformer_ae,78,1000,0.26724663376808167,0.21251548329989114,9,9,5,0.22131366531054178,0.22131366531054178,-90.0805118289166,0,0.0003,/home/danderety/Documents/GitHub/TCN_Transformer_anomaly_analizer/outputs/lo2/models/tcn_transformer_ae_best.pt,real_val_plus_val_synthetic,,,,,,,,,,,False,,,False,False,True,False,False,0.05,0.21251548329989114,0.21251548329989114,True,0.21251548329989114,-90.0805118289166,0,2.330411434173584
tcn_transformer_ae,79,1000,0.26134030520915985,0.20396803319454193,9,9,5,0.21251548329989114,0.21251548329989114,-90.0805118289166,0,0.0003,/home/danderety/Documents/GitHub/TCN_Transformer_anomaly_analizer/outputs/lo2/models/tcn_transformer_ae_best.pt,real_val_plus_val_synthetic,,,,,,,,,,,False,,,False,False,True,False,False,0.05,0.20396803319454193,0.20396803319454193,True,0.20396803319454193,-90.0805118289166,0,0.6121997833251953
tcn_transformer_ae,80,1000,0.2489103227853775,0.1958483358224233,9,9,5,0.20396803319454193,0.20396803319454193,-90.0805118289166,0,0.0003,/home/danderety/Documents/GitHub/TCN_Transformer_anomaly_analizer/outputs/lo2/models/tcn_transformer_ae_best.pt,real_val_plus_val_synthetic,0.21052631578947367,0.04597701149425287,0.07547169811320754,15.0,83.0,2.591806983947753,2.591806983947753,-0.7212201356887818,False,quantile,True,2.2583007216453495,-92.37372623039506,False,True,True,False,False,0.05,0.1958483358224233,0.1958483358224233,True,0.1958483358224233,-90.0805118289166,0,2.1581785678863525
tcn_transformer_ae,81,1000,0.23920016487439474,0.18791058162848154,9,9,5,0.1958483358224233,0.1958483358224233,-90.0805118289166,0,0.0003,/home/danderety/Documents/GitHub/TCN_Transformer_anomaly_analizer/outputs/lo2/models/tcn_transformer_ae_best.pt,real_val_plus_val_synthetic,,,,,,,,,,,False,,,False,False,True,False,False,0.05,0.18791058162848154,0.18791058162848154,True,0.18791058162848154,-90.0805118289166,0,1.6571404933929443
tcn_transformer_ae,82,1000,0.23234979311625162,0.18027673165003458,9,9,5,0.18791058162848154,0.18791058162848154,-90.0805118289166,0,0.0003,/home/danderety/Documents/GitHub/TCN_Transformer_anomaly_analizer/outputs/lo2/models/tcn_transformer_ae_best.pt,real_val_plus_val_synthetic,,,,,,,,,,,False,,,False,False,True,False,False,0.05,0.18027673165003458,0.18027673165003458,True,0.18027673165003458,-90.0805118289166,0,1.7603874206542969
tcn_transformer_ae,83,1000,0.22293431063493094,0.17289202411969504,9,9,5,0.18027673165003458,0.18027673165003458,-90.0805118289166,0,0.0003,/home/danderety/Documents/GitHub/TCN_Transformer_anomaly_analizer/outputs/lo2/models/tcn_transformer_ae_best.pt,real_val_plus_val_synthetic,,,,,,,,,,,False,,,False,False,True,False,False,0.05,0.17289202411969504,0.17289202411969504,True,0.17289202411969504,-90.0805118289166,0,0.8156154155731201
tcn_transformer_ae,84,1000,0.21455814441045126,0.16583906610806784,9,9,5,0.17289202411969504,0.17289202411969504,-90.0805118289166,0,0.0003,/home/danderety/Documents/GitHub/TCN_Transformer_anomaly_analizer/outputs/lo2/models/tcn_transformer_ae_best.pt,real_val_plus_val_synthetic,,,,,,,,,,,False,,,False,False,True,False,False,0.05,0.16583906610806784,0.16583906610806784,True,0.16583906610806784,-90.0805118289166,0,2.4132513999938965
tcn_transformer_ae,85,1000,0.2081423650185267,0.15898015101750693,9,9,5,0.16583906610806784,0.16583906610806784,-90.0805118289166,0,0.0003,/home/danderety/Documents/GitHub/TCN_Transformer_anomaly_analizer/outputs/lo2/models/tcn_transformer_ae_best.pt,real_val_plus_val_synthetic,0.2,0.04597701149425287,0.07476635514018691,16.0,83.0,2.7390789508819564,2.7390789508819564,-0.7277312874794007,False,quantile,True,2.591806983947753,-92.37809457703109,False,True,True,False,False,0.05,0.15898015101750693,0.15898015101750693,True,0.15898015101750693,-90.0805118289166,0,2.114523410797119
tcn_transformer_ae,86,1000,0.20030301809310913,0.15243280430634817,9,9,5,0.15898015101750693,0.15898015101750693,-90.0805118289166,0,0.0003,/home/danderety/Documents/GitHub/TCN_Transformer_anomaly_analizer/outputs/lo2/models/tcn_transformer_ae_best.pt,real_val_plus_val_synthetic,,,,,,,,,,,False,,,False,False,True,False,False,0.05,0.15243280430634817,0.15243280430634817,True,0.15243280430634817,-90.0805118289166,0,2.2916173934936523
tcn_transformer_ae,87,1000,0.19376793503761292,0.1463549087444941,9,9,5,0.15243280430634817,0.15243280430634817,-90.0805118289166,0,0.0003,/home/danderety/Documents/GitHub/TCN_Transformer_anomaly_analizer/outputs/lo2/models/tcn_transformer_ae_best.pt,real_val_plus_val_synthetic,,,,,,,,,,,False,,,False,False,True,False,False,0.05,0.1463549087444941,0.1463549087444941,True,0.1463549087444941,-90.0805118289166,0,0.6124451160430908
tcn_transformer_ae,88,1000,0.1859659751256307,0.14024599393208823,9,9,5,0.1463549087444941,0.1463549087444941,-90.0805118289166,0,0.0003,/home/danderety/Documents/GitHub/TCN_Transformer_anomaly_analizer/outputs/lo2/models/tcn_transformer_ae_best.pt,real_val_plus_val_synthetic,,,,,,,,,,,False,,,False,False,True,False,False,0.05,0.14024599393208823,0.14024599393208823,True,0.14024599393208823,-90.0805118289166,0,1.3638782501220703
tcn_transformer_ae,89,1000,0.17935400207837424,0.1346596578756968,9,9,5,0.14024599393208823,0.14024599393208823,-90.0805118289166,0,0.0003,/home/danderety/Documents/GitHub/TCN_Transformer_anomaly_analizer/outputs/lo2/models/tcn_transformer_ae_best.pt,real_val_plus_val_synthetic,,,,,,,,,,,False,,,False,False,True,False,False,0.05,0.1346596578756968,0.1346596578756968,True,0.1346596578756968,-90.0805118289166,0,0.7068817615509033
tcn_transformer_ae,90,1000,0.17309382061163583,0.12897182752688727,9,9,5,0.1346596578756968,0.1346596578756968,-90.0805118289166,0,0.0003,/home/danderety/Documents/GitHub/TCN_Transformer_anomaly_analizer/outputs/lo2/models/tcn_transformer_ae_best.pt,real_val_plus_val_synthetic,0.15789473684210525,0.034482758620689655,0.05660377358490566,16.0,84.0,3.041314959526059,3.041314959526059,-0.7022032141685487,False,quantile,True,2.7390789508819564,-93.52269394019557,False,True,True,False,False,0.05,0.12897182752688727,0.12897182752688727,True,0.12897182752688727,-90.0805118289166,0,2.105931520462036
tcn_transformer_ae,91,1000,0.1665543168783188,0.12385158489147823,9,9,5,0.12897182752688727,0.12897182752688727,-90.0805118289166,0,0.0003,/home/danderety/Documents/GitHub/TCN_Transformer_anomaly_analizer/outputs/lo2/models/tcn_transformer_ae_best.pt,real_val_plus_val_synthetic,,,,,,,,,,,False,,,False,False,True,False,False,0.05,0.12385158489147823,0.12385158489147823,True,0.12385158489147823,-90.0805118289166,0,2.5675344467163086
tcn_transformer_ae,92,1000,0.16111144920190176,0.11873957763115565,9,9,5,0.12385158489147823,0.12385158489147823,-90.0805118289166,0,0.0003,/home/danderety/Documents/GitHub/TCN_Transformer_anomaly_analizer/outputs/lo2/models/tcn_transformer_ae_best.pt,real_val_plus_val_synthetic,,,,,,,,,,,False,,,False,False,True,False,False,0.05,0.11873957763115565,0.11873957763115565,True,0.11873957763115565,-90.0805118289166,0,0.7006604671478271
tcn_transformer_ae,93,1000,0.15606246888637543,0.11395550519227982,9,9,5,0.11873957763115565,0.11873957763115565,-90.0805118289166,0,0.0003,/home/danderety/Documents/GitHub/TCN_Transformer_anomaly_analizer/outputs/lo2/models/tcn_transformer_ae_best.pt,real_val_plus_val_synthetic,,,,,,,,,,,False,,,False,False,True,False,False,0.05,0.11395550519227982,0.11395550519227982,True,0.11395550519227982,-90.0805118289166,0,2.5657529830932617
tcn_transformer_ae,94,1000,0.14984879891077676,0.10931550959746043,9,9,5,0.11395550519227982,0.11395550519227982,-90.0805118289166,0,0.0003,/home/danderety/Documents/GitHub/TCN_Transformer_anomaly_analizer/outputs/lo2/models/tcn_transformer_ae_best.pt,real_val_plus_val_synthetic,,,,,,,,,,,False,,,False,False,True,False,False,0.05,0.10931550959746043,0.10931550959746043,True,0.10931550959746043,-90.0805118289166,0,0.9115488529205322
tcn_transformer_ae,95,1000,0.14446831742922464,0.10491576790809631,9,9,5,0.10931550959746043,0.10931550959746043,-90.0805118289166,0,0.0003,/home/danderety/Documents/GitHub/TCN_Transformer_anomaly_analizer/outputs/lo2/models/tcn_transformer_ae_best.pt,real_val_plus_val_synthetic,0.15789473684210525,0.034482758620689655,0.05660377358490566,16.0,84.0,3.292601108551024,3.292601108551024,-0.7258256673812867,False,quantile,True,3.041314959526059,-93.52269394019557,False,True,True,False,False,0.05,0.10491576790809631,0.10491576790809631,True,0.10491576790809631,-90.0805118289166,0,2.076286554336548
tcn_transformer_ae,96,1000,0.14025046428044638,0.10076697915792465,9,9,5,0.10491576790809631,0.10491576790809631,-90.0805118289166,0,0.0003,/home/danderety/Documents/GitHub/TCN_Transformer_anomaly_analizer/outputs/lo2/models/tcn_transformer_ae_best.pt,real_val_plus_val_synthetic,,,,,,,,,,,False,,,False,False,True,False,False,0.05,0.10076697915792465,0.10076697915792465,True,0.10076697915792465,-90.0805118289166,0,0.9199910163879395
tcn_transformer_ae,97,1000,0.13442040731509527,0.0966907466451327,9,9,5,0.10076697915792465,0.10076697915792465,-90.0805118289166,0,0.0003,/home/danderety/Documents/GitHub/TCN_Transformer_anomaly_analizer/outputs/lo2/models/tcn_transformer_ae_best.pt,real_val_plus_val_synthetic,,,,,,,,,,,False,,,False,False,True,False,False,0.05,0.0966907466451327,0.0966907466451327,True,0.0966907466451327,-90.0805118289166,0,2.164658784866333
tcn_transformer_ae,98,1000,0.1311465005079905,0.09302370250225067,9,9,5,0.0966907466451327,0.0966907466451327,-90.0805118289166,0,0.0003,/home/danderety/Documents/GitHub/TCN_Transformer_anomaly_analizer/outputs/lo2/models/tcn_transformer_ae_best.pt,real_val_plus_val_synthetic,,,,,,,,,,,False,,,False,False,True,False,False,0.05,0.09302370250225067,0.09302370250225067,True,0.09302370250225067,-90.0805118289166,0,0.6134591102600098
tcn_transformer_ae,99,1000,0.12612267583608627,0.08932461092869441,9,9,5,0.09302370250225067,0.09302370250225067,-90.0805118289166,0,0.0003,/home/danderety/Documents/GitHub/TCN_Transformer_anomaly_analizer/outputs/lo2/models/tcn_transformer_ae_best.pt,real_val_plus_val_synthetic,,,,,,,,,,,False,,,False,False,True,False,False,0.05,0.08932461092869441,0.08932461092869441,True,0.08932461092869441,-90.0805118289166,0,0.6610827445983887
tcn_transformer_ae,100,1000,0.12131274491548538,0.0859032894174258,9,9,5,0.08932461092869441,0.08932461092869441,-90.0805118289166,0,0.0003,/home/danderety/Documents/GitHub/TCN_Transformer_anomaly_analizer/outputs/lo2/models/tcn_transformer_ae_best.pt,real_val_plus_val_synthetic,0.30434782608695654,0.08045977011494253,0.12727272727272726,16.0,80.0,3.313656842708585,3.313656842708585,-0.7298346161842347,False,quantile,True,3.292601108551024,-88.94627786007096,True,True,True,True,True,0.05,0.0859032894174258,0.0859032894174258,True,0.0859032894174258,-88.94627786007096,0,2.134093999862671
tcn_transformer_ae,101,1000,0.11768561601638794,0.08260734130938847,9,9,5,0.0859032894174258,0.0859032894174258,-88.94627786007096,0,0.0003,/home/danderety/Documents/GitHub/TCN_Transformer_anomaly_analizer/outputs/lo2/models/tcn_transformer_ae_best.pt,real_val_plus_val_synthetic,,,,,,,,,,,False,,,False,False,True,False,False,0.05,0.08260734130938847,0.08260734130938847,True,0.08260734130938847,-88.94627786007096,0,1.8320176601409912
tcn_transformer_ae,102,1000,0.11386204759279887,0.07940851897001266,9,9,5,0.08260734130938847,0.08260734130938847,-88.94627786007096,0,0.0003,/home/danderety/Documents/GitHub/TCN_Transformer_anomaly_analizer/outputs/lo2/models/tcn_transformer_ae_best.pt,real_val_plus_val_synthetic,,,,,,,,,,,False,,,False,False,True,False,False,0.05,0.07940851897001266,0.07940851897001266,True,0.07940851897001266,-88.94627786007096,0,1.2817726135253906
tcn_transformer_ae,103,1000,0.11011316378911336,0.07647935052712758,9,9,5,0.07940851897001266,0.07940851897001266,-88.94627786007096,0,0.0003,/home/danderety/Documents/GitHub/TCN_Transformer_anomaly_analizer/outputs/lo2/models/tcn_transformer_ae_best.pt,real_val_plus_val_synthetic,,,,,,,,,,,False,,,False,False,True,False,False,0.05,0.07647935052712758,0.07647935052712758,True,0.07647935052712758,-88.94627786007096,0,1.7625374794006348
tcn_transformer_ae,104,1000,0.10602160046497981,0.07363788038492203,9,9,5,0.07647935052712758,0.07647935052712758,-88.94627786007096,0,0.0003,/home/danderety/Documents/GitHub/TCN_Transformer_anomaly_analizer/outputs/lo2/models/tcn_transformer_ae_best.pt,real_val_plus_val_synthetic,,,,,,,,,,,False,,,False,False,True,False,False,0.05,0.07363788038492203,0.07363788038492203,True,0.07363788038492203,-88.94627786007096,0,1.6487476825714111
tcn_transformer_ae,105,1000,0.10396353403727214,0.07092399646838506,9,9,5,0.07363788038492203,0.07363788038492203,-88.94627786007096,0,0.0003,/home/danderety/Documents/GitHub/TCN_Transformer_anomaly_analizer/outputs/lo2/models/tcn_transformer_ae_best.pt,real_val_plus_val_synthetic,0.37037037037037035,0.11494252873563218,0.17543859649122806,17.0,77.0,3.7185229301452636,3.7185229301452636,-0.748429834842682,False,quantile,True,3.313656842708585,-85.52246464968789,True,True,True,True,True,0.05,0.07092399646838506,0.07092399646838506,True,0.07092399646838506,-85.52246464968789,0,2.0797901153564453
tcn_transformer_ae,106,1000,0.09976466993490855,0.06831285109122594,9,9,5,0.07092399646838506,0.07092399646838506,-85.52246464968789,0,0.0003,/home/danderety/Documents/GitHub/TCN_Transformer_anomaly_analizer/outputs/lo2/models/tcn_transformer_ae_best.pt,real_val_plus_val_synthetic,,,,,,,,,,,False,,,False,False,True,False,False,0.05,0.06831285109122594,0.06831285109122594,True,0.06831285109122594,-85.52246464968789,0,0.9146106243133545
tcn_transformer_ae,107,1000,0.09627556552489598,0.06592036659518878,9,9,5,0.06831285109122594,0.06831285109122594,-85.52246464968789,0,0.0003,/home/danderety/Documents/GitHub/TCN_Transformer_anomaly_analizer/outputs/lo2/models/tcn_transformer_ae_best.pt,real_val_plus_val_synthetic,,,,,,,,,,,False,,,False,False,True,False,False,0.05,0.06592036659518878,0.06592036659518878,True,0.06592036659518878,-85.52246464968789,0,2.3949310779571533
tcn_transformer_ae,108,1000,0.09303897619247437,0.06357928737998009,9,9,5,0.06592036659518878,0.06592036659518878,-85.52246464968789,0,0.0003,/home/danderety/Documents/GitHub/TCN_Transformer_anomaly_analizer/outputs/lo2/models/tcn_transformer_ae_best.pt,real_val_plus_val_synthetic,,,,,,,,,,,False,,,False,False,True,False,False,0.05,0.06357928737998009,0.06357928737998009,True,0.06357928737998009,-85.52246464968789,0,0.7311944961547852
tcn_transformer_ae,109,1000,0.0901511882742246,0.061326307555039726,9,9,5,0.06357928737998009,0.06357928737998009,-85.52246464968789,0,0.0003,/home/danderety/Documents/GitHub/TCN_Transformer_anomaly_analizer/outputs/lo2/models/tcn_transformer_ae_best.pt,real_val_plus_val_synthetic,,,,,,,,,,,False,,,False,False,True,False,False,0.05,0.061326307555039726,0.061326307555039726,True,0.061326307555039726,-85.52246464968789,0,2.4856832027435303
tcn_transformer_ae,110,1000,0.08755615850289662,0.059251836190621056,9,9,5,0.061326307555039726,0.061326307555039726,-85.52246464968789,0,0.0003,/home/danderety/Documents/GitHub/TCN_Transformer_anomaly_analizer/outputs/lo2/models/tcn_transformer_ae_best.pt,real_val_plus_val_synthetic,0.48484848484848486,0.1839080459770115,0.26666666666666666,17.0,71.0,3.9981733083724955,3.9981733083724955,-0.75375235080719,False,quantile,True,3.7185229301452636,-78.67261588985727,True,True,True,True,True,0.05,0.059251836190621056,0.059251836190621056,True,0.059251836190621056,-78.67261588985727,0,2.0900866985321045
tcn_transformer_ae,111,1000,0.08503023038307826,0.057200971990823746,9,9,5,0.059251836190621056,0.059251836190621056,-78.67261588985727,0,0.0003,/home/danderety/Documents/GitHub/TCN_Transformer_anomaly_analizer/outputs/lo2/models/tcn_transformer_ae_best.pt,real_val_plus_val_synthetic,,,,,,,,,,,False,,,False,False,True,False,False,0.05,0.057200971990823746,0.057200971990823746,True,0.057200971990823746,-78.67261588985727,0,2.5403473377227783
tcn_transformer_ae,112,1000,0.0823939045270284,0.05528396864732107,9,9,5,0.057200971990823746,0.057200971990823746,-78.67261588985727,0,0.0003,/home/danderety/Documents/GitHub/TCN_Transformer_anomaly_analizer/outputs/lo2/models/tcn_transformer_ae_best.pt,real_val_plus_val_synthetic,,,,,,,,,,,False,,,False,False,True,False,False,0.05,0.05528396864732107,0.05528396864732107,True,0.05528396864732107,-78.67261588985727,0,0.6179769039154053
tcn_transformer_ae,113,1000,0.08030186345179875,0.05352532242735227,9,9,5,0.05528396864732107,0.05528396864732107,-78.67261588985727,0,0.0003,/home/danderety/Documents/GitHub/TCN_Transformer_anomaly_analizer/outputs/lo2/models/tcn_transformer_ae_best.pt,real_val_plus_val_synthetic,,,,,,,,,,,False,,,False,False,True,False,False,0.05,0.05352532242735227,0.05352532242735227,True,0.05352532242735227,-78.67261588985727,0,0.6422202587127686
tcn_transformer_ae,114,1000,0.07816740870475769,0.05175258219242096,9,9,5,0.05352532242735227,0.05352532242735227,-78.67261588985727,0,0.0003,/home/danderety/Documents/GitHub/TCN_Transformer_anomaly_analizer/outputs/lo2/models/tcn_transformer_ae_best.pt,real_val_plus_val_synthetic,,,,,,,,,,,False,,,False,False,True,False,False,0.05,0.05175258219242096,0.05175258219242096,True,0.05175258219242096,-78.67261588985727,0,1.3390867710113525
tcn_transformer_ae,115,1000,0.07532971103986104,0.0500738595922788,9,9,5,0.05175258219242096,0.05175258219242096,-78.67261588985727,0,0.0003,/home/danderety/Documents/GitHub/TCN_Transformer_anomaly_analizer/outputs/lo2/models/tcn_transformer_ae_best.pt,real_val_plus_val_synthetic,0.5277777777777778,0.21839080459770116,0.3089430894308943,17.0,68.0,4.185030150413511,4.185030150413511,-0.7689480781555177,False,quantile,True,3.9981733083724955,-75.25102912226545,True,True,True,True,True,0.05,0.0500738595922788,0.0500738595922788,True,0.0500738595922788,-75.25102912226545,0,2.8896725177764893
tcn_transformer_ae,116,1000,0.07346101105213165,0.048517161359389625,9,9,5,0.0500738595922788,0.0500738595922788,-75.25102912226545,0,0.0003,/home/danderety/Documents/GitHub/TCN_Transformer_anomaly_analizer/outputs/lo2/models/tcn_transformer_ae_best.pt,real_val_plus_val_synthetic,,,,,,,,,,,False,,,False,False,True,False,False,0.05,0.048517161359389625,0.048517161359389625,True,0.048517161359389625,-75.25102912226545,0,0.6297969818115234
tcn_transformer_ae,117,1000,0.07200559228658676,0.04698113103707632,9,9,5,0.048517161359389625,0.048517161359389625,-75.25102912226545,0,0.0003,/home/danderety/Documents/GitHub/TCN_Transformer_anomaly_analizer/outputs/lo2/models/tcn_transformer_ae_best.pt,real_val_plus_val_synthetic,,,,,,,,,,,False,,,False,False,True,False,False,0.05,0.04698113103707632,0.04698113103707632,True,0.04698113103707632,-75.25102912226545,0,0.6082770824432373
tcn_transformer_ae,118,1000,0.06946137050787608,0.045528508722782135,9,9,5,0.04698113103707632,0.04698113103707632,-75.25102912226545,0,0.0003,/home/danderety/Documents/GitHub/TCN_Transformer_anomaly_analizer/outputs/lo2/models/tcn_transformer_ae_best.pt,real_val_plus_val_synthetic,,,,,,,,,,,False,,,False,False,True,False,False,0.05,0.045528508722782135,0.045528508722782135,True,0.045528508722782135,-75.25102912226545,0,0.8065261840820312
tcn_transformer_ae,119,1000,0.06764966746171315,0.04418605690201124,9,9,5,0.045528508722782135,0.045528508722782135,-75.25102912226545,0,0.0003,/home/danderety/Documents/GitHub/TCN_Transformer_anomaly_analizer/outputs/lo2/models/tcn_transformer_ae_best.pt,real_val_plus_val_synthetic,,,,,,,,,,,False,,,False,False,True,False,False,0.05,0.04418605690201124,0.04418605690201124,True,0.04418605690201124,-75.25102912226545,0,1.2794113159179688
tcn_transformer_ae,120,1000,0.066090593735377,0.04288156951467196,9,9,5,0.04418605690201124,0.04418605690201124,-75.25102912226545,0,0.0003,/home/danderety/Documents/GitHub/TCN_Transformer_anomaly_analizer/outputs/lo2/models/tcn_transformer_ae_best.pt,real_val_plus_val_synthetic,0.5853658536585366,0.27586206896551724,0.375,17.0,63.0,4.07910368442535,4.07910368442535,-0.7901253104209901,False,quantile,True,4.185030150413511,-69.55278830365037,True,True,True,True,True,0.05,0.04288156951467196,0.04288156951467196,True,0.04288156951467196,-69.55278830365037,0,2.1016554832458496
tcn_transformer_ae,121,1000,0.06414512048165004,0.041604132701953254,9,9,5,0.04288156951467196,0.04288156951467196,-69.55278830365037,0,0.0003,/home/danderety/Documents/GitHub/TCN_Transformer_anomaly_analizer/outputs/lo2/models/tcn_transformer_ae_best.pt,real_val_plus_val_synthetic,,,,,,,,,,,False,,,False,False,True,False,False,0.05,0.041604132701953254,0.041604132701953254,True,0.041604132701953254,-69.55278830365037,0,2.214101552963257
tcn_transformer_ae,122,1000,0.06253274530172348,0.04043157398700714,9,9,5,0.041604132701953254,0.041604132701953254,-69.55278830365037,0,0.0003,/home/danderety/Documents/GitHub/TCN_Transformer_anomaly_analizer/outputs/lo2/models/tcn_transformer_ae_best.pt,real_val_plus_val_synthetic,,,,,,,,,,,False,,,False,False,True,False,False,0.05,0.04043157398700714,0.04043157398700714,True,0.04043157398700714,-69.55278830365037,0,0.9716453552246094
tcn_transformer_ae,123,1000,0.060325589030981064,0.039269573986530304,9,9,5,0.04043157398700714,0.04043157398700714,-69.55278830365037,0,0.0003,/home/danderety/Documents/GitHub/TCN_Transformer_anomaly_analizer/outputs/lo2/models/tcn_transformer_ae_best.pt,real_val_plus_val_synthetic,,,,,,,,,,,False,,,False,False,True,False,False,0.05,0.039269573986530304,0.039269573986530304,True,0.039269573986530304,-69.55278830365037,0,1.3746366500854492
tcn_transformer_ae,124,1000,0.0591203806300958,0.03817336012919744,9,9,5,0.039269573986530304,0.039269573986530304,-69.55278830365037,0,0.0003,/home/danderety/Documents/GitHub/TCN_Transformer_anomaly_analizer/outputs/lo2/models/tcn_transformer_ae_best.pt,real_val_plus_val_synthetic,,,,,,,,,,,False,,,False,False,True,False,False,0.05,0.03817336012919744,0.03817336012919744,True,0.03817336012919744,-69.55278830365037,0,2.483311653137207
tcn_transformer_ae,125,1000,0.05769015848636627,0.037100338687499367,9,9,5,0.03817336012919744,0.03817336012919744,-69.55278830365037,0,0.0003,/home/danderety/Documents/GitHub/TCN_Transformer_anomaly_analizer/outputs/lo2/models/tcn_transformer_ae_best.pt,real_val_plus_val_synthetic,0.6458333333333334,0.3563218390804598,0.45925925925925926,17.0,56.0,3.97329220771789,3.97329220771789,-0.8066478371620179,False,quantile,True,4.07910368442535,-61.583471573126744,True,True,True,True,True,0.05,0.037100338687499367,0.037100338687499367,True,0.037100338687499367,-61.583471573126744,0,2.138664722442627
tcn_transformer_ae,126,1000,0.056109714011351265,0.03611974542339643,9,9,5,0.037100338687499367,0.037100338687499367,-61.583471573126744,0,0.0003,/home/danderety/Documents/GitHub/TCN_Transformer_anomaly_analizer/outputs/lo2/models/tcn_transformer_ae_best.pt,real_val_plus_val_synthetic,,,,,,,,,,,False,,,False,False,True,False,False,0.05,0.03611974542339643,0.03611974542339643,True,0.03611974542339643,-61.583471573126744,0,2.322023630142212
tcn_transformer_ae,127,1000,0.05516436696052551,0.03514926383892695,9,9,5,0.03611974542339643,0.03611974542339643,-61.583471573126744,0,0.0003,/home/danderety/Documents/GitHub/TCN_Transformer_anomaly_analizer/outputs/lo2/models/tcn_transformer_ae_best.pt,real_val_plus_val_synthetic,,,,,,,,,,,False,,,False,False,True,False,False,0.05,0.03514926383892695,0.03514926383892695,True,0.03514926383892695,-61.583471573126744,0,0.6331851482391357
tcn_transformer_ae,128,1000,0.05389715855320295,0.03420448303222656,9,9,5,0.03514926383892695,0.03514926383892695,-61.583471573126744,0,0.0003,/home/danderety/Documents/GitHub/TCN_Transformer_anomaly_analizer/outputs/lo2/models/tcn_transformer_ae_best.pt,real_val_plus_val_synthetic,,,,,,,,,,,False,,,False,False,True,False,False,0.05,0.03420448303222656,0.03420448303222656,True,0.03420448303222656,-61.583471573126744,0,0.6350531578063965
tcn_transformer_ae,129,1000,0.052453938871622086,0.03332961599032084,9,9,5,0.03420448303222656,0.03420448303222656,-61.583471573126744,0,0.0003,/home/danderety/Documents/GitHub/TCN_Transformer_anomaly_analizer/outputs/lo2/models/tcn_transformer_ae_best.pt,real_val_plus_val_synthetic,,,,,,,,,,,False,,,False,False,True,False,False,0.05,0.03332961599032084,0.03332961599032084,True,0.03332961599032084,-61.583471573126744,0,0.635735034942627
tcn_transformer_ae,130,1000,0.05132535348335902,0.03247451533873876,9,9,5,0.03332961599032084,0.03332961599032084,-61.583471573126744,0,0.0003,/home/danderety/Documents/GitHub/TCN_Transformer_anomaly_analizer/outputs/lo2/models/tcn_transformer_ae_best.pt,real_val_plus_val_synthetic,0.6851851851851852,0.42528735632183906,0.524822695035461,17.0,50.0,3.8189236283302237,3.8189236283302237,-0.7941187024116517,False,quantile,True,3.97329220771789,-54.75928744769537,True,True,True,True,True,0.05,0.03247451533873876,0.03247451533873876,True,0.03247451533873876,-54.75928744769537,0,2.118889808654785
tcn_transformer_ae,131,1000,0.05023025224606196,0.031665228928128876,9,9,5,0.03247451533873876,0.03247451533873876,-54.75928744769537,0,0.0003,/home/danderety/Documents/GitHub/TCN_Transformer_anomaly_analizer/outputs/lo2/models/tcn_transformer_ae_best.pt,real_val_plus_val_synthetic,,,,,,,,,,,False,,,False,False,True,False,False,0.05,0.031665228928128876,0.031665228928128876,True,0.031665228928128876,-54.75928744769537,0,1.153057336807251
tcn_transformer_ae,132,1000,0.04906460642814636,0.030889007573326428,9,9,5,0.031665228928128876,0.031665228928128876,-54.75928744769537,0,0.0003,/home/danderety/Documents/GitHub/TCN_Transformer_anomaly_analizer/outputs/lo2/models/tcn_transformer_ae_best.pt,real_val_plus_val_synthetic,,,,,,,,,,,False,,,False,False,True,False,False,0.05,0.030889007573326428,0.030889007573326428,True,0.030889007573326428,-54.75928744769537,0,1.5176403522491455
tcn_transformer_ae,133,1000,0.04756211986144384,0.030129745602607727,9,9,5,0.030889007573326428,0.030889007573326428,-54.75928744769537,0,0.0003,/home/danderety/Documents/GitHub/TCN_Transformer_anomaly_analizer/outputs/lo2/models/tcn_transformer_ae_best.pt,real_val_plus_val_synthetic,,,,,,,,,,,False,,,False,False,True,False,False,0.05,0.030129745602607727,0.030129745602607727,True,0.030129745602607727,-54.75928744769537,0,1.4139792919158936
tcn_transformer_ae,134,1000,0.04681515693664551,0.02940680707494418,9,9,5,0.030129745602607727,0.030129745602607727,-54.75928744769537,0,0.0003,/home/danderety/Documents/GitHub/TCN_Transformer_anomaly_analizer/outputs/lo2/models/tcn_transformer_ae_best.pt,real_val_plus_val_synthetic,,,,,,,,,,,False,,,False,False,True,False,False,0.05,0.02940680707494418,0.02940680707494418,True,0.02940680707494418,-54.75928744769537,0,2.2709009647369385
tcn_transformer_ae,135,1000,0.045500248670578,0.028722478697697323,9,9,5,0.02940680707494418,0.02940680707494418,-54.75928744769537,0,0.0003,/home/danderety/Documents/GitHub/TCN_Transformer_anomaly_analizer/outputs/lo2/models/tcn_transformer_ae_best.pt,real_val_plus_val_synthetic,0.6851851851851852,0.42528735632183906,0.524822695035461,17.0,50.0,3.6560718655586184,3.6560718655586184,-0.7974666953086854,False,quantile,True,3.8189236283302237,-54.75928744769537,False,True,True,False,False,0.05,0.028722478697697323,0.028722478697697323,True,0.028722478697697323,-54.75928744769537,0,2.1131627559661865
tcn_transformer_ae,136,1000,0.04495773216088613,0.028052980080246925,9,9,5,0.028722478697697323,0.028722478697697323,-54.75928744769537,0,0.0003,/home/danderety/Documents/GitHub/TCN_Transformer_anomaly_analizer/outputs/lo2/models/tcn_transformer_ae_best.pt,real_val_plus_val_synthetic,,,,,,,,,,,False,,,False,False,True,False,False,0.05,0.028052980080246925,0.028052980080246925,True,0.028052980080246925,-54.75928744769537,0,1.116636037826538
tcn_transformer_ae,137,1000,0.04391796141862869,0.027383537963032722,9,9,5,0.028052980080246925,0.028052980080246925,-54.75928744769537,0,0.0003,/home/danderety/Documents/GitHub/TCN_Transformer_anomaly_analizer/outputs/lo2/models/tcn_transformer_ae_best.pt,real_val_plus_val_synthetic,,,,,,,,,,,False,,,False,False,True,False,False,0.05,0.027383537963032722,0.027383537963032722,True,0.027383537963032722,-54.75928744769537,0,2.8322253227233887
tcn_transformer_ae,138,1000,0.04288355012734731,0.026782214020689327,9,9,5,0.027383537963032722,0.027383537963032722,-54.75928744769537,0,0.0003,/home/danderety/Documents/GitHub/TCN_Transformer_anomaly_analizer/outputs/lo2/models/tcn_transformer_ae_best.pt,real_val_plus_val_synthetic,,,,,,,,,,,False,,,False,False,True,False,False,0.05,0.026782214020689327,0.026782214020689327,True,0.026782214020689327,-54.75928744769537,0,0.61197829246521
tcn_transformer_ae,139,1000,0.04213300347328186,0.026190107067426045,9,9,5,0.026782214020689327,0.026782214020689327,-54.75928744769537,0,0.0003,/home/danderety/Documents/GitHub/TCN_Transformer_anomaly_analizer/outputs/lo2/models/tcn_transformer_ae_best.pt,real_val_plus_val_synthetic,,,,,,,,,,,False,,,False,False,True,False,False,0.05,0.026190107067426045,0.026190107067426045,True,0.026190107067426045,-54.75928744769537,0,0.8752596378326416
tcn_transformer_ae,140,1000,0.04114869733651479,0.02561185819407304,9,9,5,0.026190107067426045,0.026190107067426045,-54.75928744769537,0,0.0003,/home/danderety/Documents/GitHub/TCN_Transformer_anomaly_analizer/outputs/lo2/models/tcn_transformer_ae_best.pt,real_val_plus_val_synthetic,0.6851851851851852,0.42528735632183906,0.524822695035461,17.0,50.0,3.6063695311546295,3.6063695311546295,-0.7940096259117128,False,quantile,True,3.6560718655586184,-54.75928744769537,False,True,True,False,False,0.05,0.02561185819407304,0.02561185819407304,True,0.02561185819407304,-54.75928744769537,0,2.1261465549468994
tcn_transformer_ae,141,1000,0.040199256191651024,0.025061316788196564,9,9,5,0.02561185819407304,0.02561185819407304,-54.75928744769537,0,0.0003,/home/danderety/Documents/GitHub/TCN_Transformer_anomaly_analizer/outputs/lo2/models/tcn_transformer_ae_best.pt,real_val_plus_val_synthetic,,,,,,,,,,,False,,,False,False,True,False,False,0.05,0.025061316788196564,0.025061316788196564,True,0.025061316788196564,-54.75928744769537,0,1.7168476581573486
tcn_transformer_ae,142,1000,0.03965731089313825,0.024539366985360783,9,9,5,0.025061316788196564,0.025061316788196564,-54.75928744769537,0,0.0003,/home/danderety/Documents/GitHub/TCN_Transformer_anomaly_analizer/outputs/lo2/models/tcn_transformer_ae_best.pt,real_val_plus_val_synthetic,,,,,,,,,,,False,,,False,False,True,False,False,0.05,0.024539366985360783,0.024539366985360783,True,0.024539366985360783,-54.75928744769537,0,1.3058397769927979
tcn_transformer_ae,143,1000,0.03892581909894943,0.024012742564082146,9,9,5,0.024539366985360783,0.024539366985360783,-54.75928744769537,0,0.0003,/home/danderety/Documents/GitHub/TCN_Transformer_anomaly_analizer/outputs/lo2/models/tcn_transformer_ae_best.pt,real_val_plus_val_synthetic,,,,,,,,,,,False,,,False,False,True,False,False,0.05,0.024012742564082146,0.024012742564082146,True,0.024012742564082146,-54.75928744769537,0,0.6283655166625977
tcn_transformer_ae,144,1000,0.03801856686671575,0.02350941300392151,9,9,5,0.024012742564082146,0.024012742564082146,-54.75928744769537,0,0.0003,/home/danderety/Documents/GitHub/TCN_Transformer_anomaly_analizer/outputs/lo2/models/tcn_transformer_ae_best.pt,real_val_plus_val_synthetic,,,,,,,,,,,False,,,False,False,True,False,False,0.05,0.02350941300392151,0.02350941300392151,True,0.02350941300392151,-54.75928744769537,0,0.6380245685577393
tcn_transformer_ae,145,1000,0.03735991443196932,0.02303234115242958,9,9,5,0.02350941300392151,0.02350941300392151,-54.75928744769537,0,0.0003,/home/danderety/Documents/GitHub/TCN_Transformer_anomaly_analizer/outputs/lo2/models/tcn_transformer_ae_best.pt,real_val_plus_val_synthetic,0.6851851851851852,0.42528735632183906,0.524822695035461,17.0,50.0,3.4580960512161236,3.4580960512161236,-0.7925662398338319,False,quantile,True,3.6063695311546295,-54.75928744769537,False,True,True,False,False,0.05,0.02303234115242958,0.02303234115242958,True,0.02303234115242958,-54.75928744769537,0,2.151068687438965
tcn_transformer_ae,146,1000,0.03681332617998123,0.02257334627211094,9,9,5,0.02303234115242958,0.02303234115242958,-54.75928744769537,0,0.0003,/home/danderety/Documents/GitHub/TCN_Transformer_anomaly_analizer/outputs/lo2/models/tcn_transformer_ae_best.pt,real_val_plus_val_synthetic,,,,,,,,,,,False,,,False,False,True,False,False,0.05,0.02257334627211094,0.02257334627211094,True,0.02257334627211094,-54.75928744769537,0,2.3825321197509766
tcn_transformer_ae,147,1000,0.03615494817495346,0.022110344221194584,9,9,5,0.02257334627211094,0.02257334627211094,-54.75928744769537,0,0.0003,/home/danderety/Documents/GitHub/TCN_Transformer_anomaly_analizer/outputs/lo2/models/tcn_transformer_ae_best.pt,real_val_plus_val_synthetic,,,,,,,,,,,False,,,False,False,True,False,False,0.05,0.022110344221194584,0.022110344221194584,True,0.022110344221194584,-54.75928744769537,0,0.6866471767425537
tcn_transformer_ae,148,1000,0.0355123778184255,0.02168464350203673,9,9,5,0.022110344221194584,0.022110344221194584,-54.75928744769537,0,0.0003,/home/danderety/Documents/GitHub/TCN_Transformer_anomaly_analizer/outputs/lo2/models/tcn_transformer_ae_best.pt,real_val_plus_val_synthetic,,,,,,,,,,,False,,,False,False,True,False,False,0.05,0.02168464350203673,0.02168464350203673,True,0.02168464350203673,-54.75928744769537,0,1.2140424251556396
tcn_transformer_ae,149,1000,0.0348199096818765,0.02127284991244475,9,9,5,0.02168464350203673,0.02168464350203673,-54.75928744769537,0,0.0003,/home/danderety/Documents/GitHub/TCN_Transformer_anomaly_analizer/outputs/lo2/models/tcn_transformer_ae_best.pt,real_val_plus_val_synthetic,,,,,,,,,,,False,,,False,False,True,False,False,0.05,0.02127284991244475,0.02127284991244475,True,0.02127284991244475,-54.75928744769537,0,2.3520994186401367
tcn_transformer_ae,150,1000,0.03418434535463651,0.020873139301935833,9,9,5,0.02127284991244475,0.02127284991244475,-54.75928744769537,0,0.0003,/home/danderety/Documents/GitHub/TCN_Transformer_anomaly_analizer/outputs/lo2/models/tcn_transformer_ae_best.pt,real_val_plus_val_synthetic,0.6851851851851852,0.42528735632183906,0.524822695035461,17.0,50.0,3.3224390029907216,3.3224390029907216,-0.7929689884185792,False,quantile,True,3.4580960512161236,-54.75928744769537,False,True,True,False,False,0.05,0.020873139301935833,0.020873139301935833,True,0.020873139301935833,-54.75928744769537,0,2.1180715560913086
tcn_transformer_ae,151,1000,0.03349336236715317,0.020462827757000923,9,9,5,0.020873139301935833,0.020873139301935833,-54.75928744769537,0,0.0003,/home/danderety/Documents/GitHub/TCN_Transformer_anomaly_analizer/outputs/lo2/models/tcn_transformer_ae_best.pt,real_val_plus_val_synthetic,,,,,,,,,,,False,,,False,False,True,False,False,0.05,0.020462827757000923,0.020462827757000923,True,0.020462827757000923,-54.75928744769537,0,1.9387023448944092
tcn_transformer_ae,152,1000,0.03291411573688189,0.020087057103713352,9,9,5,0.020462827757000923,0.020462827757000923,-54.75928744769537,0,0.0003,/home/danderety/Documents/GitHub/TCN_Transformer_anomaly_analizer/outputs/lo2/models/tcn_transformer_ae_best.pt,real_val_plus_val_synthetic,,,,,,,,,,,False,,,False,False,True,False,False,0.05,0.020087057103713352,0.020087057103713352,True,0.020087057103713352,-54.75928744769537,0,1.9268898963928223
tcn_transformer_ae,153,1000,0.032405950129032135,0.019726612294713657,9,9,5,0.020087057103713352,0.020087057103713352,-54.75928744769537,0,0.0003,/home/danderety/Documents/GitHub/TCN_Transformer_anomaly_analizer/outputs/lo2/models/tcn_transformer_ae_best.pt,real_val_plus_val_synthetic,,,,,,,,,,,False,,,False,False,True,False,False,0.05,0.019726612294713657,0.019726612294713657,True,0.019726612294713657,-54.75928744769537,0,1.7884278297424316
tcn_transformer_ae,154,1000,0.03177829086780548,0.019371508931120236,9,9,5,0.019726612294713657,0.019726612294713657,-54.75928744769537,0,0.0003,/home/danderety/Documents/GitHub/TCN_Transformer_anomaly_analizer/outputs/lo2/models/tcn_transformer_ae_best.pt,real_val_plus_val_synthetic,,,,,,,,,,,False,,,False,False,True,False,False,0.05,0.019371508931120236,0.019371508931120236,True,0.019371508931120236,-54.75928744769537,0,0.6142823696136475
tcn_transformer_ae,155,1000,0.03122680572172006,0.019016739601890247,9,9,5,0.019371508931120236,0.019371508931120236,-54.75928744769537,0,0.0003,/home/danderety/Documents/GitHub/TCN_Transformer_anomaly_analizer/outputs/lo2/models/tcn_transformer_ae_best.pt,real_val_plus_val_synthetic,0.6909090909090909,0.4367816091954023,0.5352112676056338,17.0,49.0,3.1816726565361018,3.1816726565361018,-0.7901586294174195,False,quantile,True,3.3224390029907216,-53.622462093516006,True,True,True,True,True,0.05,0.019016739601890247,0.019016739601890247,True,0.019016739601890247,-53.622462093516006,0,2.092054605484009
tcn_transformer_ae,156,1000,0.03094860352575779,0.018689294035236042,9,9,5,0.019016739601890247,0.019016739601890247,-53.622462093516006,0,0.0003,/home/danderety/Documents/GitHub/TCN_Transformer_anomaly_analizer/outputs/lo2/models/tcn_transformer_ae_best.pt,real_val_plus_val_synthetic,,,,,,,,,,,False,,,False,False,True,False,False,0.05,0.018689294035236042,0.018689294035236042,True,0.018689294035236042,-53.622462093516006,0,0.6358804702758789
tcn_transformer_ae,157,1000,0.030285806705554325,0.01836937976380189,9,9,5,0.018689294035236042,0.018689294035236042,-53.622462093516006,0,0.0003,/home/danderety/Documents/GitHub/TCN_Transformer_anomaly_analizer/outputs/lo2/models/tcn_transformer_ae_best.pt,real_val_plus_val_synthetic,,,,,,,,,,,False,,,False,False,True,False,False,0.05,0.01836937976380189,0.01836937976380189,True,0.01836937976380189,-53.622462093516006,0,0.6174893379211426
tcn_transformer_ae,158,1000,0.02987887275715669,0.01804858073592186,9,9,5,0.01836937976380189,0.01836937976380189,-53.622462093516006,0,0.0003,/home/danderety/Documents/GitHub/TCN_Transformer_anomaly_analizer/outputs/lo2/models/tcn_transformer_ae_best.pt,real_val_plus_val_synthetic,,,,,,,,,,,False,,,False,False,True,False,False,0.05,0.01804858073592186,0.01804858073592186,True,0.01804858073592186,-53.622462093516006,0,0.6257667541503906
tcn_transformer_ae,159,1000,0.02941458858549595,0.017736627409855526,9,9,5,0.01804858073592186,0.01804858073592186,-53.622462093516006,0,0.0003,/home/danderety/Documents/GitHub/TCN_Transformer_anomaly_analizer/outputs/lo2/models/tcn_transformer_ae_best.pt,real_val_plus_val_synthetic,,,,,,,,,,,False,,,False,False,True,False,False,0.05,0.017736627409855526,0.017736627409855526,True,0.017736627409855526,-53.622462093516006,0,0.9867305755615234
tcn_transformer_ae,160,1000,0.028887725124756496,0.017436920975645382,9,9,5,0.017736627409855526,0.017736627409855526,-53.622462093516006,0,0.0003,/home/danderety/Documents/GitHub/TCN_Transformer_anomaly_analizer/outputs/lo2/models/tcn_transformer_ae_best.pt,real_val_plus_val_synthetic,0.6909090909090909,0.4367816091954023,0.5352112676056338,17.0,49.0,3.0877229332923872,3.0877229332923872,-0.7929555773735047,False,quantile,True,3.1816726565361018,-53.622462093516006,False,True,True,False,False,0.05,0.017436920975645382,0.017436920975645382,True,0.017436920975645382,-53.622462093516006,0,2.056537628173828
tcn_transformer_ae,161,1000,0.028431668256719906,0.01714569206039111,9,9,5,0.017436920975645382,0.017436920975645382,-53.622462093516006,0,0.0003,/home/danderety/Documents/GitHub/TCN_Transformer_anomaly_analizer/outputs/lo2/models/tcn_transformer_ae_best.pt,real_val_plus_val_synthetic,,,,,,,,,,,False,,,False,False,True,False,False,0.05,0.01714569206039111,0.01714569206039111,True,0.01714569206039111,-53.622462093516006,0,0.6701188087463379
tcn_transformer_ae,162,1000,0.028015246614813805,0.016863518704970677,9,9,5,0.01714569206039111,0.01714569206039111,-53.622462093516006,0,0.0003,/home/danderety/Documents/GitHub/TCN_Transformer_anomaly_analizer/outputs/lo2/models/tcn_transformer_ae_best.pt,real_val_plus_val_synthetic,,,,,,,,,,,False,,,False,False,True,False,False,0.05,0.016863518704970677,0.016863518704970677,True,0.016863518704970677,-53.622462093516006,0,2.468406915664673
tcn_transformer_ae,163,1000,0.027465002611279488,0.016586899757385254,9,9,5,0.016863518704970677,0.016863518704970677,-53.622462093516006,0,0.0003,/home/danderety/Documents/GitHub/TCN_Transformer_anomaly_analizer/outputs/lo2/models/tcn_transformer_ae_best.pt,real_val_plus_val_synthetic,,,,,,,,,,,False,,,False,False,True,False,False,0.05,0.016586899757385254,0.016586899757385254,True,0.016586899757385254,-53.622462093516006,0,0.6111166477203369
tcn_transformer_ae,164,1000,0.027187994370857876,0.016325114915768307,9,9,5,0.016586899757385254,0.016586899757385254,-53.622462093516006,0,0.0003,/home/danderety/Documents/GitHub/TCN_Transformer_anomaly_analizer/outputs/lo2/models/tcn_transformer_ae_best.pt,real_val_plus_val_synthetic,,,,,,,,,,,False,,,False,False,True,False,False,0.05,0.016325114915768307,0.016325114915768307,True,0.016325114915768307,-53.622462093516006,0,0.7726194858551025
tcn_transformer_ae,165,1000,0.02672232873737812,0.016067901626229286,9,9,5,0.016325114915768307,0.016325114915768307,-53.622462093516006,0,0.0003,/home/danderety/Documents/GitHub/TCN_Transformer_anomaly_analizer/outputs/lo2/models/tcn_transformer_ae_best.pt,real_val_plus_val_synthetic,0.6909090909090909,0.4367816091954023,0.5352112676056338,17.0,49.0,3.065897476673124,3.065897476673124,-0.7962661385536195,False,quantile,True,3.0877229332923872,-53.622462093516006,False,True,True,False,False,0.05,0.016067901626229286,0.016067901626229286,True,0.016067901626229286,-53.622462093516006,0,2.1152074337005615
tcn_transformer_ae,166,1000,0.026341050242384274,0.015821419656276703,9,9,5,0.016067901626229286,0.016067901626229286,-53.622462093516006,0,0.0003,/home/danderety/Documents/GitHub/TCN_Transformer_anomaly_analizer/outputs/lo2/models/tcn_transformer_ae_best.pt,real_val_plus_val_synthetic,,,,,,,,,,,False,,,False,False,True,False,False,0.05,0.015821419656276703,0.015821419656276703,True,0.015821419656276703,-53.622462093516006,0,2.420163869857788
tcn_transformer_ae,167,1000,0.026046741132934887,0.015575777118404707,9,9,5,0.015821419656276703,0.015821419656276703,-53.622462093516006,0,0.0003,/home/danderety/Documents/GitHub/TCN_Transformer_anomaly_analizer/outputs/lo2/models/tcn_transformer_ae_best.pt,real_val_plus_val_synthetic,,,,,,,,,,,False,,,False,False,True,False,False,0.05,0.015575777118404707,0.015575777118404707,True,0.015575777118404707,-53.622462093516006,0,1.566096544265747
tcn_transformer_ae,168,1000,0.02531365305185318,0.015336175759633383,9,9,5,0.015575777118404707,0.015575777118404707,-53.622462093516006,0,0.0003,/home/danderety/Documents/GitHub/TCN_Transformer_anomaly_analizer/outputs/lo2/models/tcn_transformer_ae_best.pt,real_val_plus_val_synthetic,,,,,,,,,,,False,,,False,False,True,False,False,0.05,0.015336175759633383,0.015336175759633383,True,0.015336175759633383,-53.622462093516006,0,1.4446384906768799
tcn_transformer_ae,169,1000,0.025151781116922695,0.015103263159592947,9,9,5,0.015336175759633383,0.015336175759633383,-53.622462093516006,0,0.0003,/home/danderety/Documents/GitHub/TCN_Transformer_anomaly_analizer/outputs/lo2/models/tcn_transformer_ae_best.pt,real_val_plus_val_synthetic,,,,,,,,,,,False,,,False,False,True,False,False,0.05,0.015103263159592947,0.015103263159592947,True,0.015103263159592947,-53.622462093516006,0,0.6419916152954102
tcn_transformer_ae,170,1000,0.024923357491691906,0.014880554440120855,9,9,5,0.015103263159592947,0.015103263159592947,-53.622462093516006,0,0.0003,/home/danderety/Documents/GitHub/TCN_Transformer_anomaly_analizer/outputs/lo2/models/tcn_transformer_ae_best.pt,real_val_plus_val_synthetic,0.6909090909090909,0.4367816091954023,0.5352112676056338,17.0,49.0,3.046612179279327,3.046612179279327,-0.7955377697944642,False,quantile,True,3.065897476673124,-53.622462093516006,False,True,True,False,False,0.05,0.014880554440120855,0.014880554440120855,True,0.014880554440120855,-53.622462093516006,0,2.0563981533050537
tcn_transformer_ae,171,1000,0.024551263079047203,0.01465860071281592,9,9,5,0.014880554440120855,0.014880554440120855,-53.622462093516006,0,0.0003,/home/danderety/Documents/GitHub/TCN_Transformer_anomaly_analizer/outputs/lo2/models/tcn_transformer_ae_best.pt,real_val_plus_val_synthetic,,,,,,,,,,,False,,,False,False,True,False,False,0.05,0.01465860071281592,0.01465860071281592,True,0.01465860071281592,-53.622462093516006,0,0.6064112186431885
tcn_transformer_ae,172,1000,0.024161462982495625,0.01443977498759826,9,9,5,0.01465860071281592,0.01465860071281592,-53.622462093516006,0,0.0003,/home/danderety/Documents/GitHub/TCN_Transformer_anomaly_analizer/outputs/lo2/models/tcn_transformer_ae_best.pt,real_val_plus_val_synthetic,,,,,,,,,,,False,,,False,False,True,False,False,0.05,0.01443977498759826,0.01443977498759826,True,0.01443977498759826,-53.622462093516006,0,0.6146166324615479
tcn_transformer_ae,173,1000,0.023784085487325985,0.014230630981425444,9,9,5,0.01443977498759826,0.01443977498759826,-53.622462093516006,0,0.0003,/home/danderety/Documents/GitHub/TCN_Transformer_anomaly_analizer/outputs/lo2/models/tcn_transformer_ae_best.pt,real_val_plus_val_synthetic,,,,,,,,,,,False,,,False,False,True,False,False,0.05,0.014230630981425444,0.014230630981425444,True,0.014230630981425444,-53.622462093516006,0,0.6054723262786865
tcn_transformer_ae,174,1000,0.023456366111834843,0.014029717693726221,9,9,5,0.014230630981425444,0.014230630981425444,-53.622462093516006,0,0.0003,/home/danderety/Documents/GitHub/TCN_Transformer_anomaly_analizer/outputs/lo2/models/tcn_transformer_ae_best.pt,real_val_plus_val_synthetic,,,,,,,,,,,False,,,False,False,True,False,False,0.05,0.014029717693726221,0.014029717693726221,True,0.014029717693726221,-53.622462093516006,0,0.618983268737793
tcn_transformer_ae,175,1000,0.023234087973833084,0.013831167792280516,9,9,5,0.014029717693726221,0.014029717693726221,-53.622462093516006,0,0.0003,/home/danderety/Documents/GitHub/TCN_Transformer_anomaly_analizer/outputs/lo2/models/tcn_transformer_ae_best.pt,real_val_plus_val_synthetic,0.7090909090909091,0.4482758620689655,0.5492957746478874,16.0,48.0,2.9587379932403546,2.9587379932403546,-0.7985699772834779,False,quantile,True,3.046612179279327,-52.47827780120155,True,True,True,True,True,0.05,0.013831167792280516,0.013831167792280516,True,0.013831167792280516,-52.47827780120155,0,2.084862232208252
tcn_transformer_ae,176,1000,0.022937802597880363,0.013636826227108637,9,9,5,0.013831167792280516,0.013831167792280516,-52.47827780120155,0,0.0003,/home/danderety/Documents/GitHub/TCN_Transformer_anomaly_analizer/outputs/lo2/models/tcn_transformer_ae_best.pt,real_val_plus_val_synthetic,,,,,,,,,,,False,,,False,False,True,False,False,0.05,0.013636826227108637,0.013636826227108637,True,0.013636826227108637,-52.47827780120155,0,1.9841759204864502
tcn_transformer_ae,177,1000,0.02255496320625146,0.013446683684984842,9,9,5,0.013636826227108637,0.013636826227108637,-52.47827780120155,0,0.0003,/home/danderety/Documents/GitHub/TCN_Transformer_anomaly_analizer/outputs/lo2/models/tcn_transformer_ae_best.pt,real_val_plus_val_synthetic,,,,,,,,,,,False,,,False,False,True,False,False,0.05,0.013446683684984842,0.013446683684984842,True,0.013446683684984842,-52.47827780120155,0,0.893996000289917
tcn_transformer_ae,178,1000,0.022253920634587605,0.01326455424229304,9,9,5,0.013446683684984842,0.013446683684984842,-52.47827780120155,0,0.0003,/home/danderety/Documents/GitHub/TCN_Transformer_anomaly_analizer/outputs/lo2/models/tcn_transformer_ae_best.pt,real_val_plus_val_synthetic,,,,,,,,,,,False,,,False,False,True,False,False,0.05,0.01326455424229304,0.01326455424229304,True,0.01326455424229304,-52.47827780120155,0,2.282802104949951
tcn_transformer_ae,179,1000,0.02190879297753175,0.013083161475757757,9,9,5,0.01326455424229304,0.01326455424229304,-52.47827780120155,0,0.0003,/home/danderety/Documents/GitHub/TCN_Transformer_anomaly_analizer/outputs/lo2/models/tcn_transformer_ae_best.pt,real_val_plus_val_synthetic,,,,,,,,,,,False,,,False,False,True,False,False,0.05,0.013083161475757757,0.013083161475757757,True,0.013083161475757757,-52.47827780120155,0,2.4954280853271484
tcn_transformer_ae,180,1000,0.021736883247892063,0.012902590135733286,9,9,5,0.013083161475757757,0.013083161475757757,-52.47827780120155,0,0.0003,/home/danderety/Documents/GitHub/TCN_Transformer_anomaly_analizer/outputs/lo2/models/tcn_transformer_ae_best.pt,real_val_plus_val_synthetic,0.7142857142857143,0.45977011494252873,0.5594405594405595,16.0,47.0,2.8313452601432783,2.8313452601432783,-0.8006599545478822,False,quantile,True,2.9587379932403546,-51.341696234799684,True,True,True,True,True,0.05,0.012902590135733286,0.012902590135733286,True,0.012902590135733286,-51.341696234799684,0,2.0858497619628906
tcn_transformer_ae,181,1000,0.021424680948257446,0.01272718608379364,9,9,5,0.012902590135733286,0.012902590135733286,-51.341696234799684,0,0.0003,/home/danderety/Documents/GitHub/TCN_Transformer_anomaly_analizer/outputs/lo2/models/tcn_transformer_ae_best.pt,real_val_plus_val_synthetic,,,,,,,,,,,False,,,False,False,True,False,False,0.05,0.01272718608379364,0.01272718608379364,True,0.01272718608379364,-51.341696234799684,0,0.6580944061279297
tcn_transformer_ae,182,1000,0.021092670659224193,0.012559824002285799,9,9,5,0.01272718608379364,0.01272718608379364,-51.341696234799684,0,0.0003,/home/danderety/Documents/GitHub/TCN_Transformer_anomaly_analizer/outputs/lo2/models/tcn_transformer_ae_best.pt,real_val_plus_val_synthetic,,,,,,,,,,,False,,,False,False,True,False,False,0.05,0.012559824002285799,0.012559824002285799,True,0.012559824002285799,-51.341696234799684,0,2.532762289047241
tcn_transformer_ae,183,1000,0.020867207398017246,0.012398187381525835,9,9,5,0.012559824002285799,0.012559824002285799,-51.341696234799684,0,0.0003,/home/danderety/Documents/GitHub/TCN_Transformer_anomaly_analizer/outputs/lo2/models/tcn_transformer_ae_best.pt,real_val_plus_val_synthetic,,,,,,,,,,,False,,,False,False,True,False,False,0.05,0.012398187381525835,0.012398187381525835,True,0.012398187381525835,-51.341696234799684,0,0.6172683238983154
tcn_transformer_ae,184,1000,0.02055647534628709,0.01223686058074236,9,9,5,0.012398187381525835,0.012398187381525835,-51.341696234799684,0,0.0003,/home/danderety/Documents/GitHub/TCN_Transformer_anomaly_analizer/outputs/lo2/models/tcn_transformer_ae_best.pt,real_val_plus_val_synthetic,,,,,,,,,,,False,,,False,False,True,False,False,0.05,0.01223686058074236,0.01223686058074236,True,0.01223686058074236,-51.341696234799684,0,0.8225357532501221
tcn_transformer_ae,185,1000,0.020436692362030346,0.01207776398708423,9,9,5,0.01223686058074236,0.01223686058074236,-51.341696234799684,0,0.0003,/home/danderety/Documents/GitHub/TCN_Transformer_anomaly_analizer/outputs/lo2/models/tcn_transformer_ae_best.pt,real_val_plus_val_synthetic,0.7192982456140351,0.47126436781609193,0.5694444444444444,16.0,46.0,2.758826100826262,2.758826100826262,-0.8106564283370973,False,quantile,True,2.8313452601432783,-50.20525556818661,True,True,True,True,True,0.05,0.01207776398708423,0.01207776398708423,True,0.01207776398708423,-50.20525556818661,0,2.7912161350250244
tcn_transformer_ae,186,1000,0.020105700319012005,0.011923530449469885,9,9,5,0.01207776398708423,0.01207776398708423,-50.20525556818661,0,0.0003,/home/danderety/Documents/GitHub/TCN_Transformer_anomaly_analizer/outputs/lo2/models/tcn_transformer_ae_best.pt,real_val_plus_val_synthetic,,,,,,,,,,,False,,,False,False,True,False,False,0.05,0.011923530449469885,0.011923530449469885,True,0.011923530449469885,-50.20525556818661,0,0.612349271774292
tcn_transformer_ae,187,1000,0.019779710099101067,0.011774715967476368,9,9,5,0.011923530449469885,0.011923530449469885,-50.20525556818661,0,0.0003,/home/danderety/Documents/GitHub/TCN_Transformer_anomaly_analizer/outputs/lo2/models/tcn_transformer_ae_best.pt,real_val_plus_val_synthetic,,,,,,,,,,,False,,,False,False,True,False,False,0.05,0.011774715967476368,0.011774715967476368,True,0.011774715967476368,-50.20525556818661,0,0.6099083423614502
tcn_transformer_ae,188,1000,0.019696418195962906,0.011628720909357071,9,9,5,0.011774715967476368,0.011774715967476368,-50.20525556818661,0,0.0003,/home/danderety/Documents/GitHub/TCN_Transformer_anomaly_analizer/outputs/lo2/models/tcn_transformer_ae_best.pt,real_val_plus_val_synthetic,,,,,,,,,,,False,,,False,False,True,False,False,0.05,0.011628720909357071,0.011628720909357071,True,0.011628720909357071,-50.20525556818661,0,0.6393454074859619
tcn_transformer_ae,189,1000,0.019425950323541958,0.011481425104041895,9,9,5,0.011628720909357071,0.011628720909357071,-50.20525556818661,0,0.0003,/home/danderety/Documents/GitHub/TCN_Transformer_anomaly_analizer/outputs/lo2/models/tcn_transformer_ae_best.pt,real_val_plus_val_synthetic,,,,,,,,,,,False,,,False,False,True,False,False,0.05,0.011481425104041895,0.011481425104041895,True,0.011481425104041895,-50.20525556818661,0,0.6165034770965576
tcn_transformer_ae,190,1000,0.0192060178766648,0.011339557046691576,9,9,5,0.011481425104041895,0.011481425104041895,-50.20525556818661,0,0.0003,/home/danderety/Documents/GitHub/TCN_Transformer_anomaly_analizer/outputs/lo2/models/tcn_transformer_ae_best.pt,real_val_plus_val_synthetic,0.7192982456140351,0.47126436781609193,0.5694444444444444,16.0,46.0,2.6949640750885,2.6949640750885,-0.8164662718772889,False,quantile,True,2.758826100826262,-50.20525556818661,False,True,True,False,False,0.05,0.011339557046691576,0.011339557046691576,True,0.011339557046691576,-50.20525556818661,0,2.1036319732666016
tcn_transformer_ae,191,1000,0.019015231480201084,0.011200482957065105,9,9,5,0.011339557046691576,0.011339557046691576,-50.20525556818661,0,0.0003,/home/danderety/Documents/GitHub/TCN_Transformer_anomaly_analizer/outputs/lo2/models/tcn_transformer_ae_best.pt,real_val_plus_val_synthetic,,,,,,,,,,,False,,,False,False,True,False,False,0.05,0.011200482957065105,0.011200482957065105,True,0.011200482957065105,-50.20525556818661,0,2.593367338180542
tcn_transformer_ae,192,1000,0.018789760768413544,0.011063731896380583,9,9,5,0.011200482957065105,0.011200482957065105,-50.20525556818661,0,0.0003,/home/danderety/Documents/GitHub/TCN_Transformer_anomaly_analizer/outputs/lo2/models/tcn_transformer_ae_best.pt,real_val_plus_val_synthetic,,,,,,,,,,,False,,,False,False,True,False,False,0.05,0.011063731896380583,0.011063731896380583,True,0.011063731896380583,-50.20525556818661,0,0.6092932224273682
tcn_transformer_ae,193,1000,0.01851374035080274,0.010931956581771374,9,9,5,0.011063731896380583,0.011063731896380583,-50.20525556818661,0,0.0003,/home/danderety/Documents/GitHub/TCN_Transformer_anomaly_analizer/outputs/lo2/models/tcn_transformer_ae_best.pt,real_val_plus_val_synthetic,,,,,,,,,,,False,,,False,False,True,False,False,0.05,0.010931956581771374,0.010931956581771374,True,0.010931956581771374,-50.20525556818661,0,0.6132712364196777
tcn_transformer_ae,194,1000,0.018419225389758747,0.010801993000010649,9,9,5,0.010931956581771374,0.010931956581771374,-50.20525556818661,0,0.0003,/home/danderety/Documents/GitHub/TCN_Transformer_anomaly_analizer/outputs/lo2/models/tcn_transformer_ae_best.pt,real_val_plus_val_synthetic,,,,,,,,,,,False,,,False,False,True,False,False,0.05,0.010801993000010649,0.010801993000010649,True,0.010801993000010649,-50.20525556818661,0,0.6275832653045654
tcn_transformer_ae,195,1000,0.018146110077699024,0.01067137842377027,9,9,5,0.010801993000010649,0.010801993000010649,-50.20525556818661,0,0.0003,/home/danderety/Documents/GitHub/TCN_Transformer_anomaly_analizer/outputs/lo2/models/tcn_transformer_ae_best.pt,real_val_plus_val_synthetic,0.7192982456140351,0.47126436781609193,0.5694444444444444,16.0,46.0,2.643783700466155,2.643783700466155,-0.82131826877594,False,quantile,True,2.6949640750885,-50.20525556818661,False,True,True,False,False,0.05,0.01067137842377027,0.01067137842377027,True,0.01067137842377027,-50.20525556818661,0,2.0664010047912598
tcn_transformer_ae,196,1000,0.017889661093552906,0.010545938275754452,9,9,5,0.01067137842377027,0.01067137842377027,-50.20525556818661,0,0.0003,/home/danderety/Documents/GitHub/TCN_Transformer_anomaly_analizer/outputs/lo2/models/tcn_transformer_ae_best.pt,real_val_plus_val_synthetic,,,,,,,,,,,False,,,False,False,True,False,False,0.05,0.010545938275754452,0.010545938275754452,True,0.010545938275754452,-50.20525556818661,0,0.6171755790710449
tcn_transformer_ae,197,1000,0.017715351656079292,0.010419467774530252,9,9,5,0.010545938275754452,0.010545938275754452,-50.20525556818661,0,0.0003,/home/danderety/Documents/GitHub/TCN_Transformer_anomaly_analizer/outputs/lo2/models/tcn_transformer_ae_best.pt,real_val_plus_val_synthetic,,,,,,,,,,,False,,,False,False,True,False,False,0.05,0.010419467774530252,0.010419467774530252,True,0.010419467774530252,-50.20525556818661,0,0.6317250728607178
tcn_transformer_ae,198,1000,0.01757950149476528,0.0102955661714077,9,9,5,0.010419467774530252,0.010419467774530252,-50.20525556818661,0,0.0003,/home/danderety/Documents/GitHub/TCN_Transformer_anomaly_analizer/outputs/lo2/models/tcn_transformer_ae_best.pt,real_val_plus_val_synthetic,,,,,,,,,,,False,,,False,False,True,False,False,0.05,0.0102955661714077,0.0102955661714077,True,0.0102955661714077,-50.20525556818661,0,2.5171990394592285
tcn_transformer_ae,199,1000,0.01726494977871577,0.010175644730528196,9,9,5,0.0102955661714077,0.0102955661714077,-50.20525556818661,0,0.0003,/home/danderety/Documents/GitHub/TCN_Transformer_anomaly_analizer/outputs/lo2/models/tcn_transformer_ae_best.pt,real_val_plus_val_synthetic,,,,,,,,,,,False,,,False,False,True,False,False,0.05,0.010175644730528196,0.010175644730528196,True,0.010175644730528196,-50.20525556818661,0,0.6435122489929199
tcn_transformer_ae,200,1000,0.017070464168985684,0.010060354135930538,9,9,5,0.010175644730528196,0.010175644730528196,-50.20525556818661,0,0.0003,/home/danderety/Documents/GitHub/TCN_Transformer_anomaly_analizer/outputs/lo2/models/tcn_transformer_ae_best.pt,real_val_plus_val_synthetic,0.7192982456140351,0.47126436781609193,0.5694444444444444,16.0,46.0,2.6158128857612604,2.6158128857612604,-0.8281129598617555,False,quantile,True,2.643783700466155,-50.20525556818661,False,True,True,False,False,0.05,0.010060354135930538,0.010060354135930538,True,0.010060354135930538,-50.20525556818661,0,2.1341025829315186
tcn_transformer_ae,201,1000,0.016925863300760586,0.009945612400770187,9,9,5,0.010060354135930538,0.010060354135930538,-50.20525556818661,0,0.0003,/home/danderety/Documents/GitHub/TCN_Transformer_anomaly_analizer/outputs/lo2/models/tcn_transformer_ae_best.pt,real_val_plus_val_synthetic,,,,,,,,,,,False,,,False,False,True,False,False,0.05,0.009945612400770187,0.009945612400770187,True,0.009945612400770187,-50.20525556818661,0,2.6516191959381104
tcn_transformer_ae,202,1000,0.01679423761864503,0.009833094974358877,9,9,5,0.009945612400770187,0.009945612400770187,-50.20525556818661,0,0.0003,/home/danderety/Documents/GitHub/TCN_Transformer_anomaly_analizer/outputs/lo2/models/tcn_transformer_ae_best.pt,real_val_plus_val_synthetic,,,,,,,,,,,False,,,False,False,True,False,False,0.05,0.009833094974358877,0.009833094974358877,True,0.009833094974358877,-50.20525556818661,0,1.7407891750335693
tcn_transformer_ae,203,1000,0.016572785874207813,0.009724391934772333,9,9,5,0.009833094974358877,0.009833094974358877,-50.20525556818661,0,0.0003,/home/danderety/Documents/GitHub/TCN_Transformer_anomaly_analizer/outputs/lo2/models/tcn_transformer_ae_best.pt,real_val_plus_val_synthetic,,,,,,,,,,,False,,,False,False,True,False,False,0.05,0.009724391934772333,0.009724391934772333,True,0.009724391934772333,-50.20525556818661,0,0.6107072830200195
tcn_transformer_ae,204,1000,0.01644044617811839,0.009618338818351427,9,9,5,0.009724391934772333,0.009724391934772333,-50.20525556818661,0,0.0003,/home/danderety/Documents/GitHub/TCN_Transformer_anomaly_analizer/outputs/lo2/models/tcn_transformer_ae_best.pt,real_val_plus_val_synthetic,,,,,,,,,,,False,,,False,False,True,False,False,0.05,0.009618338818351427,0.009618338818351427,True,0.009618338818351427,-50.20525556818661,0,0.9715251922607422
tcn_transformer_ae,205,1000,0.016273769550025463,0.009511913793782393,9,9,5,0.009618338818351427,0.009618338818351427,-50.20525556818661,0,0.0003,/home/danderety/Documents/GitHub/TCN_Transformer_anomaly_analizer/outputs/lo2/models/tcn_transformer_ae_best.pt,real_val_plus_val_synthetic,0.711864406779661,0.4827586206896552,0.5753424657534246,17.0,45.0,2.5982443213462827,2.5982443213462827,-0.8243205547332765,False,quantile,True,2.6158128857612604,-49.07658376893143,True,True,True,True,True,0.05,0.009511913793782393,0.009511913793782393,True,0.009511913793782393,-49.07658376893143,0,2.0702083110809326
tcn_transformer_ae,206,1000,0.016011960183580715,0.00940643964956204,9,9,5,0.009511913793782393,0.009511913793782393,-49.07658376893143,0,0.0003,/home/danderety/Documents/GitHub/TCN_Transformer_anomaly_analizer/outputs/lo2/models/tcn_transformer_ae_best.pt,real_val_plus_val_synthetic,,,,,,,,,,,False,,,False,False,True,False,False,0.05,0.00940643964956204,0.00940643964956204,True,0.00940643964956204,-49.07658376893143,0,0.6467697620391846
tcn_transformer_ae,207,1000,0.01596557752539714,0.009304456412792206,9,9,5,0.00940643964956204,0.00940643964956204,-49.07658376893143,0,0.0003,/home/danderety/Documents/GitHub/TCN_Transformer_anomaly_analizer/outputs/lo2/models/tcn_transformer_ae_best.pt,real_val_plus_val_synthetic,,,,,,,,,,,False,,,False,False,True,False,False,0.05,0.009304456412792206,0.009304456412792206,True,0.009304456412792206,-49.07658376893143,0,2.6257030963897705
tcn_transformer_ae,208,1000,0.015657370910048485,0.00920523920406898,9,9,5,0.009304456412792206,0.009304456412792206,-49.07658376893143,0,0.0003,/home/danderety/Documents/GitHub/TCN_Transformer_anomaly_analizer/outputs/lo2/models/tcn_transformer_ae_best.pt,real_val_plus_val_synthetic,,,,,,,,,,,False,,,False,False,True,False,False,0.05,0.00920523920406898,0.00920523920406898,True,0.00920523920406898,-49.07658376893143,0,0.7258920669555664
tcn_transformer_ae,209,1000,0.01556526031345129,0.009108580028017363,9,9,5,0.00920523920406898,0.00920523920406898,-49.07658376893143,0,0.0003,/home/danderety/Documents/GitHub/TCN_Transformer_anomaly_analizer/outputs/lo2/models/tcn_transformer_ae_best.pt,real_val_plus_val_synthetic,,,,,,,,,,,False,,,False,False,True,False,False,0.05,0.009108580028017363,0.009108580028017363,True,0.009108580028017363,-49.07658376893143,0,1.2941462993621826
tcn_transformer_ae,210,1000,0.015351178434987863,0.009011948481202126,9,9,5,0.009108580028017363,0.009108580028017363,-49.07658376893143,0,0.0003,/home/danderety/Documents/GitHub/TCN_Transformer_anomaly_analizer/outputs/lo2/models/tcn_transformer_ae_best.pt,real_val_plus_val_synthetic,0.711864406779661,0.4827586206896552,0.5753424657534246,17.0,45.0,2.5496218323707582,2.5496218323707582,-0.829740345478058,False,quantile,True,2.5982443213462827,-49.07658376893143,False,True,True,False,False,0.05,0.009011948481202126,0.009011948481202126,True,0.009011948481202126,-49.07658376893143,0,2.201885223388672
tcn_transformer_ae,211,1000,0.015270750038325787,0.008917693980038166,9,9,5,0.009011948481202126,0.009011948481202126,-49.07658376893143,0,0.0003,/home/danderety/Documents/GitHub/TCN_Transformer_anomaly_analizer/outputs/lo2/models/tcn_transformer_ae_best.pt,real_val_plus_val_synthetic,,,,,,,,,,,False,,,False,False,True,False,False,0.05,0.008917693980038166,0.008917693980038166,True,0.008917693980038166,-49.07658376893143,0,2.5827345848083496
tcn_transformer_ae,212,1000,0.015120813623070717,0.00882275371501843,9,9,5,0.008917693980038166,0.008917693980038166,-49.07658376893143,0,0.0003,/home/danderety/Documents/GitHub/TCN_Transformer_anomaly_analizer/outputs/lo2/models/tcn_transformer_ae_best.pt,real_val_plus_val_synthetic,,,,,,,,,,,False,,,False,False,True,False,False,0.05,0.00882275371501843,0.00882275371501843,True,0.00882275371501843,-49.07658376893143,0,0.6310675144195557
tcn_transformer_ae,213,1000,0.01495209832986196,0.008730553401013216,9,9,5,0.00882275371501843,0.00882275371501843,-49.07658376893143,0,0.0003,/home/danderety/Documents/GitHub/TCN_Transformer_anomaly_analizer/outputs/lo2/models/tcn_transformer_ae_best.pt,real_val_plus_val_synthetic,,,,,,,,,,,False,,,False,False,True,False,False,0.05,0.008730553401013216,0.008730553401013216,True,0.008730553401013216,-49.07658376893143,0,0.6687455177307129
tcn_transformer_ae,214,1000,0.014850710208217302,0.008640018291771412,9,9,5,0.008730553401013216,0.008730553401013216,-49.07658376893143,0,0.0003,/home/danderety/Documents/GitHub/TCN_Transformer_anomaly_analizer/outputs/lo2/models/tcn_transformer_ae_best.pt,real_val_plus_val_synthetic,,,,,,,,,,,False,,,False,False,True,False,False,0.05,0.008640018291771412,0.008640018291771412,True,0.008640018291771412,-49.07658376893143,0,1.7093493938446045
tcn_transformer_ae,215,1000,0.014670963709553083,0.008551713079214096,9,9,5,0.008640018291771412,0.008640018291771412,-49.07658376893143,0,0.0003,/home/danderety/Documents/GitHub/TCN_Transformer_anomaly_analizer/outputs/lo2/models/tcn_transformer_ae_best.pt,real_val_plus_val_synthetic,0.711864406779661,0.4827586206896552,0.5753424657534246,17.0,45.0,2.518122565746307,2.518122565746307,-0.8310914039611818,False,quantile,True,2.5496218323707582,-49.07658376893143,False,True,True,False,False,0.05,0.008551713079214096,0.008551713079214096,True,0.008551713079214096,-49.07658376893143,0,2.1129157543182373
tcn_transformer_ae,216,1000,0.014487522964676222,0.0084656219308575,9,9,5,0.008551713079214096,0.008551713079214096,-49.07658376893143,0,0.0003,/home/danderety/Documents/GitHub/TCN_Transformer_anomaly_analizer/outputs/lo2/models/tcn_transformer_ae_best.pt,real_val_plus_val_synthetic,,,,,,,,,,,False,,,False,False,True,False,False,0.05,0.0084656219308575,0.0084656219308575,True,0.0084656219308575,-49.07658376893143,0,1.9559197425842285
tcn_transformer_ae,217,1000,0.014385702709356943,0.008380076537529627,9,9,5,0.0084656219308575,0.0084656219308575,-49.07658376893143,0,0.0003,/home/danderety/Documents/GitHub/TCN_Transformer_anomaly_analizer/outputs/lo2/models/tcn_transformer_ae_best.pt,real_val_plus_val_synthetic,,,,,,,,,,,False,,,False,False,True,False,False,0.05,0.008380076537529627,0.008380076537529627,True,0.008380076537529627,-49.07658376893143,0,2.3087210655212402
tcn_transformer_ae,218,1000,0.014231973327696323,0.00829375566293796,9,9,5,0.008380076537529627,0.008380076537529627,-49.07658376893143,0,0.0003,/home/danderety/Documents/GitHub/TCN_Transformer_anomaly_analizer/outputs/lo2/models/tcn_transformer_ae_best.pt,real_val_plus_val_synthetic,,,,,,,,,,,False,,,False,False,True,False,False,0.05,0.00829375566293796,0.00829375566293796,True,0.00829375566293796,-49.07658376893143,0,0.6709363460540771
tcn_transformer_ae,219,1000,0.014091713664432367,0.008209008102615675,9,9,5,0.00829375566293796,0.00829375566293796,-49.07658376893143,0,0.0003,/home/danderety/Documents/GitHub/TCN_Transformer_anomaly_analizer/outputs/lo2/models/tcn_transformer_ae_best.pt,real_val_plus_val_synthetic,,,,,,,,,,,False,,,False,False,True,False,False,0.05,0.008209008102615675,0.008209008102615675,True,0.008209008102615675,-49.07658376893143,0,2.5865323543548584
tcn_transformer_ae,220,1000,0.013923454098403454,0.008128109698494276,9,9,5,0.008209008102615675,0.008209008102615675,-49.07658376893143,0,0.0003,/home/danderety/Documents/GitHub/TCN_Transformer_anomaly_analizer/outputs/lo2/models/tcn_transformer_ae_best.pt,real_val_plus_val_synthetic,0.7166666666666667,0.4942528735632184,0.5850340136054422,17.0,44.0,2.4492362499237053,2.4492362499237053,-0.830733895301819,False,quantile,True,2.518122565746307,-47.94045543947022,True,True,True,True,True,0.05,0.008128109698494276,0.008128109698494276,True,0.008128109698494276,-47.94045543947022,0,2.1491525173187256
tcn_transformer_ae,221,1000,0.013720046107967695,0.008048895901689926,9,9,5,0.008128109698494276,0.008128109698494276,-47.94045543947022,0,0.0003,/home/danderety/Documents/GitHub/TCN_Transformer_anomaly_analizer/outputs/lo2/models/tcn_transformer_ae_best.pt,real_val_plus_val_synthetic,,,,,,,,,,,False,,,False,False,True,False,False,0.05,0.008048895901689926,0.008048895901689926,True,0.008048895901689926,-47.94045543947022,0,1.6379868984222412
tcn_transformer_ae,222,1000,0.013730272650718689,0.00797020581861337,9,9,5,0.008048895901689926,0.008048895901689926,-47.94045543947022,0,0.0003,/home/danderety/Documents/GitHub/TCN_Transformer_anomaly_analizer/outputs/lo2/models/tcn_transformer_ae_best.pt,real_val_plus_val_synthetic,,,,,,,,,,,False,,,False,False,True,False,False,0.05,0.00797020581861337,0.00797020581861337,True,0.00797020581861337,-47.94045543947022,0,1.2920873165130615
tcn_transformer_ae,223,1000,0.013585631114741167,0.007889385956029097,9,9,5,0.00797020581861337,0.00797020581861337,-47.94045543947022,0,0.0003,/home/danderety/Documents/GitHub/TCN_Transformer_anomaly_analizer/outputs/lo2/models/tcn_transformer_ae_best.pt,real_val_plus_val_synthetic,,,,,,,,,,,False,,,False,False,True,False,False,0.05,0.007889385956029097,0.007889385956029097,True,0.007889385956029097,-47.94045543947022,0,0.6219909191131592
tcn_transformer_ae,224,1000,0.01344382700820764,0.007811282761394978,9,9,5,0.007889385956029097,0.007889385956029097,-47.94045543947022,0,0.0003,/home/danderety/Documents/GitHub/TCN_Transformer_anomaly_analizer/outputs/lo2/models/tcn_transformer_ae_best.pt,real_val_plus_val_synthetic,,,,,,,,,,,False,,,False,False,True,False,False,0.05,0.007811282761394978,0.007811282761394978,True,0.007811282761394978,-47.94045543947022,0,0.611940860748291
tcn_transformer_ae,225,1000,0.013241236718992392,0.007736103764424722,9,9,5,0.007811282761394978,0.007811282761394978,-47.94045543947022,0,0.0003,/home/danderety/Documents/GitHub/TCN_Transformer_anomaly_analizer/outputs/lo2/models/tcn_transformer_ae_best.pt,real_val_plus_val_synthetic,0.7166666666666667,0.4942528735632184,0.5850340136054422,17.0,44.0,2.4309773087501516,2.4309773087501516,-0.826594114303589,False,quantile,True,2.4492362499237053,-47.94045543947022,False,True,True,False,False,0.05,0.007736103764424722,0.007736103764424722,True,0.007736103764424722,-47.94045543947022,0,2.130664825439453
tcn_transformer_ae,226,1000,0.013186387407282988,0.007662336962918441,9,9,5,0.007736103764424722,0.007736103764424722,-47.94045543947022,0,0.0003,/home/danderety/Documents/GitHub/TCN_Transformer_anomaly_analizer/outputs/lo2/models/tcn_transformer_ae_best.pt,real_val_plus_val_synthetic,,,,,,,,,,,False,,,False,False,True,False,False,0.05,0.007662336962918441,0.007662336962918441,True,0.007662336962918441,-47.94045543947022,0,2.483961582183838
tcn_transformer_ae,227,1000,0.013027820425728956,0.007588992360979319,9,9,5,0.007662336962918441,0.007662336962918441,-47.94045543947022,0,0.0003,/home/danderety/Documents/GitHub/TCN_Transformer_anomaly_analizer/outputs/lo2/models/tcn_transformer_ae_best.pt,real_val_plus_val_synthetic,,,,,,,,,,,False,,,False,False,True,False,False,0.05,0.007588992360979319,0.007588992360979319,True,0.007588992360979319,-47.94045543947022,0,0.6548197269439697
tcn_transformer_ae,228,1000,0.012842380131284395,0.0075189461931586266,9,9,5,0.007588992360979319,0.007588992360979319,-47.94045543947022,0,0.0003,/home/danderety/Documents/GitHub/TCN_Transformer_anomaly_analizer/outputs/lo2/models/tcn_transformer_ae_best.pt,real_val_plus_val_synthetic,,,,,,,,,,,False,,,False,False,True,False,False,0.05,0.0075189461931586266,0.0075189461931586266,True,0.0075189461931586266,-47.94045543947022,0,1.069453477859497
tcn_transformer_ae,229,1000,0.012829371417562166,0.007449801700810592,9,9,5,0.0075189461931586266,0.0075189461931586266,-47.94045543947022,0,0.0003,/home/danderety/Documents/GitHub/TCN_Transformer_anomaly_analizer/outputs/lo2/models/tcn_transformer_ae_best.pt,real_val_plus_val_synthetic,,,,,,,,,,,False,,,False,False,True,False,False,0.05,0.007449801700810592,0.007449801700810592,True,0.007449801700810592,-47.94045543947022,0,2.701042652130127
tcn_transformer_ae,230,1000,0.012716608742872873,0.007378707484652598,9,9,5,0.007449801700810592,0.007449801700810592,-47.94045543947022,0,0.0003,/home/danderety/Documents/GitHub/TCN_Transformer_anomaly_analizer/outputs/lo2/models/tcn_transformer_ae_best.pt,real_val_plus_val_synthetic,0.7166666666666667,0.4942528735632184,0.5850340136054422,17.0,44.0,2.4087651968002315,2.4087651968002315,-0.8283896446228028,False,quantile,True,2.4309773087501516,-47.94045543947022,False,True,True,False,False,0.05,0.007378707484652598,0.007378707484652598,True,0.007378707484652598,-47.94045543947022,0,2.103201389312744
tcn_transformer_ae,231,1000,0.012623036901156107,0.007309332024306059,9,9,5,0.007378707484652598,0.007378707484652598,-47.94045543947022,0,0.0003,/home/danderety/Documents/GitHub/TCN_Transformer_anomaly_analizer/outputs/lo2/models/tcn_transformer_ae_best.pt,real_val_plus_val_synthetic,,,,,,,,,,,False,,,False,False,True,False,False,0.05,0.007309332024306059,0.007309332024306059,True,0.007309332024306059,-47.94045543947022,0,1.256636381149292
tcn_transformer_ae,232,1000,0.012429197318851948,0.0072427162279685335,9,9,5,0.007309332024306059,0.007309332024306059,-47.94045543947022,0,0.0003,/home/danderety/Documents/GitHub/TCN_Transformer_anomaly_analizer/outputs/lo2/models/tcn_transformer_ae_best.pt,real_val_plus_val_synthetic,,,,,,,,,,,False,,,False,False,True,False,False,0.05,0.0072427162279685335,0.0072427162279685335,True,0.0072427162279685335,-47.94045543947022,0,0.743976354598999
tcn_transformer_ae,233,1000,0.012325333120922247,0.007177886553108692,9,9,5,0.0072427162279685335,0.0072427162279685335,-47.94045543947022,0,0.0003,/home/danderety/Documents/GitHub/TCN_Transformer_anomaly_analizer/outputs/lo2/models/tcn_transformer_ae_best.pt,real_val_plus_val_synthetic,,,,,,,,,,,False,,,False,False,True,False,False,0.05,0.007177886553108692,0.007177886553108692,True,0.007177886553108692,-47.94045543947022,0,1.6888811588287354
tcn_transformer_ae,234,1000,0.01221027784049511,0.0071112980755666895,9,9,5,0.007177886553108692,0.007177886553108692,-47.94045543947022,0,0.0003,/home/danderety/Documents/GitHub/TCN_Transformer_anomaly_analizer/outputs/lo2/models/tcn_transformer_ae_best.pt,real_val_plus_val_synthetic,,,,,,,,,,,False,,,False,False,True,False,False,0.05,0.0071112980755666895,0.0071112980755666895,True,0.0071112980755666895,-47.94045543947022,0,1.7168948650360107
tcn_transformer_ae,235,1000,0.012108566239476204,0.007044928924491008,9,9,5,0.0071112980755666895,0.0071112980755666895,-47.94045543947022,0,0.0003,/home/danderety/Documents/GitHub/TCN_Transformer_anomaly_analizer/outputs/lo2/models/tcn_transformer_ae_best.pt,real_val_plus_val_synthetic,0.7166666666666667,0.4942528735632184,0.5850340136054422,17.0,44.0,2.3817394495010373,2.3817394495010373,-0.8209155797958375,False,quantile,True,2.4087651968002315,-47.94045543947022,False,True,True,False,False,0.05,0.007044928924491008,0.007044928924491008,True,0.007044928924491008,-47.94045543947022,0,2.1316068172454834
tcn_transformer_ae,236,1000,0.012034527646998564,0.006981585019578536,9,9,5,0.007044928924491008,0.007044928924491008,-47.94045543947022,0,0.0003,/home/danderety/Documents/GitHub/TCN_Transformer_anomaly_analizer/outputs/lo2/models/tcn_transformer_ae_best.pt,real_val_plus_val_synthetic,,,,,,,,,,,False,,,False,False,True,False,False,0.05,0.006981585019578536,0.006981585019578536,True,0.006981585019578536,-47.94045543947022,0,1.8283336162567139
tcn_transformer_ae,237,1000,0.011932109482586384,0.006919376241664092,9,9,5,0.006981585019578536,0.006981585019578536,-47.94045543947022,0,0.0003,/home/danderety/Documents/GitHub/TCN_Transformer_anomaly_analizer/outputs/lo2/models/tcn_transformer_ae_best.pt,real_val_plus_val_synthetic,,,,,,,,,,,False,,,False,False,True,False,False,0.05,0.006919376241664092,0.006919376241664092,True,0.006919376241664092,-47.94045543947022,0,1.0860097408294678
tcn_transformer_ae,238,1000,0.011860446693996588,0.006857945428540309,9,9,5,0.006919376241664092,0.006919376241664092,-47.94045543947022,0,0.0003,/home/danderety/Documents/GitHub/TCN_Transformer_anomaly_analizer/outputs/lo2/models/tcn_transformer_ae_best.pt,real_val_plus_val_synthetic,,,,,,,,,,,False,,,False,False,True,False,False,0.05,0.006857945428540309,0.006857945428540309,True,0.006857945428540309,-47.94045543947022,0,2.3645551204681396
tcn_transformer_ae,239,1000,0.01179731140534083,0.006797394715249538,9,9,5,0.006857945428540309,0.006857945428540309,-47.94045543947022,0,0.0003,/home/danderety/Documents/GitHub/TCN_Transformer_anomaly_analizer/outputs/lo2/models/tcn_transformer_ae_best.pt,real_val_plus_val_synthetic,,,,,,,,,,,False,,,False,False,True,False,False,0.05,0.006797394715249538,0.006797394715249538,True,0.006797394715249538,-47.94045543947022,0,0.6289162635803223
tcn_transformer_ae,240,1000,0.01164021777609984,0.006738772305349509,9,9,5,0.006797394715249538,0.006797394715249538,-47.94045543947022,0,0.0003,/home/danderety/Documents/GitHub/TCN_Transformer_anomaly_analizer/outputs/lo2/models/tcn_transformer_ae_best.pt,real_val_plus_val_synthetic,0.7288135593220338,0.4942528735632184,0.589041095890411,16.0,44.0,2.382019770145416,2.382019770145416,-0.8220496773719789,False,quantile,True,2.3817394495010373,-47.93278535352225,True,True,True,True,True,0.05,0.006738772305349509,0.006738772305349509,True,0.006738772305349509,-47.93278535352225,0,2.182408332824707
tcn_transformer_ae,241,1000,0.011531262348095575,0.006680095257858436,9,9,5,0.006738772305349509,0.006738772305349509,-47.93278535352225,0,0.0003,/home/danderety/Documents/GitHub/TCN_Transformer_anomaly_analizer/outputs/lo2/models/tcn_transformer_ae_best.pt,real_val_plus_val_synthetic,,,,,,,,,,,False,,,False,False,True,False,False,0.05,0.006680095257858436,0.006680095257858436,True,0.006680095257858436,-47.93278535352225,0,1.2796597480773926
tcn_transformer_ae,242,1000,0.011489353142678738,0.00661989642928044,9,9,5,0.006680095257858436,0.006680095257858436,-47.93278535352225,0,0.0003,/home/danderety/Documents/GitHub/TCN_Transformer_anomaly_analizer/outputs/lo2/models/tcn_transformer_ae_best.pt,real_val_plus_val_synthetic,,,,,,,,,,,False,,,False,False,True,False,False,0.05,0.00661989642928044,0.00661989642928044,True,0.00661989642928044,-47.93278535352225,0,1.334420919418335
tcn_transformer_ae,243,1000,0.01135132679094871,0.0065615070052444935,9,9,5,0.00661989642928044,0.00661989642928044,-47.93278535352225,0,0.0003,/home/danderety/Documents/GitHub/TCN_Transformer_anomaly_analizer/outputs/lo2/models/tcn_transformer_ae_best.pt,real_val_plus_val_synthetic,,,,,,,,,,,False,,,False,False,True,False,False,0.05,0.0065615070052444935,0.0065615070052444935,True,0.0065615070052444935,-47.93278535352225,0,1.5330045223236084
tcn_transformer_ae,244,1000,0.011253650610645613,0.0065055374676982565,9,9,5,0.0065615070052444935,0.0065615070052444935,-47.93278535352225,0,0.0003,/home/danderety/Documents/GitHub/TCN_Transformer_anomaly_analizer/outputs/lo2/models/tcn_transformer_ae_best.pt,real_val_plus_val_synthetic,,,,,,,,,,,False,,,False,False,True,False,False,0.05,0.0065055374676982565,0.0065055374676982565,True,0.0065055374676982565,-47.93278535352225,0,2.4974074363708496
tcn_transformer_ae,245,1000,0.011140569734076658,0.006450932628164689,9,9,5,0.0065055374676982565,0.0065055374676982565,-47.93278535352225,0,0.0003,/home/danderety/Documents/GitHub/TCN_Transformer_anomaly_analizer/outputs/lo2/models/tcn_transformer_ae_best.pt,real_val_plus_val_synthetic,0.7288135593220338,0.4942528735632184,0.589041095890411,16.0,44.0,2.3827881693840025,2.3827881693840025,-0.818764626979828,False,quantile,True,2.382019770145416,-47.93278535352225,False,True,True,False,False,0.05,0.006450932628164689,0.006450932628164689,True,0.006450932628164689,-47.93278535352225,0,2.097226858139038
tcn_transformer_ae,246,1000,0.011041091134150824,0.006396196472148101,9,9,5,0.006450932628164689,0.006450932628164689,-47.93278535352225,0,0.0003,/home/danderety/Documents/GitHub/TCN_Transformer_anomaly_analizer/outputs/lo2/models/tcn_transformer_ae_best.pt,real_val_plus_val_synthetic,,,,,,,,,,,False,,,False,False,True,False,False,0.05,0.006396196472148101,0.006396196472148101,True,0.006396196472148101,-47.93278535352225,0,2.2708780765533447
tcn_transformer_ae,247,1000,0.010940569142500559,0.00634061483045419,9,9,5,0.006396196472148101,0.006396196472148101,-47.93278535352225,0,0.0003,/home/danderety/Documents/GitHub/TCN_Transformer_anomaly_analizer/outputs/lo2/models/tcn_transformer_ae_best.pt,real_val_plus_val_synthetic,,,,,,,,,,,False,,,False,False,True,False,False,0.05,0.00634061483045419,0.00634061483045419,True,0.00634061483045419,-47.93278535352225,0,0.6046626567840576
tcn_transformer_ae,248,1000,0.010906913007299105,0.006285049642125766,9,9,5,0.00634061483045419,0.00634061483045419,-47.93278535352225,0,0.0003,/home/danderety/Documents/GitHub/TCN_Transformer_anomaly_analizer/outputs/lo2/models/tcn_transformer_ae_best.pt,real_val_plus_val_synthetic,,,,,,,,,,,False,,,False,False,True,False,False,0.05,0.006285049642125766,0.006285049642125766,True,0.006285049642125766,-47.93278535352225,0,0.6195313930511475
tcn_transformer_ae,249,1000,0.010815503386159738,0.006231832628448804,9,9,5,0.006285049642125766,0.006285049642125766,-47.93278535352225,0,0.0003,/home/danderety/Documents/GitHub/TCN_Transformer_anomaly_analizer/outputs/lo2/models/tcn_transformer_ae_best.pt,real_val_plus_val_synthetic,,,,,,,,,,,False,,,False,False,True,False,False,0.05,0.006231832628448804,0.006231832628448804,True,0.006231832628448804,-47.93278535352225,0,0.6779069900512695
tcn_transformer_ae,250,1000,0.01069990328202645,0.006179586673776309,9,9,5,0.006231832628448804,0.006231832628448804,-47.93278535352225,0,0.0003,/home/danderety/Documents/GitHub/TCN_Transformer_anomaly_analizer/outputs/lo2/models/tcn_transformer_ae_best.pt,real_val_plus_val_synthetic,0.7288135593220338,0.4942528735632184,0.589041095890411,16.0,44.0,2.3592239141464226,2.3592239141464226,-0.8150180578231813,False,quantile,True,2.3827881693840025,-47.93278535352225,False,True,True,False,False,0.05,0.006179586673776309,0.006179586673776309,True,0.006179586673776309,-47.93278535352225,0,2.109147787094116
tcn_transformer_ae,251,1000,0.010628580736617247,0.006127580534666777,9,9,5,0.006179586673776309,0.006179586673776309,-47.93278535352225,0,0.0003,/home/danderety/Documents/GitHub/TCN_Transformer_anomaly_analizer/outputs/lo2/models/tcn_transformer_ae_best.pt,real_val_plus_val_synthetic,,,,,,,,,,,False,,,False,False,True,False,False,0.05,0.006127580534666777,0.006127580534666777,True,0.006127580534666777,-47.93278535352225,0,2.160639524459839
tcn_transformer_ae,252,1000,0.01055358195056518,0.006076207539687554,9,9,5,0.006127580534666777,0.006127580534666777,-47.93278535352225,0,0.0003,/home/danderety/Documents/GitHub/TCN_Transformer_anomaly_analizer/outputs/lo2/models/tcn_transformer_ae_best.pt,real_val_plus_val_synthetic,,,,,,,,,,,False,,,False,False,True,False,False,0.05,0.006076207539687554,0.006076207539687554,True,0.006076207539687554,-47.93278535352225,0,0.7589139938354492
tcn_transformer_ae,253,1000,0.010405212951203188,0.006025836958239476,9,9,5,0.006076207539687554,0.006076207539687554,-47.93278535352225,0,0.0003,/home/danderety/Documents/GitHub/TCN_Transformer_anomaly_analizer/outputs/lo2/models/tcn_transformer_ae_best.pt,real_val_plus_val_synthetic,,,,,,,,,,,False,,,False,False,True,False,False,0.05,0.006025836958239476,0.006025836958239476,True,0.006025836958239476,-47.93278535352225,0,2.5432660579681396
tcn_transformer_ae,254,1000,0.01038111187517643,0.005975954234600067,9,9,5,0.006025836958239476,0.006025836958239476,-47.93278535352225,0,0.0003,/home/danderety/Documents/GitHub/TCN_Transformer_anomaly_analizer/outputs/lo2/models/tcn_transformer_ae_best.pt,real_val_plus_val_synthetic,,,,,,,,,,,False,,,False,False,True,False,False,0.05,0.005975954234600067,0.005975954234600067,True,0.005975954234600067,-47.93278535352225,0,0.876049280166626
tcn_transformer_ae,255,1000,0.010272029476861158,0.005927128406862418,9,9,5,0.005975954234600067,0.005975954234600067,-47.93278535352225,0,0.0003,/home/danderety/Documents/GitHub/TCN_Transformer_anomaly_analizer/outputs/lo2/models/tcn_transformer_ae_best.pt,real_val_plus_val_synthetic,0.7288135593220338,0.4942528735632184,0.589041095890411,16.0,44.0,2.324399769306182,2.324399769306182,-0.8121328949928285,False,quantile,True,2.3592239141464226,-47.93278535352225,False,True,True,False,False,0.05,0.005927128406862418,0.005927128406862418,True,0.005927128406862418,-47.93278535352225,0,2.0887904167175293
tcn_transformer_ae,256,1000,0.010247275543709597,0.005879438327004512,9,9,5,0.005927128406862418,0.005927128406862418,-47.93278535352225,0,0.0003,/home/danderety/Documents/GitHub/TCN_Transformer_anomaly_analizer/outputs/lo2/models/tcn_transformer_ae_best.pt,real_val_plus_val_synthetic,,,,,,,,,,,False,,,False,False,True,False,False,0.05,0.005879438327004512,0.005879438327004512,True,0.005879438327004512,-47.93278535352225,0,2.5203683376312256
tcn_transformer_ae,257,1000,0.010147306447227796,0.005832447049518426,9,9,5,0.005879438327004512,0.005879438327004512,-47.93278535352225,0,0.0003,/home/danderety/Documents/GitHub/TCN_Transformer_anomaly_analizer/outputs/lo2/models/tcn_transformer_ae_best.pt,real_val_plus_val_synthetic,,,,,,,,,,,False,,,False,False,True,False,False,0.05,0.005832447049518426,0.005832447049518426,True,0.005832447049518426,-47.93278535352225,0,0.6755557060241699
tcn_transformer_ae,258,1000,0.010041231599946817,0.005784531744817893,9,9,5,0.005832447049518426,0.005832447049518426,-47.93278535352225,0,0.0003,/home/danderety/Documents/GitHub/TCN_Transformer_anomaly_analizer/outputs/lo2/models/tcn_transformer_ae_best.pt,real_val_plus_val_synthetic,,,,,,,,,,,False,,,False,False,True,False,False,0.05,0.005784531744817893,0.005784531744817893,True,0.005784531744817893,-47.93278535352225,0,2.5677390098571777
tcn_transformer_ae,259,1000,0.010023597627878189,0.0057378411293029785,9,9,5,0.005784531744817893,0.005784531744817893,-47.93278535352225,0,0.0003,/home/danderety/Documents/GitHub/TCN_Transformer_anomaly_analizer/outputs/lo2/models/tcn_transformer_ae_best.pt,real_val_plus_val_synthetic,,,,,,,,,,,False,,,False,False,True,False,False,0.05,0.0057378411293029785,0.0057378411293029785,True,0.0057378411293029785,-47.93278535352225,0,0.615447998046875
tcn_transformer_ae,260,1000,0.009950522022942701,0.005692036201556523,9,9,5,0.0057378411293029785,0.0057378411293029785,-47.93278535352225,0,0.0003,/home/danderety/Documents/GitHub/TCN_Transformer_anomaly_analizer/outputs/lo2/models/tcn_transformer_ae_best.pt,real_val_plus_val_synthetic,0.7288135593220338,0.4942528735632184,0.589041095890411,16.0,44.0,2.319313240051269,2.319313240051269,-0.8154689073562623,False,quantile,True,2.324399769306182,-47.93278535352225,False,True,True,False,False,0.05,0.005692036201556523,0.005692036201556523,True,0.005692036201556523,-47.93278535352225,0,2.1335134506225586
tcn_transformer_ae,261,1000,0.009868827958901724,0.0056468018641074496,9,9,5,0.005692036201556523,0.005692036201556523,-47.93278535352225,0,0.0003,/home/danderety/Documents/GitHub/TCN_Transformer_anomaly_analizer/outputs/lo2/models/tcn_transformer_ae_best.pt,real_val_plus_val_synthetic,,,,,,,,,,,False,,,False,False,True,False,False,0.05,0.0056468018641074496,0.0056468018641074496,True,0.0056468018641074496,-47.93278535352225,0,2.678069591522217
tcn_transformer_ae,262,1000,0.009753270695606867,0.005602340679615736,9,9,5,0.0056468018641074496,0.0056468018641074496,-47.93278535352225,0,0.0003,/home/danderety/Documents/GitHub/TCN_Transformer_anomaly_analizer/outputs/lo2/models/tcn_transformer_ae_best.pt,real_val_plus_val_synthetic,,,,,,,,,,,False,,,False,False,True,False,False,0.05,0.005602340679615736,0.005602340679615736,True,0.005602340679615736,-47.93278535352225,0,0.6819682121276855
tcn_transformer_ae,263,1000,0.009683187740544478,0.005558362385878961,9,9,5,0.005602340679615736,0.005602340679615736,-47.93278535352225,0,0.0003,/home/danderety/Documents/GitHub/TCN_Transformer_anomaly_analizer/outputs/lo2/models/tcn_transformer_ae_best.pt,real_val_plus_val_synthetic,,,,,,,,,,,False,,,False,False,True,False,False,0.05,0.005558362385878961,0.005558362385878961,True,0.005558362385878961,-47.93278535352225,0,2.505899667739868
tcn_transformer_ae,264,1000,0.009596629068255424,0.005514494143426418,9,9,5,0.005558362385878961,0.005558362385878961,-47.93278535352225,0,0.0003,/home/danderety/Documents/GitHub/TCN_Transformer_anomaly_analizer/outputs/lo2/models/tcn_transformer_ae_best.pt,real_val_plus_val_synthetic,,,,,,,,,,,False,,,False,False,True,False,False,0.05,0.005514494143426418,0.005514494143426418,True,0.005514494143426418,-47.93278535352225,0,0.7248613834381104
tcn_transformer_ae,265,1000,0.009569059126079082,0.00547200720757246,9,9,5,0.005514494143426418,0.005514494143426418,-47.93278535352225,0,0.0003,/home/danderety/Documents/GitHub/TCN_Transformer_anomaly_analizer/outputs/lo2/models/tcn_transformer_ae_best.pt,real_val_plus_val_synthetic,0.7288135593220338,0.4942528735632184,0.589041095890411,16.0,44.0,2.293047904968261,2.293047904968261,-0.816586196422577,False,quantile,True,2.319313240051269,-47.93278535352225,False,True,True,False,False,0.05,0.00547200720757246,0.00547200720757246,True,0.00547200720757246,-47.93278535352225,0,2.0998106002807617
tcn_transformer_ae,266,1000,0.009450403042137623,0.005429068269828956,9,9,5,0.00547200720757246,0.00547200720757246,-47.93278535352225,0,0.0003,/home/danderety/Documents/GitHub/TCN_Transformer_anomaly_analizer/outputs/lo2/models/tcn_transformer_ae_best.pt,real_val_plus_val_synthetic,,,,,,,,,,,False,,,False,False,True,False,False,0.05,0.005429068269828956,0.005429068269828956,True,0.005429068269828956,-47.93278535352225,0,1.1516287326812744
tcn_transformer_ae,267,1000,0.00940022524446249,0.005386631470173597,9,9,5,0.005429068269828956,0.005429068269828956,-47.93278535352225,0,0.0003,/home/danderety/Documents/GitHub/TCN_Transformer_anomaly_analizer/outputs/lo2/models/tcn_transformer_ae_best.pt,real_val_plus_val_synthetic,,,,,,,,,,,False,,,False,False,True,False,False,0.05,0.005386631470173597,0.005386631470173597,True,0.005386631470173597,-47.93278535352225,0,2.727299451828003
tcn_transformer_ae,268,1000,0.009299685868124167,0.005344939262916644,9,9,5,0.005386631470173597,0.005386631470173597,-47.93278535352225,0,0.0003,/home/danderety/Documents/GitHub/TCN_Transformer_anomaly_analizer/outputs/lo2/models/tcn_transformer_ae_best.pt,real_val_plus_val_synthetic,,,,,,,,,,,False,,,False,False,True,False,False,0.05,0.005344939262916644,0.005344939262916644,True,0.005344939262916644,-47.93278535352225,0,0.798715353012085
tcn_transformer_ae,269,1000,0.009256834785143534,0.005303331185132265,9,9,5,0.005344939262916644,0.005344939262916644,-47.93278535352225,0,0.0003,/home/danderety/Documents/GitHub/TCN_Transformer_anomaly_analizer/outputs/lo2/models/tcn_transformer_ae_best.pt,real_val_plus_val_synthetic,,,,,,,,,,,False,,,False,False,True,False,False,0.05,0.005303331185132265,0.005303331185132265,True,0.005303331185132265,-47.93278535352225,0,2.4096992015838623
tcn_transformer_ae,270,1000,0.009174245099226633,0.005263030684242646,9,9,5,0.005303331185132265,0.005303331185132265,-47.93278535352225,0,0.0003,/home/danderety/Documents/GitHub/TCN_Transformer_anomaly_analizer/outputs/lo2/models/tcn_transformer_ae_best.pt,real_val_plus_val_synthetic,0.7288135593220338,0.4942528735632184,0.589041095890411,16.0,44.0,2.2826038956642143,2.2826038956642143,-0.8209561705589296,False,quantile,True,2.293047904968261,-47.93278535352225,False,True,True,False,False,0.05,0.005263030684242646,0.005263030684242646,True,0.005263030684242646,-47.93278535352225,0,2.9555301666259766
tcn_transformer_ae,271,1000,0.009108854147295157,0.00522358063608408,9,9,5,0.005263030684242646,0.005263030684242646,-47.93278535352225,0,0.0003,/home/danderety/Documents/GitHub/TCN_Transformer_anomaly_analizer/outputs/lo2/models/tcn_transformer_ae_best.pt,real_val_plus_val_synthetic,,,,,,,,,,,False,,,False,False,True,False,False,0.05,0.00522358063608408,0.00522358063608408,True,0.00522358063608408,-47.93278535352225,0,0.8772575855255127
tcn_transformer_ae,272,1000,0.009072174007693926,0.00518274415905277,9,9,5,0.00522358063608408,0.00522358063608408,-47.93278535352225,0,0.0003,/home/danderety/Documents/GitHub/TCN_Transformer_anomaly_analizer/outputs/lo2/models/tcn_transformer_ae_best.pt,real_val_plus_val_synthetic,,,,,,,,,,,False,,,False,False,True,False,False,0.05,0.00518274415905277,0.00518274415905277,True,0.00518274415905277,-47.93278535352225,0,1.231757402420044
tcn_transformer_ae,273,1000,0.008956717948118845,0.005142472063501676,9,9,5,0.00518274415905277,0.00518274415905277,-47.93278535352225,0,0.0003,/home/danderety/Documents/GitHub/TCN_Transformer_anomaly_analizer/outputs/lo2/models/tcn_transformer_ae_best.pt,real_val_plus_val_synthetic,,,,,,,,,,,False,,,False,False,True,False,False,0.05,0.005142472063501676,0.005142472063501676,True,0.005142472063501676,-47.93278535352225,0,2.545670509338379
tcn_transformer_ae,274,1000,0.008904527562359968,0.005103444370130698,9,9,5,0.005142472063501676,0.005142472063501676,-47.93278535352225,0,0.0003,/home/danderety/Documents/GitHub/TCN_Transformer_anomaly_analizer/outputs/lo2/models/tcn_transformer_ae_best.pt,real_val_plus_val_synthetic,,,,,,,,,,,False,,,False,False,True,False,False,0.05,0.005103444370130698,0.005103444370130698,True,0.005103444370130698,-47.93278535352225,0,0.6611628532409668
tcn_transformer_ae,275,1000,0.008878927056988081,0.005065781529992819,9,9,5,0.005103444370130698,0.005103444370130698,-47.93278535352225,0,0.0003,/home/danderety/Documents/GitHub/TCN_Transformer_anomaly_analizer/outputs/lo2/models/tcn_transformer_ae_best.pt,real_val_plus_val_synthetic,0.7288135593220338,0.4942528735632184,0.589041095890411,16.0,44.0,2.2677675843238823,2.2677675843238823,-0.8259001374244691,False,quantile,True,2.2826038956642143,-47.93278535352225,False,True,True,False,False,0.05,0.005065781529992819,0.005065781529992819,True,0.005065781529992819,-47.93278535352225,0,2.1375648975372314
tcn_transformer_ae,276,1000,0.008807314559817314,0.005028579073647658,9,9,5,0.005065781529992819,0.005065781529992819,-47.93278535352225,0,0.0003,/home/danderety/Documents/GitHub/TCN_Transformer_anomaly_analizer/outputs/lo2/models/tcn_transformer_ae_best.pt,real_val_plus_val_synthetic,,,,,,,,,,,False,,,False,False,True,False,False,0.05,0.005028579073647658,0.005028579073647658,True,0.005028579073647658,-47.93278535352225,0,2.6178781986236572
tcn_transformer_ae,277,1000,0.008741788876553377,0.0049916474769512815,9,9,5,0.005028579073647658,0.005028579073647658,-47.93278535352225,0,0.0003,/home/danderety/Documents/GitHub/TCN_Transformer_anomaly_analizer/outputs/lo2/models/tcn_transformer_ae_best.pt,real_val_plus_val_synthetic,,,,,,,,,,,False,,,False,False,True,False,False,0.05,0.0049916474769512815,0.0049916474769512815,True,0.0049916474769512815,-47.93278535352225,0,0.6266894340515137
tcn_transformer_ae,278,1000,0.008724281874795755,0.004954890813678503,9,9,5,0.0049916474769512815,0.0049916474769512815,-47.93278535352225,0,0.0003,/home/danderety/Documents/GitHub/TCN_Transformer_anomaly_analizer/outputs/lo2/models/tcn_transformer_ae_best.pt,real_val_plus_val_synthetic,,,,,,,,,,,False,,,False,False,True,False,False,0.05,0.004954890813678503,0.004954890813678503,True,0.004954890813678503,-47.93278535352225,0,0.6410644054412842
tcn_transformer_ae,279,1000,0.0086179090042909,0.0049180636803309126,9,9,5,0.004954890813678503,0.004954890813678503,-47.93278535352225,0,0.0003,/home/danderety/Documents/GitHub/TCN_Transformer_anomaly_analizer/outputs/lo2/models/tcn_transformer_ae_best.pt,real_val_plus_val_synthetic,,,,,,,,,,,False,,,False,False,True,False,False,0.05,0.0049180636803309126,0.0049180636803309126,True,0.0049180636803309126,-47.93278535352225,0,0.6383950710296631
tcn_transformer_ae,280,1000,0.00855832981566588,0.004881637326131265,9,9,5,0.0049180636803309126,0.0049180636803309126,-47.93278535352225,0,0.0003,/home/danderety/Documents/GitHub/TCN_Transformer_anomaly_analizer/outputs/lo2/models/tcn_transformer_ae_best.pt,real_val_plus_val_synthetic,0.7288135593220338,0.4942528735632184,0.589041095890411,16.0,44.0,2.2445126295089715,2.2445126295089715,-0.8231718540191652,False,quantile,True,2.2677675843238823,-47.93278535352225,False,True,True,False,False,0.05,0.004881637326131265,0.004881637326131265,True,0.004881637326131265,-47.93278535352225,0,2.105081081390381
tcn_transformer_ae,281,1000,0.008508096759517988,0.004845830146223307,9,9,5,0.004881637326131265,0.004881637326131265,-47.93278535352225,0,0.0003,/home/danderety/Documents/GitHub/TCN_Transformer_anomaly_analizer/outputs/lo2/models/tcn_transformer_ae_best.pt,real_val_plus_val_synthetic,,,,,,,,,,,False,,,False,False,True,False,False,0.05,0.004845830146223307,0.004845830146223307,True,0.004845830146223307,-47.93278535352225,0,1.8899033069610596
tcn_transformer_ae,282,1000,0.008456886125107607,0.0048108419092992944,9,9,5,0.004845830146223307,0.004845830146223307,-47.93278535352225,0,0.0003,/home/danderety/Documents/GitHub/TCN_Transformer_anomaly_analizer/outputs/lo2/models/tcn_transformer_ae_best.pt,real_val_plus_val_synthetic,,,,,,,,,,,False,,,False,False,True,False,False,0.05,0.0048108419092992944,0.0048108419092992944,True,0.0048108419092992944,-47.93278535352225,0,0.7572393417358398
tcn_transformer_ae,283,1000,0.008340897038578987,0.00477620167657733,9,9,5,0.0048108419092992944,0.0048108419092992944,-47.93278535352225,0,0.0003,/home/danderety/Documents/GitHub/TCN_Transformer_anomaly_analizer/outputs/lo2/models/tcn_transformer_ae_best.pt,real_val_plus_val_synthetic,,,,,,,,,,,False,,,False,False,True,False,False,0.05,0.00477620167657733,0.00477620167657733,True,0.00477620167657733,-47.93278535352225,0,1.3664512634277344
tcn_transformer_ae,284,1000,0.008341163086394468,0.00474174910535415,9,9,5,0.00477620167657733,0.00477620167657733,-47.93278535352225,0,0.0003,/home/danderety/Documents/GitHub/TCN_Transformer_anomaly_analizer/outputs/lo2/models/tcn_transformer_ae_best.pt,real_val_plus_val_synthetic,,,,,,,,,,,False,,,False,False,True,False,False,0.05,0.00474174910535415,0.00474174910535415,True,0.00474174910535415,-47.93278535352225,0,0.629711389541626
tcn_transformer_ae,285,1000,0.00826418586075306,0.0047069513238966465,9,9,5,0.00474174910535415,0.00474174910535415,-47.93278535352225,0,0.0003,/home/danderety/Documents/GitHub/TCN_Transformer_anomaly_analizer/outputs/lo2/models/tcn_transformer_ae_best.pt,real_val_plus_val_synthetic,0.7288135593220338,0.4942528735632184,0.589041095890411,16.0,44.0,2.2219945192337027,2.2219945192337027,-0.8266812562942506,False,quantile,True,2.2445126295089715,-47.93278535352225,False,True,True,False,False,0.05,0.0047069513238966465,0.0047069513238966465,True,0.0047069513238966465,-47.93278535352225,0,2.1295957565307617
tcn_transformer_ae,286,1000,0.008191733000179132,0.004672921417901914,9,9,5,0.0047069513238966465,0.0047069513238966465,-47.93278535352225,0,0.0003,/home/danderety/Documents/GitHub/TCN_Transformer_anomaly_analizer/outputs/lo2/models/tcn_transformer_ae_best.pt,real_val_plus_val_synthetic,,,,,,,,,,,False,,,False,False,True,False,False,0.05,0.004672921417901914,0.004672921417901914,True,0.004672921417901914,-47.93278535352225,0,2.3316164016723633
tcn_transformer_ae,287,1000,0.008098049399753412,0.004639906498293082,9,9,5,0.004672921417901914,0.004672921417901914,-47.93278535352225,0,0.0003,/home/danderety/Documents/GitHub/TCN_Transformer_anomaly_analizer/outputs/lo2/models/tcn_transformer_ae_best.pt,real_val_plus_val_synthetic,,,,,,,,,,,False,,,False,False,True,False,False,0.05,0.004639906498293082,0.004639906498293082,True,0.004639906498293082,-47.93278535352225,0,0.7162060737609863
tcn_transformer_ae,288,1000,0.00812245486304164,0.004607193637639284,9,9,5,0.004639906498293082,0.004639906498293082,-47.93278535352225,0,0.0003,/home/danderety/Documents/GitHub/TCN_Transformer_anomaly_analizer/outputs/lo2/models/tcn_transformer_ae_best.pt,real_val_plus_val_synthetic,,,,,,,,,,,False,,,False,False,True,False,False,0.05,0.004607193637639284,0.004607193637639284,True,0.004607193637639284,-47.93278535352225,0,2.245647430419922
tcn_transformer_ae,289,1000,0.008009707244733969,0.0045744140322009725,9,9,5,0.004607193637639284,0.004607193637639284,-47.93278535352225,0,0.0003,/home/danderety/Documents/GitHub/TCN_Transformer_anomaly_analizer/outputs/lo2/models/tcn_transformer_ae_best.pt,real_val_plus_val_synthetic,,,,,,,,,,,False,,,False,False,True,False,False,0.05,0.0045744140322009725,0.0045744140322009725,True,0.0045744140322009725,-47.93278535352225,0,0.7649736404418945
tcn_transformer_ae,290,1000,0.007964752614498138,0.0045423503033816814,9,9,5,0.0045744140322009725,0.0045744140322009725,-47.93278535352225,0,0.0003,/home/danderety/Documents/GitHub/TCN_Transformer_anomaly_analizer/outputs/lo2/models/tcn_transformer_ae_best.pt,real_val_plus_val_synthetic,0.7288135593220338,0.4942528735632184,0.589041095890411,16.0,44.0,2.1955365896224963,2.1955365896224963,-0.8219799995422364,False,quantile,True,2.2219945192337027,-47.93278535352225,False,True,True,False,False,0.05,0.0045423503033816814,0.0045423503033816814,True,0.0045423503033816814,-47.93278535352225,0,2.1269471645355225
tcn_transformer_ae,291,1000,0.007916368388881287,0.004511249251663685,9,9,5,0.0045423503033816814,0.0045423503033816814,-47.93278535352225,0,0.0003,/home/danderety/Documents/GitHub/TCN_Transformer_anomaly_analizer/outputs/lo2/models/tcn_transformer_ae_best.pt,real_val_plus_val_synthetic,,,,,,,,,,,False,,,False,False,True,False,False,0.05,0.004511249251663685,0.004511249251663685,True,0.004511249251663685,-47.93278535352225,0,2.212479829788208
tcn_transformer_ae,292,1000,0.007854364812374115,0.004479410592466593,9,9,5,0.004511249251663685,0.004511249251663685,-47.93278535352225,0,0.0003,/home/danderety/Documents/GitHub/TCN_Transformer_anomaly_analizer/outputs/lo2/models/tcn_transformer_ae_best.pt,real_val_plus_val_synthetic,,,,,,,,,,,False,,,False,False,True,False,False,0.05,0.004479410592466593,0.004479410592466593,True,0.004479410592466593,-47.93278535352225,0,0.8833367824554443
tcn_transformer_ae,293,1000,0.007788391318172216,0.004447817957649629,9,9,5,0.004479410592466593,0.004479410592466593,-47.93278535352225,0,0.0003,/home/danderety/Documents/GitHub/TCN_Transformer_anomaly_analizer/outputs/lo2/models/tcn_transformer_ae_best.pt,real_val_plus_val_synthetic,,,,,,,,,,,False,,,False,False,True,False,False,0.05,0.004447817957649629,0.004447817957649629,True,0.004447817957649629,-47.93278535352225,0,1.2568960189819336
tcn_transformer_ae,294,1000,0.007788866758346558,0.004416975347946088,9,9,5,0.004447817957649629,0.004447817957649629,-47.93278535352225,0,0.0003,/home/danderety/Documents/GitHub/TCN_Transformer_anomaly_analizer/outputs/lo2/models/tcn_transformer_ae_best.pt,real_val_plus_val_synthetic,,,,,,,,,,,False,,,False,False,True,False,False,0.05,0.004416975347946088,0.004416975347946088,True,0.004416975347946088,-47.93278535352225,0,0.801645040512085
tcn_transformer_ae,295,1000,0.007717039746542771,0.0043867202475667,9,9,5,0.004416975347946088,0.004416975347946088,-47.93278535352225,0,0.0003,/home/danderety/Documents/GitHub/TCN_Transformer_anomaly_analizer/outputs/lo2/models/tcn_transformer_ae_best.pt,real_val_plus_val_synthetic,0.7288135593220338,0.4942528735632184,0.589041095890411,16.0,44.0,2.1803783416748033,2.1803783416748033,-0.8288413882255555,False,quantile,True,2.1955365896224963,-47.93278535352225,False,True,True,False,False,0.05,0.0043867202475667,0.0043867202475667,True,0.0043867202475667,-47.93278535352225,0,2.0795810222625732
tcn_transformer_ae,296,1000,0.007648890217145284,0.004357045982033014,9,9,5,0.0043867202475667,0.0043867202475667,-47.93278535352225,0,0.0003,/home/danderety/Documents/GitHub/TCN_Transformer_anomaly_analizer/outputs/lo2/models/tcn_transformer_ae_best.pt,real_val_plus_val_synthetic,,,,,,,,,,,False,,,False,False,True,False,False,0.05,0.004357045982033014,0.004357045982033014,True,0.004357045982033014,-47.93278535352225,0,0.6601929664611816
tcn_transformer_ae,297,1000,0.007616055818895499,0.0043272039232154684,9,9,5,0.004357045982033014,0.004357045982033014,-47.93278535352225,0,0.0003,/home/danderety/Documents/GitHub/TCN_Transformer_anomaly_analizer/outputs/lo2/models/tcn_transformer_ae_best.pt,real_val_plus_val_synthetic,,,,,,,,,,,False,,,False,False,True,False,False,0.05,0.0043272039232154684,0.0043272039232154684,True,0.0043272039232154684,-47.93278535352225,0,2.3322153091430664
tcn_transformer_ae,298,1000,0.007540703751146793,0.004297467879951,9,9,5,0.0043272039232154684,0.0043272039232154684,-47.93278535352225,0,0.0003,/home/danderety/Documents/GitHub/TCN_Transformer_anomaly_analizer/outputs/lo2/models/tcn_transformer_ae_best.pt,real_val_plus_val_synthetic,,,,,,,,,,,False,,,False,False,True,False,False,0.05,0.004297467879951,0.004297467879951,True,0.004297467879951,-47.93278535352225,0,0.692756175994873
tcn_transformer_ae,299,1000,0.007484447366247575,0.0042679089431961375,9,9,5,0.004297467879951,0.004297467879951,-47.93278535352225,0,0.0003,/home/danderety/Documents/GitHub/TCN_Transformer_anomaly_analizer/outputs/lo2/models/tcn_transformer_ae_best.pt,real_val_plus_val_synthetic,,,,,,,,,,,False,,,False,False,True,False,False,0.05,0.0042679089431961375,0.0042679089431961375,True,0.0042679089431961375,-47.93278535352225,0,2.436741828918457
tcn_transformer_ae,300,1000,0.007411356860150893,0.004238595409939687,9,9,5,0.0042679089431961375,0.0042679089431961375,-47.93278535352225,0,0.0003,/home/danderety/Documents/GitHub/TCN_Transformer_anomaly_analizer/outputs/lo2/models/tcn_transformer_ae_best.pt,real_val_plus_val_synthetic,0.7288135593220338,0.4942528735632184,0.589041095890411,16.0,44.0,2.164791917800902,2.164791917800902,-0.8276935815811158,False,quantile,True,2.1803783416748033,-47.93278535352225,False,True,True,False,False,0.05,0.004238595409939687,0.004238595409939687,True,0.004238595409939687,-47.93278535352225,0,2.10221266746521
tcn_transformer_ae,301,1000,0.007429194326202075,0.004210475521783034,9,9,5,0.004238595409939687,0.004238595409939687,-47.93278535352225,0,0.0003,/home/danderety/Documents/GitHub/TCN_Transformer_anomaly_analizer/outputs/lo2/models/tcn_transformer_ae_best.pt,real_val_plus_val_synthetic,,,,,,,,,,,False,,,False,False,True,False,False,0.05,0.004210475521783034,0.004210475521783034,True,0.004210475521783034,-47.93278535352225,0,1.8047068119049072
tcn_transformer_ae,302,1000,0.0073838030608991785,0.004182932277520497,9,9,5,0.004210475521783034,0.004210475521783034,-47.93278535352225,0,0.0003,/home/danderety/Documents/GitHub/TCN_Transformer_anomaly_analizer/outputs/lo2/models/tcn_transformer_ae_best.pt,real_val_plus_val_synthetic,,,,,,,,,,,False,,,False,False,True,False,False,0.05,0.004182932277520497,0.004182932277520497,True,0.004182932277520497,-47.93278535352225,0,1.102745771408081
tcn_transformer_ae,303,1000,0.007314174280812343,0.004155100788921118,9,9,5,0.004182932277520497,0.004182932277520497,-47.93278535352225,0,0.0003,/home/danderety/Documents/GitHub/TCN_Transformer_anomaly_analizer/outputs/lo2/models/tcn_transformer_ae_best.pt,real_val_plus_val_synthetic,,,,,,,,,,,False,,,False,False,True,False,False,0.05,0.004155100788921118,0.004155100788921118,True,0.004155100788921118,-47.93278535352225,0,1.469165325164795
tcn_transformer_ae,304,1000,0.007238223993529876,0.004126725563158591,9,9,5,0.004155100788921118,0.004155100788921118,-47.93278535352225,0,0.0003,/home/danderety/Documents/GitHub/TCN_Transformer_anomaly_analizer/outputs/lo2/models/tcn_transformer_ae_best.pt,real_val_plus_val_synthetic,,,,,,,,,,,False,,,False,False,True,False,False,0.05,0.004126725563158591,0.004126725563158591,True,0.004126725563158591,-47.93278535352225,0,1.490933895111084
tcn_transformer_ae,305,1000,0.007216359488666058,0.004099113556245963,9,9,5,0.004126725563158591,0.004126725563158591,-47.93278535352225,0,0.0003,/home/danderety/Documents/GitHub/TCN_Transformer_anomaly_analizer/outputs/lo2/models/tcn_transformer_ae_best.pt,real_val_plus_val_synthetic,0.7288135593220338,0.4942528735632184,0.589041095890411,16.0,44.0,2.145812141895293,2.145812141895293,-0.8273319602012635,False,quantile,True,2.164791917800902,-47.93278535352225,False,True,True,False,False,0.05,0.004099113556245963,0.004099113556245963,True,0.004099113556245963,-47.93278535352225,0,2.137610673904419
tcn_transformer_ae,306,1000,0.007166251850624879,0.004071857935438554,9,9,5,0.004099113556245963,0.004099113556245963,-47.93278535352225,0,0.0003,/home/danderety/Documents/GitHub/TCN_Transformer_anomaly_analizer/outputs/lo2/models/tcn_transformer_ae_best.pt,real_val_plus_val_synthetic,,,,,,,,,,,False,,,False,False,True,False,False,0.05,0.004071857935438554,0.004071857935438554,True,0.004071857935438554,-47.93278535352225,0,1.8520410060882568
tcn_transformer_ae,307,1000,0.007113660220056772,0.004044965685655673,9,9,5,0.004071857935438554,0.004071857935438554,-47.93278535352225,0,0.0003,/home/danderety/Documents/GitHub/TCN_Transformer_anomaly_analizer/outputs/lo2/models/tcn_transformer_ae_best.pt,real_val_plus_val_synthetic,,,,,,,,,,,False,,,False,False,True,False,False,0.05,0.004044965685655673,0.004044965685655673,True,0.004044965685655673,-47.93278535352225,0,0.9752168655395508
tcn_transformer_ae,308,1000,0.007083128516872724,0.004018919697652261,9,9,5,0.004044965685655673,0.004044965685655673,-47.93278535352225,0,0.0003,/home/danderety/Documents/GitHub/TCN_Transformer_anomaly_analizer/outputs/lo2/models/tcn_transformer_ae_best.pt,real_val_plus_val_synthetic,,,,,,,,,,,False,,,False,False,True,False,False,0.05,0.004018919697652261,0.004018919697652261,True,0.004018919697652261,-47.93278535352225,0,2.643462657928467
tcn_transformer_ae,309,1000,0.007027007018526395,0.003992035674552123,9,9,5,0.004018919697652261,0.004018919697652261,-47.93278535352225,0,0.0003,/home/danderety/Documents/GitHub/TCN_Transformer_anomaly_analizer/outputs/lo2/models/tcn_transformer_ae_best.pt,real_val_plus_val_synthetic,,,,,,,,,,,False,,,False,False,True,False,False,0.05,0.003992035674552123,0.003992035674552123,True,0.003992035674552123,-47.93278535352225,0,0.6243157386779785
tcn_transformer_ae,310,1000,0.006986499919245641,0.003966049989685416,9,9,5,0.003992035674552123,0.003992035674552123,-47.93278535352225,0,0.0003,/home/danderety/Documents/GitHub/TCN_Transformer_anomaly_analizer/outputs/lo2/models/tcn_transformer_ae_best.pt,real_val_plus_val_synthetic,0.7288135593220338,0.4942528735632184,0.589041095890411,16.0,44.0,2.1488526821136467,2.1488526821136467,-0.833362102508545,False,quantile,True,2.145812141895293,-47.93278535352225,False,True,True,False,False,0.05,0.003966049989685416,0.003966049989685416,True,0.003966049989685416,-47.93278535352225,0,2.1112680435180664
tcn_transformer_ae,311,1000,0.00693224153170983,0.003940457322945197,9,9,5,0.003966049989685416,0.003966049989685416,-47.93278535352225,0,0.0003,/home/danderety/Documents/GitHub/TCN_Transformer_anomaly_analizer/outputs/lo2/models/tcn_transformer_ae_best.pt,real_val_plus_val_synthetic,,,,,,,,,,,False,,,False,False,True,False,False,0.05,0.003940457322945197,0.003940457322945197,True,0.003940457322945197,-47.93278535352225,0,2.2578635215759277
tcn_transformer_ae,312,1000,0.006905198407669862,0.003915354221438368,9,9,5,0.003940457322945197,0.003940457322945197,-47.93278535352225,0,0.0003,/home/danderety/Documents/GitHub/TCN_Transformer_anomaly_analizer/outputs/lo2/models/tcn_transformer_ae_best.pt,real_val_plus_val_synthetic,,,,,,,,,,,False,,,False,False,True,False,False,0.05,0.003915354221438368,0.003915354221438368,True,0.003915354221438368,-47.93278535352225,0,0.6588613986968994
tcn_transformer_ae,313,1000,0.006880929848800103,0.0038907036650925875,9,9,5,0.003915354221438368,0.003915354221438368,-47.93278535352225,0,0.0003,/home/danderety/Documents/GitHub/TCN_Transformer_anomaly_analizer/outputs/lo2/models/tcn_transformer_ae_best.pt,real_val_plus_val_synthetic,,,,,,,,,,,False,,,False,False,True,False,False,0.05,0.0038907036650925875,0.0038907036650925875,True,0.0038907036650925875,-47.93278535352225,0,1.427682876586914
tcn_transformer_ae,314,1000,0.006803587234268586,0.003865845501422882,9,9,5,0.0038907036650925875,0.0038907036650925875,-47.93278535352225,0,0.0003,/home/danderety/Documents/GitHub/TCN_Transformer_anomaly_analizer/outputs/lo2/models/tcn_transformer_ae_best.pt,real_val_plus_val_synthetic,,,,,,,,,,,False,,,False,False,True,False,False,0.05,0.003865845501422882,0.003865845501422882,True,0.003865845501422882,-47.93278535352225,0,2.4349067211151123
tcn_transformer_ae,315,1000,0.00680021196603775,0.0038409149274230003,9,9,5,0.003865845501422882,0.003865845501422882,-47.93278535352225,0,0.0003,/home/danderety/Documents/GitHub/TCN_Transformer_anomaly_analizer/outputs/lo2/models/tcn_transformer_ae_best.pt,real_val_plus_val_synthetic,0.7288135593220338,0.4942528735632184,0.589041095890411,16.0,44.0,2.1200855612754808,2.1200855612754808,-0.8313529491424562,False,quantile,True,2.1488526821136467,-47.93278535352225,False,True,True,False,False,0.05,0.0038409149274230003,0.0038409149274230003,True,0.0038409149274230003,-47.93278535352225,0,2.119137763977051
tcn_transformer_ae,316,1000,0.006750282210608323,0.0038160343344012895,9,9,5,0.0038409149274230003,0.0038409149274230003,-47.93278535352225,0,0.0003,/home/danderety/Documents/GitHub/TCN_Transformer_anomaly_analizer/outputs/lo2/models/tcn_transformer_ae_best.pt,real_val_plus_val_synthetic,,,,,,,,,,,False,,,False,False,True,False,False,0.05,0.0038160343344012895,0.0038160343344012895,True,0.0038160343344012895,-47.93278535352225,0,1.3955004215240479
tcn_transformer_ae,317,1000,0.006668815699716409,0.003791313230370482,9,9,5,0.0038160343344012895,0.0038160343344012895,-47.93278535352225,0,0.0003,/home/danderety/Documents/GitHub/TCN_Transformer_anomaly_analizer/outputs/lo2/models/tcn_transformer_ae_best.pt,real_val_plus_val_synthetic,,,,,,,,,,,False,,,False,False,True,False,False,0.05,0.003791313230370482,0.003791313230370482,True,0.003791313230370482,-47.93278535352225,0,1.5168774127960205
tcn_transformer_ae,318,1000,0.006635730620473623,0.00376690497311453,9,9,5,0.003791313230370482,0.003791313230370482,-47.93278535352225,0,0.0003,/home/danderety/Documents/GitHub/TCN_Transformer_anomaly_analizer/outputs/lo2/models/tcn_transformer_ae_best.pt,real_val_plus_val_synthetic,,,,,,,,,,,False,,,False,False,True,False,False,0.05,0.00376690497311453,0.00376690497311453,True,0.00376690497311453,-47.93278535352225,0,1.151137113571167
tcn_transformer_ae,319,1000,0.006636063723514478,0.0037433923377345004,9,9,5,0.00376690497311453,0.00376690497311453,-47.93278535352225,0,0.0003,/home/danderety/Documents/GitHub/TCN_Transformer_anomaly_analizer/outputs/lo2/models/tcn_transformer_ae_best.pt,real_val_plus_val_synthetic,,,,,,,,,,,False,,,False,False,True,False,False,0.05,0.0037433923377345004,0.0037433923377345004,True,0.0037433923377345004,-47.93278535352225,0,2.528916120529175
tcn_transformer_ae,320,1000,0.006566470023244619,0.003720254171639681,9,9,5,0.0037433923377345004,0.0037433923377345004,-47.93278535352225,0,0.0003,/home/danderety/Documents/GitHub/TCN_Transformer_anomaly_analizer/outputs/lo2/models/tcn_transformer_ae_best.pt,real_val_plus_val_synthetic,0.7288135593220338,0.4942528735632184,0.589041095890411,16.0,44.0,2.1012350559234605,2.1012350559234605,-0.8380146622657777,False,quantile,True,2.1200855612754808,-47.93278535352225,False,True,True,False,False,0.05,0.003720254171639681,0.003720254171639681,True,0.003720254171639681,-47.93278535352225,0,2.3004119396209717
tcn_transformer_ae,321,1000,0.006541660986840725,0.003697071069230636,9,9,5,0.003720254171639681,0.003720254171639681,-47.93278535352225,0,0.0003,/home/danderety/Documents/GitHub/TCN_Transformer_anomaly_analizer/outputs/lo2/models/tcn_transformer_ae_best.pt,real_val_plus_val_synthetic,,,,,,,,,,,False,,,False,False,True,False,False,0.05,0.003697071069230636,0.003697071069230636,True,0.003697071069230636,-47.93278535352225,0,1.1066186428070068
tcn_transformer_ae,322,1000,0.006521633205314477,0.0036738864922275147,9,9,5,0.003697071069230636,0.003697071069230636,-47.93278535352225,0,0.0003,/home/danderety/Documents/GitHub/TCN_Transformer_anomaly_analizer/outputs/lo2/models/tcn_transformer_ae_best.pt,real_val_plus_val_synthetic,,,,,,,,,,,False,,,False,False,True,False,False,0.05,0.0036738864922275147,0.0036738864922275147,True,0.0036738864922275147,-47.93278535352225,0,2.290172815322876
tcn_transformer_ae,323,1000,0.006474991173793872,0.003650953449929754,9,9,5,0.0036738864922275147,0.0036738864922275147,-47.93278535352225,0,0.0003,/home/danderety/Documents/GitHub/TCN_Transformer_anomaly_analizer/outputs/lo2/models/tcn_transformer_ae_best.pt,real_val_plus_val_synthetic,,,,,,,,,,,False,,,False,False,True,False,False,0.05,0.003650953449929754,0.003650953449929754,True,0.003650953449929754,-47.93278535352225,0,0.6668722629547119
tcn_transformer_ae,324,1000,0.00641556332508723,0.0036280976297954717,9,9,5,0.003650953449929754,0.003650953449929754,-47.93278535352225,0,0.0003,/home/danderety/Documents/GitHub/TCN_Transformer_anomaly_analizer/outputs/lo2/models/tcn_transformer_ae_best.pt,real_val_plus_val_synthetic,,,,,,,,,,,False,,,False,False,True,False,False,0.05,0.0036280976297954717,0.0036280976297954717,True,0.0036280976297954717,-47.93278535352225,0,1.303593397140503
tcn_transformer_ae,325,1000,0.006378445619096358,0.0036054640853156648,9,9,5,0.0036280976297954717,0.0036280976297954717,-47.93278535352225,0,0.0003,/home/danderety/Documents/GitHub/TCN_Transformer_anomaly_analizer/outputs/lo2/models/tcn_transformer_ae_best.pt,real_val_plus_val_synthetic,0.7288135593220338,0.4942528735632184,0.589041095890411,16.0,44.0,2.091212594509123,2.091212594509123,-0.8361753225326539,False,quantile,True,2.1012350559234605,-47.93278535352225,False,True,True,False,False,0.05,0.0036054640853156648,0.0036054640853156648,True,0.0036054640853156648,-47.93278535352225,0,2.1295807361602783
tcn_transformer_ae,326,1000,0.006341912473241488,0.0035834874336918197,9,9,5,0.0036054640853156648,0.0036054640853156648,-47.93278535352225,0,0.0003,/home/danderety/Documents/GitHub/TCN_Transformer_anomaly_analizer/outputs/lo2/models/tcn_transformer_ae_best.pt,real_val_plus_val_synthetic,,,,,,,,,,,False,,,False,False,True,False,False,0.05,0.0035834874336918197,0.0035834874336918197,True,0.0035834874336918197,-47.93278535352225,0,1.289543628692627
tcn_transformer_ae,327,1000,0.006306927185505629,0.003561016172170639,9,9,5,0.0035834874336918197,0.0035834874336918197,-47.93278535352225,0,0.0003,/home/danderety/Documents/GitHub/TCN_Transformer_anomaly_analizer/outputs/lo2/models/tcn_transformer_ae_best.pt,real_val_plus_val_synthetic,,,,,,,,,,,False,,,False,False,True,False,False,0.05,0.003561016172170639,0.003561016172170639,True,0.003561016172170639,-47.93278535352225,0,0.6274421215057373
tcn_transformer_ae,328,1000,0.006275558844208717,0.0035387452226132154,9,9,5,0.003561016172170639,0.003561016172170639,-47.93278535352225,0,0.0003,/home/danderety/Documents/GitHub/TCN_Transformer_anomaly_analizer/outputs/lo2/models/tcn_transformer_ae_best.pt,real_val_plus_val_synthetic,,,,,,,,,,,False,,,False,False,True,False,False,0.05,0.0035387452226132154,0.0035387452226132154,True,0.0035387452226132154,-47.93278535352225,0,0.6194751262664795
tcn_transformer_ae,329,1000,0.006234354494760434,0.003517354295278589,9,9,5,0.0035387452226132154,0.0035387452226132154,-47.93278535352225,0,0.0003,/home/danderety/Documents/GitHub/TCN_Transformer_anomaly_analizer/outputs/lo2/models/tcn_transformer_ae_best.pt,real_val_plus_val_synthetic,,,,,,,,,,,False,,,False,False,True,False,False,0.05,0.003517354295278589,0.003517354295278589,True,0.003517354295278589,-47.93278535352225,0,0.8233342170715332
tcn_transformer_ae,330,1000,0.006243513120959203,0.0034958854472885528,9,9,5,0.003517354295278589,0.003517354295278589,-47.93278535352225,0,0.0003,/home/danderety/Documents/GitHub/TCN_Transformer_anomaly_analizer/outputs/lo2/models/tcn_transformer_ae_best.pt,real_val_plus_val_synthetic,0.7288135593220338,0.4942528735632184,0.589041095890411,16.0,44.0,2.1044910430908192,2.1044910430908192,-0.8337103724479676,False,quantile,True,2.091212594509123,-47.93278535352225,False,True,True,False,False,0.05,0.0034958854472885528,0.0034958854472885528,True,0.0034958854472885528,-47.93278535352225,0,2.107945203781128
tcn_transformer_ae,331,1000,0.006196387888242801,0.003474584547802806,9,9,5,0.0034958854472885528,0.0034958854472885528,-47.93278535352225,0,0.0003,/home/danderety/Documents/GitHub/TCN_Transformer_anomaly_analizer/outputs/lo2/models/tcn_transformer_ae_best.pt,real_val_plus_val_synthetic,,,,,,,,,,,False,,,False,False,True,False,False,0.05,0.003474584547802806,0.003474584547802806,True,0.003474584547802806,-47.93278535352225,0,0.6842262744903564
tcn_transformer_ae,332,1000,0.006108405999839306,0.003453419699023167,9,9,5,0.003474584547802806,0.003474584547802806,-47.93278535352225,0,0.0003,/home/danderety/Documents/GitHub/TCN_Transformer_anomaly_analizer/outputs/lo2/models/tcn_transformer_ae_best.pt,real_val_plus_val_synthetic,,,,,,,,,,,False,,,False,False,True,False,False,0.05,0.003453419699023167,0.003453419699023167,True,0.003453419699023167,-47.93278535352225,0,1.7356634140014648
tcn_transformer_ae,333,1000,0.006097941193729639,0.0034321895024428764,9,9,5,0.003453419699023167,0.003453419699023167,-47.93278535352225,0,0.0003,/home/danderety/Documents/GitHub/TCN_Transformer_anomaly_analizer/outputs/lo2/models/tcn_transformer_ae_best.pt,real_val_plus_val_synthetic,,,,,,,,,,,False,,,False,False,True,False,False,0.05,0.0034321895024428764,0.0034321895024428764,True,0.0034321895024428764,-47.93278535352225,0,1.3426663875579834
tcn_transformer_ae,334,1000,0.006037887341032426,0.0034112518187612295,9,9,5,0.0034321895024428764,0.0034321895024428764,-47.93278535352225,0,0.0003,/home/danderety/Documents/GitHub/TCN_Transformer_anomaly_analizer/outputs/lo2/models/tcn_transformer_ae_best.pt,real_val_plus_val_synthetic,,,,,,,,,,,False,,,False,False,True,False,False,0.05,0.0034112518187612295,0.0034112518187612295,True,0.0034112518187612295,-47.93278535352225,0,1.0841917991638184
tcn_transformer_ae,335,1000,0.006033089477568865,0.0033907638862729073,9,9,5,0.0034112518187612295,0.0034112518187612295,-47.93278535352225,0,0.0003,/home/danderety/Documents/GitHub/TCN_Transformer_anomaly_analizer/outputs/lo2/models/tcn_transformer_ae_best.pt,real_val_plus_val_synthetic,0.7288135593220338,0.4942528735632184,0.589041095890411,16.0,44.0,2.1059515953063954,2.1059515953063954,-0.8315688371658326,False,quantile,True,2.1044910430908192,-47.93278535352225,False,True,True,False,False,0.05,0.0033907638862729073,0.0033907638862729073,True,0.0033907638862729073,-47.93278535352225,0,2.0723836421966553
tcn_transformer_ae,336,1000,0.005978592050572236,0.0033708951280762753,9,9,5,0.0033907638862729073,0.0033907638862729073,-47.93278535352225,0,0.0003,/home/danderety/Documents/GitHub/TCN_Transformer_anomaly_analizer/outputs/lo2/models/tcn_transformer_ae_best.pt,real_val_plus_val_synthetic,,,,,,,,,,,False,,,False,False,True,False,False,0.05,0.0033708951280762753,0.0033708951280762753,True,0.0033708951280762753,-47.93278535352225,0,0.6851272583007812
tcn_transformer_ae,337,1000,0.0059524715567628545,0.0033509944720814624,9,9,5,0.0033708951280762753,0.0033708951280762753,-47.93278535352225,0,0.0003,/home/danderety/Documents/GitHub/TCN_Transformer_anomaly_analizer/outputs/lo2/models/tcn_transformer_ae_best.pt,real_val_plus_val_synthetic,,,,,,,,,,,False,,,False,False,True,False,False,0.05,0.0033509944720814624,0.0033509944720814624,True,0.0033509944720814624,-47.93278535352225,0,2.515594244003296
tcn_transformer_ae,338,1000,0.005925190169364214,0.003331011005987724,9,9,5,0.0033509944720814624,0.0033509944720814624,-47.93278535352225,0,0.0003,/home/danderety/Documents/GitHub/TCN_Transformer_anomaly_analizer/outputs/lo2/models/tcn_transformer_ae_best.pt,real_val_plus_val_synthetic,,,,,,,,,,,False,,,False,False,True,False,False,0.05,0.003331011005987724,0.003331011005987724,True,0.003331011005987724,-47.93278535352225,0,0.6296796798706055
tcn_transformer_ae,339,1000,0.005896445984641711,0.0033111819066107273,9,9,5,0.003331011005987724,0.003331011005987724,-47.93278535352225,0,0.0003,/home/danderety/Documents/GitHub/TCN_Transformer_anomaly_analizer/outputs/lo2/models/tcn_transformer_ae_best.pt,real_val_plus_val_synthetic,,,,,,,,,,,False,,,False,False,True,False,False,0.05,0.0033111819066107273,0.0033111819066107273,True,0.0033111819066107273,-47.93278535352225,0,0.6105377674102783
tcn_transformer_ae,340,1000,0.005853332734356324,0.0032912418246269226,9,9,5,0.0033111819066107273,0.0033111819066107273,-47.93278535352225,0,0.0003,/home/danderety/Documents/GitHub/TCN_Transformer_anomaly_analizer/outputs/lo2/models/tcn_transformer_ae_best.pt,real_val_plus_val_synthetic,0.7288135593220338,0.4942528735632184,0.589041095890411,16.0,44.0,2.0940122723579395,2.0940122723579395,-0.8307983279228212,False,quantile,True,2.1059515953063954,-47.93278535352225,False,True,True,False,False,0.05,0.0032912418246269226,0.0032912418246269226,True,0.0032912418246269226,-47.93278535352225,0,2.1649246215820312
tcn_transformer_ae,341,1000,0.005798571743071079,0.003271699339772264,9,9,5,0.0032912418246269226,0.0032912418246269226,-47.93278535352225,0,0.0003,/home/danderety/Documents/GitHub/TCN_Transformer_anomaly_analizer/outputs/lo2/models/tcn_transformer_ae_best.pt,real_val_plus_val_synthetic,,,,,,,,,,,False,,,False,False,True,False,False,0.05,0.003271699339772264,0.003271699339772264,True,0.003271699339772264,-47.93278535352225,0,2.52432918548584
tcn_transformer_ae,342,1000,0.00578682388489445,0.0032523409463465214,9,9,5,0.003271699339772264,0.003271699339772264,-47.93278535352225,0,0.0003,/home/danderety/Documents/GitHub/TCN_Transformer_anomaly_analizer/outputs/lo2/models/tcn_transformer_ae_best.pt,real_val_plus_val_synthetic,,,,,,,,,,,False,,,False,False,True,False,False,0.05,0.0032523409463465214,0.0032523409463465214,True,0.0032523409463465214,-47.93278535352225,0,0.646132230758667
tcn_transformer_ae,343,1000,0.005758373066782951,0.0032333300138513246,9,9,5,0.0032523409463465214,0.0032523409463465214,-47.93278535352225,0,0.0003,/home/danderety/Documents/GitHub/TCN_Transformer_anomaly_analizer/outputs/lo2/models/tcn_transformer_ae_best.pt,real_val_plus_val_synthetic,,,,,,,,,,,False,,,False,False,True,False,False,0.05,0.0032333300138513246,0.0032333300138513246,True,0.0032333300138513246,-47.93278535352225,0,0.6156575679779053
tcn_transformer_ae,344,1000,0.005695526332904895,0.0032149706967175007,9,9,5,0.0032333300138513246,0.0032333300138513246,-47.93278535352225,0,0.0003,/home/danderety/Documents/GitHub/TCN_Transformer_anomaly_analizer/outputs/lo2/models/tcn_transformer_ae_best.pt,real_val_plus_val_synthetic,,,,,,,,,,,False,,,False,False,True,False,False,0.05,0.0032149706967175007,0.0032149706967175007,True,0.0032149706967175007,-47.93278535352225,0,0.6350631713867188
tcn_transformer_ae,345,1000,0.005682756192982197,0.003196777543053031,9,9,5,0.0032149706967175007,0.0032149706967175007,-47.93278535352225,0,0.0003,/home/danderety/Documents/GitHub/TCN_Transformer_anomaly_analizer/outputs/lo2/models/tcn_transformer_ae_best.pt,real_val_plus_val_synthetic,0.7288135593220338,0.4942528735632184,0.589041095890411,16.0,44.0,2.1033311963081354,2.1033311963081354,-0.8332983255386354,False,quantile,True,2.0940122723579395,-47.93278535352225,False,True,True,False,False,0.05,0.003196777543053031,0.003196777543053031,True,0.003196777543053031,-47.93278535352225,0,2.0830819606781006
tcn_transformer_ae,346,1000,0.005649071342001359,0.0031783268010864654,9,9,5,0.003196777543053031,0.003196777543053031,-47.93278535352225,0,0.0003,/home/danderety/Documents/GitHub/TCN_Transformer_anomaly_analizer/outputs/lo2/models/tcn_transformer_ae_best.pt,real_val_plus_val_synthetic,,,,,,,,,,,False,,,False,False,True,False,False,0.05,0.0031783268010864654,0.0031783268010864654,True,0.0031783268010864654,-47.93278535352225,0,0.6840426921844482
tcn_transformer_ae,347,1000,0.005608880737175544,0.003159497088442246,9,9,5,0.0031783268010864654,0.0031783268010864654,-47.93278535352225,0,0.0003,/home/danderety/Documents/GitHub/TCN_Transformer_anomaly_analizer/outputs/lo2/models/tcn_transformer_ae_best.pt,real_val_plus_val_synthetic,,,,,,,,,,,False,,,False,False,True,False,False,0.05,0.003159497088442246,0.003159497088442246,True,0.003159497088442246,-47.93278535352225,0,2.421583890914917
tcn_transformer_ae,348,1000,0.005585927361001571,0.0031410857724646726,9,9,5,0.003159497088442246,0.003159497088442246,-47.93278535352225,0,0.0003,/home/danderety/Documents/GitHub/TCN_Transformer_anomaly_analizer/outputs/lo2/models/tcn_transformer_ae_best.pt,real_val_plus_val_synthetic,,,,,,,,,,,False,,,False,False,True,False,False,0.05,0.0031410857724646726,0.0031410857724646726,True,0.0031410857724646726,-47.93278535352225,0,0.6105988025665283
tcn_transformer_ae,349,1000,0.00554972995693485,0.003122987768923243,9,9,5,0.0031410857724646726,0.0031410857724646726,-47.93278535352225,0,0.0003,/home/danderety/Documents/GitHub/TCN_Transformer_anomaly_analizer/outputs/lo2/models/tcn_transformer_ae_best.pt,real_val_plus_val_synthetic,,,,,,,,,,,False,,,False,False,True,False,False,0.05,0.003122987768923243,0.003122987768923243,True,0.003122987768923243,-47.93278535352225,0,0.6101601123809814
tcn_transformer_ae,350,1000,0.005530518634865682,0.0031051724993934235,9,9,5,0.003122987768923243,0.003122987768923243,-47.93278535352225,0,0.0003,/home/danderety/Documents/GitHub/TCN_Transformer_anomaly_analizer/outputs/lo2/models/tcn_transformer_ae_best.pt,real_val_plus_val_synthetic,0.7288135593220338,0.4942528735632184,0.589041095890411,16.0,44.0,2.093265235424041,2.093265235424041,-0.8353174924850465,False,quantile,True,2.1033311963081354,-47.93278535352225,False,True,True,False,False,0.05,0.0031051724993934235,0.0031051724993934235,True,0.0031051724993934235,-47.93278535352225,0,2.144728422164917
tcn_transformer_ae,351,1000,0.0054817358031868935,0.003087307016054789,9,9,5,0.0031051724993934235,0.0031051724993934235,-47.93278535352225,0,0.0003,/home/danderety/Documents/GitHub/TCN_Transformer_anomaly_analizer/outputs/lo2/models/tcn_transformer_ae_best.pt,real_val_plus_val_synthetic,,,,,,,,,,,False,,,False,False,True,False,False,0.05,0.003087307016054789,0.003087307016054789,True,0.003087307016054789,-47.93278535352225,0,2.307469129562378
tcn_transformer_ae,352,1000,0.005463722161948681,0.003069886084025105,9,9,5,0.003087307016054789,0.003087307016054789,-47.93278535352225,0,0.0003,/home/danderety/Documents/GitHub/TCN_Transformer_anomaly_analizer/outputs/lo2/models/tcn_transformer_ae_best.pt,real_val_plus_val_synthetic,,,,,,,,,,,False,,,False,False,True,False,False,0.05,0.003069886084025105,0.003069886084025105,True,0.003069886084025105,-47.93278535352225,0,0.6127583980560303
tcn_transformer_ae,353,1000,0.005435230986525615,0.0030524430330842733,9,9,5,0.003069886084025105,0.003069886084025105,-47.93278535352225,0,0.0003,/home/danderety/Documents/GitHub/TCN_Transformer_anomaly_analizer/outputs/lo2/models/tcn_transformer_ae_best.pt,real_val_plus_val_synthetic,,,,,,,,,,,False,,,False,False,True,False,False,0.05,0.0030524430330842733,0.0030524430330842733,True,0.0030524430330842733,-47.93278535352225,0,0.7226762771606445
tcn_transformer_ae,354,1000,0.00540809581677119,0.0030352510511875153,9,9,5,0.0030524430330842733,0.0030524430330842733,-47.93278535352225,0,0.0003,/home/danderety/Documents/GitHub/TCN_Transformer_anomaly_analizer/outputs/lo2/models/tcn_transformer_ae_best.pt,real_val_plus_val_synthetic,,,,,,,,,,,False,,,False,False,True,False,False,0.05,0.0030352510511875153,0.0030352510511875153,True,0.0030352510511875153,-47.93278535352225,0,2.4258430004119873
tcn_transformer_ae,355,1000,0.005390249037494262,0.003017791546881199,9,9,5,0.0030352510511875153,0.0030352510511875153,-47.93278535352225,0,0.0003,/home/danderety/Documents/GitHub/TCN_Transformer_anomaly_analizer/outputs/lo2/models/tcn_transformer_ae_best.pt,real_val_plus_val_synthetic,0.7288135593220338,0.4942528735632184,0.589041095890411,16.0,44.0,2.0852495908737176,2.0852495908737176,-0.8361374139785768,False,quantile,True,2.093265235424041,-47.93278535352225,False,True,True,False,False,0.05,0.003017791546881199,0.003017791546881199,True,0.003017791546881199,-47.93278535352225,0,2.0740270614624023
tcn_transformer_ae,356,1000,0.005359017911056678,0.0030005183070898056,9,9,5,0.003017791546881199,0.003017791546881199,-47.93278535352225,0,0.0003,/home/danderety/Documents/GitHub/TCN_Transformer_anomaly_analizer/outputs/lo2/models/tcn_transformer_ae_best.pt,real_val_plus_val_synthetic,,,,,,,,,,,False,,,False,False,True,False,False,0.05,0.0030005183070898056,0.0030005183070898056,True,0.0030005183070898056,-47.93278535352225,0,0.6064174175262451
tcn_transformer_ae,357,1000,0.005338850896805525,0.0029837586916983128,9,9,5,0.0030005183070898056,0.0030005183070898056,-47.93278535352225,0,0.0003,/home/danderety/Documents/GitHub/TCN_Transformer_anomaly_analizer/outputs/lo2/models/tcn_transformer_ae_best.pt,real_val_plus_val_synthetic,,,,,,,,,,,False,,,False,False,True,False,False,0.05,0.0029837586916983128,0.0029837586916983128,True,0.0029837586916983128,-47.93278535352225,0,0.6672701835632324
tcn_transformer_ae,358,1000,0.005270312074571848,0.0029671476998676858,9,9,5,0.0029837586916983128,0.0029837586916983128,-47.93278535352225,0,0.0003,/home/danderety/Documents/GitHub/TCN_Transformer_anomaly_analizer/outputs/lo2/models/tcn_transformer_ae_best.pt,real_val_plus_val_synthetic,,,,,,,,,,,False,,,False,False,True,False,False,0.05,0.0029671476998676858,0.0029671476998676858,True,0.0029671476998676858,-47.93278535352225,0,2.5998966693878174
tcn_transformer_ae,359,1000,0.005259321226427953,0.0029507994186133146,9,9,5,0.0029671476998676858,0.0029671476998676858,-47.93278535352225,0,0.0003,/home/danderety/Documents/GitHub/TCN_Transformer_anomaly_analizer/outputs/lo2/models/tcn_transformer_ae_best.pt,real_val_plus_val_synthetic,,,,,,,,,,,False,,,False,False,True,False,False,0.05,0.0029507994186133146,0.0029507994186133146,True,0.0029507994186133146,-47.93278535352225,0,0.6074409484863281
tcn_transformer_ae,360,1000,0.005251390083382527,0.0029342443061371646,9,9,5,0.0029507994186133146,0.0029507994186133146,-47.93278535352225,0,0.0003,/home/danderety/Documents/GitHub/TCN_Transformer_anomaly_analizer/outputs/lo2/models/tcn_transformer_ae_best.pt,real_val_plus_val_synthetic,0.7288135593220338,0.4942528735632184,0.589041095890411,16.0,44.0,2.0876873493194577,2.0876873493194577,-0.8340759873390199,False,quantile,True,2.0852495908737176,-47.93278535352225,False,True,True,False,False,0.05,0.0029342443061371646,0.0029342443061371646,True,0.0029342443061371646,-47.93278535352225,0,2.138800859451294
tcn_transformer_ae,361,1000,0.00520865557094415,0.0029178891951839128,9,9,5,0.0029342443061371646,0.0029342443061371646,-47.93278535352225,0,0.0003,/home/danderety/Documents/GitHub/TCN_Transformer_anomaly_analizer/outputs/lo2/models/tcn_transformer_ae_best.pt,real_val_plus_val_synthetic,,,,,,,,,,,False,,,False,False,True,False,False,0.05,0.0029178891951839128,0.0029178891951839128,True,0.0029178891951839128,-47.93278535352225,0,2.6503281593322754
tcn_transformer_ae,362,1000,0.005179520541181167,0.0029018005977074304,9,9,5,0.0029178891951839128,0.0029178891951839128,-47.93278535352225,0,0.0003,/home/danderety/Documents/GitHub/TCN_Transformer_anomaly_analizer/outputs/lo2/models/tcn_transformer_ae_best.pt,real_val_plus_val_synthetic,,,,,,,,,,,False,,,False,False,True,False,False,0.05,0.0029018005977074304,0.0029018005977074304,True,0.0029018005977074304,-47.93278535352225,0,0.608633279800415
tcn_transformer_ae,363,1000,0.005149926679829757,0.002885676377142469,9,9,5,0.0029018005977074304,0.0029018005977074304,-47.93278535352225,0,0.0003,/home/danderety/Documents/GitHub/TCN_Transformer_anomaly_analizer/outputs/lo2/models/tcn_transformer_ae_best.pt,real_val_plus_val_synthetic,,,,,,,,,,,False,,,False,False,True,False,False,0.05,0.002885676377142469,0.002885676377142469,True,0.002885676377142469,-47.93278535352225,0,0.6433184146881104
tcn_transformer_ae,364,1000,0.005133619376768668,0.002869748044759035,9,9,5,0.002885676377142469,0.002885676377142469,-47.93278535352225,0,0.0003,/home/danderety/Documents/GitHub/TCN_Transformer_anomaly_analizer/outputs/lo2/models/tcn_transformer_ae_best.pt,real_val_plus_val_synthetic,,,,,,,,,,,False,,,False,False,True,False,False,0.05,0.002869748044759035,0.002869748044759035,True,0.002869748044759035,-47.93278535352225,0,0.6519229412078857
tcn_transformer_ae,365,1000,0.005103141224632661,0.0028539153281599283,9,9,5,0.002869748044759035,0.002869748044759035,-47.93278535352225,0,0.0003,/home/danderety/Documents/GitHub/TCN_Transformer_anomaly_analizer/outputs/lo2/models/tcn_transformer_ae_best.pt,real_val_plus_val_synthetic,0.7288135593220338,0.4942528735632184,0.589041095890411,16.0,44.0,2.0935059189796443,2.0935059189796443,-0.8354424834251405,False,quantile,True,2.0876873493194577,-47.93278535352225,False,True,True,False,False,0.05,0.0028539153281599283,0.0028539153281599283,True,0.0028539153281599283,-47.93278535352225,0,2.2087347507476807
tcn_transformer_ae,366,1000,0.005064442443350951,0.0028384815280636153,9,9,5,0.0028539153281599283,0.0028539153281599283,-47.93278535352225,0,0.0003,/home/danderety/Documents/GitHub/TCN_Transformer_anomaly_analizer/outputs/lo2/models/tcn_transformer_ae_best.pt,real_val_plus_val_synthetic,,,,,,,,,,,False,,,False,False,True,False,False,0.05,0.0028384815280636153,0.0028384815280636153,True,0.0028384815280636153,-47.93278535352225,0,2.2785863876342773
tcn_transformer_ae,367,1000,0.005063829788317283,0.0028231847876061997,9,9,5,0.0028384815280636153,0.0028384815280636153,-47.93278535352225,0,0.0003,/home/danderety/Documents/GitHub/TCN_Transformer_anomaly_analizer/outputs/lo2/models/tcn_transformer_ae_best.pt,real_val_plus_val_synthetic,,,,,,,,,,,False,,,False,False,True,False,False,0.05,0.0028231847876061997,0.0028231847876061997,True,0.0028231847876061997,-47.93278535352225,0,1.5140292644500732
tcn_transformer_ae,368,1000,0.004974140785634518,0.0028080192860215902,9,9,5,0.0028231847876061997,0.0028231847876061997,-47.93278535352225,0,0.0003,/home/danderety/Documents/GitHub/TCN_Transformer_anomaly_analizer/outputs/lo2/models/tcn_transformer_ae_best.pt,real_val_plus_val_synthetic,,,,,,,,,,,False,,,False,False,True,False,False,0.05,0.0028080192860215902,0.0028080192860215902,True,0.0028080192860215902,-47.93278535352225,0,1.305785894393921
tcn_transformer_ae,369,1000,0.004980112891644239,0.002792871634786328,9,9,5,0.0028080192860215902,0.0028080192860215902,-47.93278535352225,0,0.0003,/home/danderety/Documents/GitHub/TCN_Transformer_anomaly_analizer/outputs/lo2/models/tcn_transformer_ae_best.pt,real_val_plus_val_synthetic,,,,,,,,,,,False,,,False,False,True,False,False,0.05,0.002792871634786328,0.002792871634786328,True,0.002792871634786328,-47.93278535352225,0,0.6231122016906738
tcn_transformer_ae,370,1000,0.004976828582584858,0.0027774511060367026,9,9,5,0.002792871634786328,0.002792871634786328,-47.93278535352225,0,0.0003,/home/danderety/Documents/GitHub/TCN_Transformer_anomaly_analizer/outputs/lo2/models/tcn_transformer_ae_best.pt,real_val_plus_val_synthetic,0.7288135593220338,0.4942528735632184,0.589041095890411,16.0,44.0,2.0940083384513852,2.0940083384513852,-0.8380532264709474,False,quantile,True,2.0935059189796443,-47.93278535352225,False,True,True,False,False,0.05,0.0027774511060367026,0.0027774511060367026,True,0.0027774511060367026,-47.93278535352225,0,2.0681345462799072
tcn_transformer_ae,371,1000,0.004926578452189763,0.0027622998071213565,9,9,5,0.0027774511060367026,0.0027774511060367026,-47.93278535352225,0,0.0003,/home/danderety/Documents/GitHub/TCN_Transformer_anomaly_analizer/outputs/lo2/models/tcn_transformer_ae_best.pt,real_val_plus_val_synthetic,,,,,,,,,,,False,,,False,False,True,False,False,0.05,0.0027622998071213565,0.0027622998071213565,True,0.0027622998071213565,-47.93278535352225,0,0.6768138408660889
tcn_transformer_ae,372,1000,0.004911319973568122,0.002747407959153255,9,9,5,0.0027622998071213565,0.0027622998071213565,-47.93278535352225,0,0.0003,/home/danderety/Documents/GitHub/TCN_Transformer_anomaly_analizer/outputs/lo2/models/tcn_transformer_ae_best.pt,real_val_plus_val_synthetic,,,,,,,,,,,False,,,False,False,True,False,False,0.05,0.002747407959153255,0.002747407959153255,True,0.002747407959153255,-47.93278535352225,0,2.6152336597442627
tcn_transformer_ae,373,1000,0.00486766795317332,0.0027327421121299267,9,9,5,0.002747407959153255,0.002747407959153255,-47.93278535352225,0,0.0003,/home/danderety/Documents/GitHub/TCN_Transformer_anomaly_analizer/outputs/lo2/models/tcn_transformer_ae_best.pt,real_val_plus_val_synthetic,,,,,,,,,,,False,,,False,False,True,False,False,0.05,0.0027327421121299267,0.0027327421121299267,True,0.0027327421121299267,-47.93278535352225,0,0.6288697719573975
tcn_transformer_ae,374,1000,0.004848902424176534,0.0027182583386699357,9,9,5,0.0027327421121299267,0.0027327421121299267,-47.93278535352225,0,0.0003,/home/danderety/Documents/GitHub/TCN_Transformer_anomaly_analizer/outputs/lo2/models/tcn_transformer_ae_best.pt,real_val_plus_val_synthetic,,,,,,,,,,,False,,,False,False,True,False,False,0.05,0.0027182583386699357,0.0027182583386699357,True,0.0027182583386699357,-47.93278535352225,0,2.40509295463562
tcn_transformer_ae,375,1000,0.004826676410933335,0.0027037481777369976,9,9,5,0.0027182583386699357,0.0027182583386699357,-47.93278535352225,0,0.0003,/home/danderety/Documents/GitHub/TCN_Transformer_anomaly_analizer/outputs/lo2/models/tcn_transformer_ae_best.pt,real_val_plus_val_synthetic,0.7288135593220338,0.4942528735632184,0.589041095890411,16.0,44.0,2.099595272541046,2.099595272541046,-0.8361496329307557,False,quantile,True,2.0940083384513852,-47.93278535352225,False,True,True,False,False,0.05,0.0027037481777369976,0.0027037481777369976,True,0.0027037481777369976,-47.93278535352225,0,2.157883644104004
tcn_transformer_ae,376,1000,0.004805436047414939,0.002689558546990156,9,9,5,0.0027037481777369976,0.0027037481777369976,-47.93278535352225,0,0.0003,/home/danderety/Documents/GitHub/TCN_Transformer_anomaly_analizer/outputs/lo2/models/tcn_transformer_ae_best.pt,real_val_plus_val_synthetic,,,,,,,,,,,False,,,False,False,True,False,False,0.05,0.002689558546990156,0.002689558546990156,True,0.002689558546990156,-47.93278535352225,0,2.309175729751587
tcn_transformer_ae,377,1000,0.004775952703009049,0.002675536787137389,9,9,5,0.002689558546990156,0.002689558546990156,-47.93278535352225,0,0.0003,/home/danderety/Documents/GitHub/TCN_Transformer_anomaly_analizer/outputs/lo2/models/tcn_transformer_ae_best.pt,real_val_plus_val_synthetic,,,,,,,,,,,False,,,False,False,True,False,False,0.05,0.002675536787137389,0.002675536787137389,True,0.002675536787137389,-47.93278535352225,0,0.7326338291168213
tcn_transformer_ae,378,1000,0.004769573298593362,0.0026613667141646147,9,9,5,0.002675536787137389,0.002675536787137389,-47.93278535352225,0,0.0003,/home/danderety/Documents/GitHub/TCN_Transformer_anomaly_analizer/outputs/lo2/models/tcn_transformer_ae_best.pt,real_val_plus_val_synthetic,,,,,,,,,,,False,,,False,False,True,False,False,0.05,0.0026613667141646147,0.0026613667141646147,True,0.0026613667141646147,-47.93278535352225,0,2.5617167949676514
tcn_transformer_ae,379,1000,0.004738482957084973,0.0026470262867709002,9,9,5,0.0026613667141646147,0.0026613667141646147,-47.93278535352225,0,0.0003,/home/danderety/Documents/GitHub/TCN_Transformer_anomaly_analizer/outputs/lo2/models/tcn_transformer_ae_best.pt,real_val_plus_val_synthetic,,,,,,,,,,,False,,,False,False,True,False,False,0.05,0.0026470262867709002,0.0026470262867709002,True,0.0026470262867709002,-47.93278535352225,0,0.6733901500701904
tcn_transformer_ae,380,1000,0.0047109985413650675,0.0026328787207603455,9,9,5,0.0026470262867709002,0.0026470262867709002,-47.93278535352225,0,0.0003,/home/danderety/Documents/GitHub/TCN_Transformer_anomaly_analizer/outputs/lo2/models/tcn_transformer_ae_best.pt,real_val_plus_val_synthetic,0.7288135593220338,0.4942528735632184,0.589041095890411,16.0,44.0,2.085618245601654,2.085618245601654,-0.8365901112556459,False,quantile,True,2.099595272541046,-47.93278535352225,False,True,True,False,False,0.05,0.0026328787207603455,0.0026328787207603455,True,0.0026328787207603455,-47.93278535352225,0,2.085690975189209
tcn_transformer_ae,381,1000,0.004687907329450051,0.0026189187386383614,9,9,5,0.0026328787207603455,0.0026328787207603455,-47.93278535352225,0,0.0003,/home/danderety/Documents/GitHub/TCN_Transformer_anomaly_analizer/outputs/lo2/models/tcn_transformer_ae_best.pt,real_val_plus_val_synthetic,,,,,,,,,,,False,,,False,False,True,False,False,0.05,0.0026189187386383614,0.0026189187386383614,True,0.0026189187386383614,-47.93278535352225,0,0.641636848449707
tcn_transformer_ae,382,1000,0.004674115218222141,0.0026053794038792453,9,9,5,0.0026189187386383614,0.0026189187386383614,-47.93278535352225,0,0.0003,/home/danderety/Documents/GitHub/TCN_Transformer_anomaly_analizer/outputs/lo2/models/tcn_transformer_ae_best.pt,real_val_plus_val_synthetic,,,,,,,,,,,False,,,False,False,True,False,False,0.05,0.0026053794038792453,0.0026053794038792453,True,0.0026053794038792453,-47.93278535352225,0,2.5781030654907227
tcn_transformer_ae,383,1000,0.004668506483236949,0.0025920584642638764,9,9,5,0.0026053794038792453,0.0026053794038792453,-47.93278535352225,0,0.0003,/home/danderety/Documents/GitHub/TCN_Transformer_anomaly_analizer/outputs/lo2/models/tcn_transformer_ae_best.pt,real_val_plus_val_synthetic,,,,,,,,,,,False,,,False,False,True,False,False,0.05,0.0025920584642638764,0.0025920584642638764,True,0.0025920584642638764,-47.93278535352225,0,0.619819164276123
tcn_transformer_ae,384,1000,0.004614436222861211,0.0025786300345013538,9,9,5,0.0025920584642638764,0.0025920584642638764,-47.93278535352225,0,0.0003,/home/danderety/Documents/GitHub/TCN_Transformer_anomaly_analizer/outputs/lo2/models/tcn_transformer_ae_best.pt,real_val_plus_val_synthetic,,,,,,,,,,,False,,,False,False,True,False,False,0.05,0.0025786300345013538,0.0025786300345013538,True,0.0025786300345013538,-47.93278535352225,0,0.8525018692016602
tcn_transformer_ae,385,1000,0.00460915919393301,0.0025650845685352883,9,9,5,0.0025786300345013538,0.0025786300345013538,-47.93278535352225,0,0.0003,/home/danderety/Documents/GitHub/TCN_Transformer_anomaly_analizer/outputs/lo2/models/tcn_transformer_ae_best.pt,real_val_plus_val_synthetic,0.7288135593220338,0.4942528735632184,0.589041095890411,16.0,44.0,2.080388224124908,2.080388224124908,-0.8372909426689149,False,quantile,True,2.085618245601654,-47.93278535352225,False,True,True,False,False,0.05,0.0025650845685352883,0.0025650845685352883,True,0.0025650845685352883,-47.93278535352225,0,2.1603047847747803
tcn_transformer_ae,386,1000,0.0045614394669731455,0.0025514685548841953,9,9,5,0.0025650845685352883,0.0025650845685352883,-47.93278535352225,0,0.0003,/home/danderety/Documents/GitHub/TCN_Transformer_anomaly_analizer/outputs/lo2/models/tcn_transformer_ae_best.pt,real_val_plus_val_synthetic,,,,,,,,,,,False,,,False,False,True,False,False,0.05,0.0025514685548841953,0.0025514685548841953,True,0.0025514685548841953,-47.93278535352225,0,2.5153017044067383
tcn_transformer_ae,387,1000,0.0045703995662430925,0.00253809941932559,9,9,5,0.0025514685548841953,0.0025514685548841953,-47.93278535352225,0,0.0003,/home/danderety/Documents/GitHub/TCN_Transformer_anomaly_analizer/outputs/lo2/models/tcn_transformer_ae_best.pt,real_val_plus_val_synthetic,,,,,,,,,,,False,,,False,False,True,False,False,0.05,0.00253809941932559,0.00253809941932559,True,0.00253809941932559,-47.93278535352225,0,0.6180686950683594
tcn_transformer_ae,388,1000,0.004510741059978803,0.002524828538298607,9,9,5,0.00253809941932559,0.00253809941932559,-47.93278535352225,0,0.0003,/home/danderety/Documents/GitHub/TCN_Transformer_anomaly_analizer/outputs/lo2/models/tcn_transformer_ae_best.pt,real_val_plus_val_synthetic,,,,,,,,,,,False,,,False,False,True,False,False,0.05,0.002524828538298607,0.002524828538298607,True,0.002524828538298607,-47.93278535352225,0,0.6316931247711182
tcn_transformer_ae,389,1000,0.0045016623723010225,0.0025119066704064608,9,9,5,0.002524828538298607,0.002524828538298607,-47.93278535352225,0,0.0003,/home/danderety/Documents/GitHub/TCN_Transformer_anomaly_analizer/outputs/lo2/models/tcn_transformer_ae_best.pt,real_val_plus_val_synthetic,,,,,,,,,,,False,,,False,False,True,False,False,0.05,0.0025119066704064608,0.0025119066704064608,True,0.0025119066704064608,-47.93278535352225,0,0.6350359916687012
tcn_transformer_ae,390,1000,0.004490780644118786,0.002499054574097196,9,9,5,0.0025119066704064608,0.0025119066704064608,-47.93278535352225,0,0.0003,/home/danderety/Documents/GitHub/TCN_Transformer_anomaly_analizer/outputs/lo2/models/tcn_transformer_ae_best.pt,real_val_plus_val_synthetic,0.7288135593220338,0.4942528735632184,0.589041095890411,16.0,44.0,2.102296769618988,2.102296769618988,-0.8393093943595887,False,quantile,True,2.080388224124908,-47.93278535352225,False,True,True,False,False,0.05,0.002499054574097196,0.002499054574097196,True,0.002499054574097196,-47.93278535352225,0,2.1240718364715576
tcn_transformer_ae,391,1000,0.004437476551781098,0.002486041048541665,9,9,5,0.002499054574097196,0.002499054574097196,-47.93278535352225,0,0.0003,/home/danderety/Documents/GitHub/TCN_Transformer_anomaly_analizer/outputs/lo2/models/tcn_transformer_ae_best.pt,real_val_plus_val_synthetic,,,,,,,,,,,False,,,False,False,True,False,False,0.05,0.002486041048541665,0.002486041048541665,True,0.002486041048541665,-47.93278535352225,0,2.427645206451416
tcn_transformer_ae,392,1000,0.004458782883981864,0.00247325391198198,9,9,5,0.002486041048541665,0.002486041048541665,-47.93278535352225,0,0.0003,/home/danderety/Documents/GitHub/TCN_Transformer_anomaly_analizer/outputs/lo2/models/tcn_transformer_ae_best.pt,real_val_plus_val_synthetic,,,,,,,,,,,False,,,False,False,True,False,False,0.05,0.00247325391198198,0.00247325391198198,True,0.00247325391198198,-47.93278535352225,0,0.6595571041107178
tcn_transformer_ae,393,1000,0.004398472762356202,0.002460517454892397,9,9,5,0.00247325391198198,0.00247325391198198,-47.93278535352225,0,0.0003,/home/danderety/Documents/GitHub/TCN_Transformer_anomaly_analizer/outputs/lo2/models/tcn_transformer_ae_best.pt,real_val_plus_val_synthetic,,,,,,,,,,,False,,,False,False,True,False,False,0.05,0.002460517454892397,0.002460517454892397,True,0.002460517454892397,-47.93278535352225,0,0.6160547733306885
tcn_transformer_ae,394,1000,0.004384508201231559,0.0024482887238264084,9,9,5,0.002460517454892397,0.002460517454892397,-47.93278535352225,0,0.0003,/home/danderety/Documents/GitHub/TCN_Transformer_anomaly_analizer/outputs/lo2/models/tcn_transformer_ae_best.pt,real_val_plus_val_synthetic,,,,,,,,,,,False,,,False,False,True,False,False,0.05,0.0024482887238264084,0.0024482887238264084,True,0.0024482887238264084,-47.93278535352225,0,0.6301765441894531
tcn_transformer_ae,395,1000,0.004382985333601634,0.0024365469192465148,9,9,5,0.0024482887238264084,0.0024482887238264084,-47.93278535352225,0,0.0003,/home/danderety/Documents/GitHub/TCN_Transformer_anomaly_analizer/outputs/lo2/models/tcn_transformer_ae_best.pt,real_val_plus_val_synthetic,0.7413793103448276,0.4942528735632184,0.593103448275862,15.0,44.0,2.091158282756805,2.091158282756805,-0.8386911153793336,False,quantile,True,2.102296769618988,-47.925059997473795,True,True,True,True,True,0.05,0.0024365469192465148,0.0024365469192465148,True,0.0024365469192465148,-47.925059997473795,0,2.1056487560272217
tcn_transformer_ae,396,1000,0.004359546583145857,0.0024246117876221738,9,9,5,0.0024365469192465148,0.0024365469192465148,-47.925059997473795,0,0.0003,/home/danderety/Documents/GitHub/TCN_Transformer_anomaly_analizer/outputs/lo2/models/tcn_transformer_ae_best.pt,real_val_plus_val_synthetic,,,,,,,,,,,False,,,False,False,True,False,False,0.05,0.0024246117876221738,0.0024246117876221738,True,0.0024246117876221738,-47.925059997473795,0,1.8189201354980469
tcn_transformer_ae,397,1000,0.004330638951311509,0.002412334783002734,9,9,5,0.0024246117876221738,0.0024246117876221738,-47.925059997473795,0,0.0003,/home/danderety/Documents/GitHub/TCN_Transformer_anomaly_analizer/outputs/lo2/models/tcn_transformer_ae_best.pt,real_val_plus_val_synthetic,,,,,,,,,,,False,,,False,False,True,False,False,0.05,0.002412334783002734,0.002412334783002734,True,0.002412334783002734,-47.925059997473795,0,1.8681001663208008
tcn_transformer_ae,398,1000,0.004307957366108894,0.002400115908433994,9,9,5,0.002412334783002734,0.002412334783002734,-47.925059997473795,0,0.0003,/home/danderety/Documents/GitHub/TCN_Transformer_anomaly_analizer/outputs/lo2/models/tcn_transformer_ae_best.pt,real_val_plus_val_synthetic,,,,,,,,,,,False,,,False,False,True,False,False,0.05,0.002400115908433994,0.002400115908433994,True,0.002400115908433994,-47.925059997473795,0,2.4082021713256836
tcn_transformer_ae,399,1000,0.004288821946829557,0.0023878708792229495,9,9,5,0.002400115908433994,0.002400115908433994,-47.925059997473795,0,0.0003,/home/danderety/Documents/GitHub/TCN_Transformer_anomaly_analizer/outputs/lo2/models/tcn_transformer_ae_best.pt,real_val_plus_val_synthetic,,,,,,,,,,,False,,,False,False,True,False,False,0.05,0.0023878708792229495,0.0023878708792229495,True,0.0023878708792229495,-47.925059997473795,0,0.6364471912384033
tcn_transformer_ae,400,1000,0.0042783763880531,0.0023759121540933847,9,9,5,0.0023878708792229495,0.0023878708792229495,-47.925059997473795,0,0.0003,/home/danderety/Documents/GitHub/TCN_Transformer_anomaly_analizer/outputs/lo2/models/tcn_transformer_ae_best.pt,real_val_plus_val_synthetic,0.7413793103448276,0.4942528735632184,0.593103448275862,15.0,44.0,2.0896216034889217,2.0896216034889217,-0.8361760377883912,False,quantile,True,2.091158282756805,-47.925059997473795,False,True,True,False,False,0.05,0.0023759121540933847,0.0023759121540933847,True,0.0023759121540933847,-47.925059997473795,0,2.1030237674713135
tcn_transformer_ae,401,1000,0.00423152403285106,0.002364187346150478,9,9,5,0.0023759121540933847,0.0023759121540933847,-47.925059997473795,0,0.0003,/home/danderety/Documents/GitHub/TCN_Transformer_anomaly_analizer/outputs/lo2/models/tcn_transformer_ae_best.pt,real_val_plus_val_synthetic,,,,,,,,,,,False,,,False,False,True,False,False,0.05,0.002364187346150478,0.002364187346150478,True,0.002364187346150478,-47.925059997473795,0,2.3893911838531494
tcn_transformer_ae,402,1000,0.004226968002816041,0.002352479457234343,9,9,5,0.002364187346150478,0.002364187346150478,-47.925059997473795,0,0.0003,/home/danderety/Documents/GitHub/TCN_Transformer_anomaly_analizer/outputs/lo2/models/tcn_transformer_ae_best.pt,real_val_plus_val_synthetic,,,,,,,,,,,False,,,False,False,True,False,False,0.05,0.002352479457234343,0.002352479457234343,True,0.002352479457234343,-47.925059997473795,0,0.6170711517333984
tcn_transformer_ae,403,1000,0.004195464464525382,0.0023408737033605576,9,9,5,0.002352479457234343,0.002352479457234343,-47.925059997473795,0,0.0003,/home/danderety/Documents/GitHub/TCN_Transformer_anomaly_analizer/outputs/lo2/models/tcn_transformer_ae_best.pt,real_val_plus_val_synthetic,,,,,,,,,,,False,,,False,False,True,False,False,0.05,0.0023408737033605576,0.0023408737033605576,True,0.0023408737033605576,-47.925059997473795,0,0.6097352504730225
tcn_transformer_ae,404,1000,0.004196223181982835,0.002329212458183368,9,9,5,0.0023408737033605576,0.0023408737033605576,-47.925059997473795,0,0.0003,/home/danderety/Documents/GitHub/TCN_Transformer_anomaly_analizer/outputs/lo2/models/tcn_transformer_ae_best.pt,real_val_plus_val_synthetic,,,,,,,,,,,False,,,False,False,True,False,False,0.05,0.002329212458183368,0.002329212458183368,True,0.002329212458183368,-47.925059997473795,0,0.6227126121520996
tcn_transformer_ae,405,1000,0.0041588908061385155,0.0023177696857601404,9,9,5,0.002329212458183368,0.002329212458183368,-47.925059997473795,0,0.0003,/home/danderety/Documents/GitHub/TCN_Transformer_anomaly_analizer/outputs/lo2/models/tcn_transformer_ae_best.pt,real_val_plus_val_synthetic,0.7413793103448276,0.4942528735632184,0.593103448275862,15.0,44.0,2.0958946108818046,2.0958946108818046,-0.8371921777725221,False,quantile,True,2.0896216034889217,-47.925059997473795,False,True,True,False,False,0.05,0.0023177696857601404,0.0023177696857601404,True,0.0023177696857601404,-47.925059997473795,0,2.085832357406616
tcn_transformer_ae,406,1000,0.00414592120796442,0.0023064252454787493,9,9,5,0.0023177696857601404,0.0023177696857601404,-47.925059997473795,0,0.0003,/home/danderety/Documents/GitHub/TCN_Transformer_anomaly_analizer/outputs/lo2/models/tcn_transformer_ae_best.pt,real_val_plus_val_synthetic,,,,,,,,,,,False,,,False,False,True,False,False,0.05,0.0023064252454787493,0.0023064252454787493,True,0.0023064252454787493,-47.925059997473795,0,0.6051590442657471
tcn_transformer_ae,407,1000,0.0041207677374283476,0.002295082900673151,9,9,5,0.0023064252454787493,0.0023064252454787493,-47.925059997473795,0,0.0003,/home/danderety/Documents/GitHub/TCN_Transformer_anomaly_analizer/outputs/lo2/models/tcn_transformer_ae_best.pt,real_val_plus_val_synthetic,,,,,,,,,,,False,,,False,False,True,False,False,0.05,0.002295082900673151,0.002295082900673151,True,0.002295082900673151,-47.925059997473795,0,1.2058908939361572
tcn_transformer_ae,408,1000,0.004118225692460935,0.0022837099774430194,9,9,5,0.002295082900673151,0.002295082900673151,-47.925059997473795,0,0.0003,/home/danderety/Documents/GitHub/TCN_Transformer_anomaly_analizer/outputs/lo2/models/tcn_transformer_ae_best.pt,real_val_plus_val_synthetic,,,,,,,,,,,False,,,False,False,True,False,False,0.05,0.0022837099774430194,0.0022837099774430194,True,0.0022837099774430194,-47.925059997473795,0,0.6168956756591797
tcn_transformer_ae,409,1000,0.004084200753519933,0.002272356922427813,9,9,5,0.0022837099774430194,0.0022837099774430194,-47.925059997473795,0,0.0003,/home/danderety/Documents/GitHub/TCN_Transformer_anomaly_analizer/outputs/lo2/models/tcn_transformer_ae_best.pt,real_val_plus_val_synthetic,,,,,,,,,,,False,,,False,False,True,False,False,0.05,0.002272356922427813,0.002272356922427813,True,0.002272356922427813,-47.925059997473795,0,0.6382436752319336
tcn_transformer_ae,410,1000,0.00407544740786155,0.0022613302959750095,9,9,5,0.002272356922427813,0.002272356922427813,-47.925059997473795,0,0.0003,/home/danderety/Documents/GitHub/TCN_Transformer_anomaly_analizer/outputs/lo2/models/tcn_transformer_ae_best.pt,real_val_plus_val_synthetic,0.7413793103448276,0.4942528735632184,0.593103448275862,15.0,44.0,2.0985696434974663,2.0985696434974663,-0.8399813175201417,False,quantile,True,2.0958946108818046,-47.925059997473795,False,True,True,False,False,0.05,0.0022613302959750095,0.0022613302959750095,True,0.0022613302959750095,-47.925059997473795,0,2.1391825675964355
tcn_transformer_ae,411,1000,0.0040532611310482025,0.002250510190303127,9,9,5,0.0022613302959750095,0.0022613302959750095,-47.925059997473795,0,0.0003,/home/danderety/Documents/GitHub/TCN_Transformer_anomaly_analizer/outputs/lo2/models/tcn_transformer_ae_best.pt,real_val_plus_val_synthetic,,,,,,,,,,,False,,,False,False,True,False,False,0.05,0.002250510190303127,0.002250510190303127,True,0.002250510190303127,-47.925059997473795,0,1.8579683303833008
tcn_transformer_ae,412,1000,0.004023269594957431,0.002239801067238053,9,9,5,0.002250510190303127,0.002250510190303127,-47.925059997473795,0,0.0003,/home/danderety/Documents/GitHub/TCN_Transformer_anomaly_analizer/outputs/lo2/models/tcn_transformer_ae_best.pt,real_val_plus_val_synthetic,,,,,,,,,,,False,,,False,False,True,False,False,0.05,0.002239801067238053,0.002239801067238053,True,0.002239801067238053,-47.925059997473795,0,1.2764647006988525
tcn_transformer_ae,413,1000,0.00400823416809241,0.0022288916322092214,9,9,5,0.002239801067238053,0.002239801067238053,-47.925059997473795,0,0.0003,/home/danderety/Documents/GitHub/TCN_Transformer_anomaly_analizer/outputs/lo2/models/tcn_transformer_ae_best.pt,real_val_plus_val_synthetic,,,,,,,,,,,False,,,False,False,True,False,False,0.05,0.0022288916322092214,0.0022288916322092214,True,0.0022288916322092214,-47.925059997473795,0,0.6612586975097656
tcn_transformer_ae,414,1000,0.004006948322057724,0.002218140677238504,9,9,5,0.0022288916322092214,0.0022288916322092214,-47.925059997473795,0,0.0003,/home/danderety/Documents/GitHub/TCN_Transformer_anomaly_analizer/outputs/lo2/models/tcn_transformer_ae_best.pt,real_val_plus_val_synthetic,,,,,,,,,,,False,,,False,False,True,False,False,0.05,0.002218140677238504,0.002218140677238504,True,0.002218140677238504,-47.925059997473795,0,1.0889391899108887
tcn_transformer_ae,415,1000,0.003994547529146075,0.0022071813388417163,9,9,5,0.002218140677238504,0.002218140677238504,-47.925059997473795,0,0.0003,/home/danderety/Documents/GitHub/TCN_Transformer_anomaly_analizer/outputs/lo2/models/tcn_transformer_ae_best.pt,real_val_plus_val_synthetic,0.7413793103448276,0.4942528735632184,0.593103448275862,15.0,44.0,2.0925126552581776,2.0925126552581776,-0.8383256793022157,False,quantile,True,2.0985696434974663,-47.925059997473795,False,True,True,False,False,0.05,0.0022071813388417163,0.0022071813388417163,True,0.0022071813388417163,-47.925059997473795,0,2.0764036178588867
tcn_transformer_ae,416,1000,0.003963727814455827,0.002196282691632708,9,9,5,0.0022071813388417163,0.0022071813388417163,-47.925059997473795,0,0.0003,/home/danderety/Documents/GitHub/TCN_Transformer_anomaly_analizer/outputs/lo2/models/tcn_transformer_ae_best.pt,real_val_plus_val_synthetic,,,,,,,,,,,False,,,False,False,True,False,False,0.05,0.002196282691632708,0.002196282691632708,True,0.002196282691632708,-47.925059997473795,0,0.6507961750030518
tcn_transformer_ae,417,1000,0.003919222935413321,0.0021859288681298494,9,9,5,0.002196282691632708,0.002196282691632708,-47.925059997473795,0,0.0003,/home/danderety/Documents/GitHub/TCN_Transformer_anomaly_analizer/outputs/lo2/models/tcn_transformer_ae_best.pt,real_val_plus_val_synthetic,,,,,,,,,,,False,,,False,False,True,False,False,0.05,0.0021859288681298494,0.0021859288681298494,True,0.0021859288681298494,-47.925059997473795,0,2.3823177814483643
tcn_transformer_ae,418,1000,0.003913973458111286,0.0021757332142442465,9,9,5,0.0021859288681298494,0.0021859288681298494,-47.925059997473795,0,0.0003,/home/danderety/Documents/GitHub/TCN_Transformer_anomaly_analizer/outputs/lo2/models/tcn_transformer_ae_best.pt,real_val_plus_val_synthetic,,,,,,,,,,,False,,,False,False,True,False,False,0.05,0.0021757332142442465,0.0021757332142442465,True,0.0021757332142442465,-47.925059997473795,0,0.7241485118865967
tcn_transformer_ae,419,1000,0.0039007853095730147,0.00216531326683859,9,9,5,0.0021757332142442465,0.0021757332142442465,-47.925059997473795,0,0.0003,/home/danderety/Documents/GitHub/TCN_Transformer_anomaly_analizer/outputs/lo2/models/tcn_transformer_ae_best.pt,real_val_plus_val_synthetic,,,,,,,,,,,False,,,False,False,True,False,False,0.05,0.00216531326683859,0.00216531326683859,True,0.00216531326683859,-47.925059997473795,0,2.41326904296875
tcn_transformer_ae,420,1000,0.0038725757816185555,0.0021547417466839156,9,9,5,0.00216531326683859,0.00216531326683859,-47.925059997473795,0,0.0003,/home/danderety/Documents/GitHub/TCN_Transformer_anomaly_analizer/outputs/lo2/models/tcn_transformer_ae_best.pt,real_val_plus_val_synthetic,0.7413793103448276,0.4942528735632184,0.593103448275862,15.0,44.0,2.088559663295744,2.088559663295744,-0.8362359404563905,False,quantile,True,2.0925126552581776,-47.925059997473795,False,True,True,False,False,0.05,0.0021547417466839156,0.0021547417466839156,True,0.0021547417466839156,-47.925059997473795,0,2.1334238052368164
tcn_transformer_ae,421,1000,0.0038955501125504575,0.0021443324318776527,9,9,5,0.0021547417466839156,0.0021547417466839156,-47.925059997473795,0,0.0003,/home/danderety/Documents/GitHub/TCN_Transformer_anomaly_analizer/outputs/lo2/models/tcn_transformer_ae_best.pt,real_val_plus_val_synthetic,,,,,,,,,,,False,,,False,False,True,False,False,0.05,0.0021443324318776527,0.0021443324318776527,True,0.0021443324318776527,-47.925059997473795,0,2.269883155822754
tcn_transformer_ae,422,1000,0.00382117818420132,0.002134015162785848,9,9,5,0.0021443324318776527,0.0021443324318776527,-47.925059997473795,0,0.0003,/home/danderety/Documents/GitHub/TCN_Transformer_anomaly_analizer/outputs/lo2/models/tcn_transformer_ae_best.pt,real_val_plus_val_synthetic,,,,,,,,,,,False,,,False,False,True,False,False,0.05,0.002134015162785848,0.002134015162785848,True,0.002134015162785848,-47.925059997473795,0,0.7140970230102539
tcn_transformer_ae,423,1000,0.003817250564073523,0.0021239768248051405,9,9,5,0.002134015162785848,0.002134015162785848,-47.925059997473795,0,0.0003,/home/danderety/Documents/GitHub/TCN_Transformer_anomaly_analizer/outputs/lo2/models/tcn_transformer_ae_best.pt,real_val_plus_val_synthetic,,,,,,,,,,,False,,,False,False,True,False,False,0.05,0.0021239768248051405,0.0021239768248051405,True,0.0021239768248051405,-47.925059997473795,0,2.5846593379974365
tcn_transformer_ae,424,1000,0.0038115649949759245,0.0021140482276678085,9,9,5,0.0021239768248051405,0.0021239768248051405,-47.925059997473795,0,0.0003,/home/danderety/Documents/GitHub/TCN_Transformer_anomaly_analizer/outputs/lo2/models/tcn_transformer_ae_best.pt,real_val_plus_val_synthetic,,,,,,,,,,,False,,,False,False,False,False,False,0.05,0.0021140482276678085,0.0021239768248051405,False,0.0021140482276678085,-47.925059997473795,1,0.3187835216522217
tcn_transformer_ae,425,1000,0.0038082180544734,0.0021041054278612137,9,9,5,0.0021140482276678085,0.0021239768248051405,-47.925059997473795,1,0.0003,/home/danderety/Documents/GitHub/TCN_Transformer_anomaly_analizer/outputs/lo2/models/tcn_transformer_ae_best.pt,real_val_plus_val_synthetic,0.7413793103448276,0.4942528735632184,0.593103448275862,15.0,44.0,2.100306320190428,2.100306320190428,-0.8379323482513429,False,quantile,True,2.088559663295744,-47.925059997473795,False,True,False,False,False,0.05,0.0021041054278612137,0.0021239768248051405,False,0.0021041054278612137,-47.925059997473795,2,1.7820448875427246
tcn_transformer_ae,426,1000,0.0037779795626799264,0.0020940492395311594,9,9,5,0.0021041054278612137,0.0021239768248051405,-47.925059997473795,2,0.0003,/home/danderety/Documents/GitHub/TCN_Transformer_anomaly_analizer/outputs/lo2/models/tcn_transformer_ae_best.pt,real_val_plus_val_synthetic,,,,,,,,,,,False,,,False,False,True,False,False,0.05,0.0020940492395311594,0.0020940492395311594,True,0.0020940492395311594,-47.925059997473795,0,0.6252355575561523
tcn_transformer_ae,427,1000,0.0037551540105293193,0.002084223863979181,9,9,5,0.0020940492395311594,0.0020940492395311594,-47.925059997473795,0,0.0003,/home/danderety/Documents/GitHub/TCN_Transformer_anomaly_analizer/outputs/lo2/models/tcn_transformer_ae_best.pt,real_val_plus_val_synthetic,,,,,,,,,,,False,,,False,False,False,False,False,0.05,0.002084223863979181,0.0020940492395311594,False,0.002084223863979181,-47.925059997473795,1,0.3173713684082031
tcn_transformer_ae,428,1000,0.0037525092096378407,0.0020744362069914737,9,9,5,0.002084223863979181,0.0020940492395311594,-47.925059997473795,1,0.0003,/home/danderety/Documents/GitHub/TCN_Transformer_anomaly_analizer/outputs/lo2/models/tcn_transformer_ae_best.pt,real_val_plus_val_synthetic,,,,,,,,,,,False,,,False,False,False,False,False,0.05,0.0020744362069914737,0.0020940492395311594,False,0.0020744362069914737,-47.925059997473795,2,0.32028794288635254
tcn_transformer_ae,429,1000,0.003716121893376112,0.0020645206483701863,9,9,5,0.0020744362069914737,0.0020940492395311594,-47.925059997473795,2,0.0003,/home/danderety/Documents/GitHub/TCN_Transformer_anomaly_analizer/outputs/lo2/models/tcn_transformer_ae_best.pt,real_val_plus_val_synthetic,,,,,,,,,,,False,,,False,False,False,False,False,0.05,0.0020645206483701863,0.0020940492395311594,False,0.0020645206483701863,-47.925059997473795,3,0.31856751441955566
tcn_transformer_ae,430,1000,0.003711528688048323,0.002054791975145539,9,9,5,0.0020645206483701863,0.0020940492395311594,-47.925059997473795,3,0.0003,/home/danderety/Documents/GitHub/TCN_Transformer_anomaly_analizer/outputs/lo2/models/tcn_transformer_ae_best.pt,real_val_plus_val_synthetic,0.7413793103448276,0.4942528735632184,0.593103448275862,15.0,44.0,2.083738183975218,2.083738183975218,-0.8355040550231935,False,quantile,True,2.100306320190428,-47.925059997473795,False,True,False,False,False,0.05,0.002054791975145539,0.0020940492395311594,False,0.002054791975145539,-47.925059997473795,4,1.7830891609191895
tcn_transformer_ae,431,1000,0.0036870798406501613,0.002045475567380587,9,9,5,0.002054791975145539,0.0020940492395311594,-47.925059997473795,4,0.0003,/home/danderety/Documents/GitHub/TCN_Transformer_anomaly_analizer/outputs/lo2/models/tcn_transformer_ae_best.pt,real_val_plus_val_synthetic,,,,,,,,,,,False,,,False,False,False,False,False,0.05,0.002045475567380587,0.0020940492395311594,False,0.002045475567380587,-47.925059997473795,5,0.3180115222930908
tcn_transformer_ae,432,1000,0.0036823623813688755,0.0020363526418805122,9,9,5,0.002045475567380587,0.0020940492395311594,-47.925059997473795,5,0.0003,/home/danderety/Documents/GitHub/TCN_Transformer_anomaly_analizer/outputs/lo2/models/tcn_transformer_ae_best.pt,real_val_plus_val_synthetic,,,,,,,,,,,False,,,False,False,False,False,False,0.05,0.0020363526418805122,0.0020940492395311594,False,0.0020363526418805122,-47.925059997473795,6,0.3194305896759033
tcn_transformer_ae,433,1000,0.0036640456722428403,0.0020271004177629948,9,9,5,0.0020363526418805122,0.0020940492395311594,-47.925059997473795,6,0.0003,/home/danderety/Documents/GitHub/TCN_Transformer_anomaly_analizer/outputs/lo2/models/tcn_transformer_ae_best.pt,real_val_plus_val_synthetic,,,,,,,,,,,False,,,False,False,False,False,False,0.05,0.0020271004177629948,0.0020940492395311594,False,0.0020271004177629948,-47.925059997473795,7,0.3180379867553711
tcn_transformer_ae,434,1000,0.0036429558725406728,0.002017697785049677,9,9,5,0.0020271004177629948,0.0020940492395311594,-47.925059997473795,7,0.0003,/home/danderety/Documents/GitHub/TCN_Transformer_anomaly_analizer/outputs/lo2/models/tcn_transformer_ae_best.pt,real_val_plus_val_synthetic,0.7413793103448276,0.4942528735632184,0.593103448275862,15.0,44.0,2.0853766679763774,2.0853766679763774,-0.8390285372734071,False,quantile,True,2.083738183975218,-47.925059997473795,False,True,False,False,False,0.05,0.002017697785049677,0.0020940492395311594,False,0.002017697785049677,-47.925059997473795,8,1.779942274093628
tcn_transformer_ae,435,1000,0.0036349017173051834,0.0020082261568556228,9,9,5,0.002017697785049677,0.0020940492395311594,-47.925059997473795,8,0.0003,/home/danderety/Documents/GitHub/TCN_Transformer_anomaly_analizer/outputs/lo2/models/tcn_transformer_ae_best.pt,real_val_plus_val_synthetic,0.7413793103448276,0.4942528735632184,0.593103448275862,15.0,44.0,2.0882787585258464,2.0882787585258464,-0.8413827419281007,False,quantile,True,2.0853766679763774,-47.925059997473795,False,True,False,False,False,0.05,0.0020082261568556228,0.0020940492395311594,False,0.0020082261568556228,-47.925059997473795,9,1.7804031372070312
