model,epoch,epochs_total,train_loss,val_loss,stop_patience,threshold_patience,threshold_monitor_interval,best_val_loss_before_epoch,best_checkpoint_score_before_epoch,best_detection_score_before_epoch,patience_before_epoch,learning_rate,checkpoint,validation_monitor_source,val_precision,val_recall,val_f1,val_fp,val_fn,threshold,raw_threshold,safe_threshold,was_safety_applied,threshold_type,threshold_moved,previous_threshold,detection_score,detection_signal,threshold_monitor_ran,loss_improved,threshold_signal,threshold_checkpoint,threshold_save_loss_tolerance,checkpoint_score,best_checkpoint_score_after_epoch,is_best,best_val_loss_after_epoch,best_detection_score_after_epoch,patience_after_epoch,epoch_time_sec
tcn_transformer_ae,1,1000,10.215132713317871,9.650241533915201,9,9,5,,,,0,0.0003,/home/danderety/Documents/GitHub/TCN_Transformer_anomaly_analizer/outputs/lo2/models/tcn_transformer_ae_seed43_best.pt,real_val_plus_val_synthetic,0.1111111111111111,0.022988505747126436,0.0380952380952381,16.0,85.0,1.545266360044478,1.545266360044478,-1.548962712287903,False,quantile,False,,-94.66763925729444,True,True,True,True,False,0.05,9.650241533915201,9.650241533915201,True,9.650241533915201,-94.66763925729444,0,1.8199388980865479
tcn_transformer_ae,2,1000,9.502374331156412,9.158842404683432,9,9,5,9.650241533915201,9.650241533915201,-94.66763925729444,0,0.0003,/home/danderety/Documents/GitHub/TCN_Transformer_anomaly_analizer/outputs/lo2/models/tcn_transformer_ae_seed43_best.pt,real_val_plus_val_synthetic,,,,,,,,,,,False,,,False,False,True,False,False,0.05,9.158842404683432,9.158842404683432,True,9.158842404683432,-94.66763925729444,0,0.6289234161376953
tcn_transformer_ae,3,1000,9.093293190002441,8.83106772104899,9,9,5,9.158842404683432,9.158842404683432,-94.66763925729444,0,0.0003,/home/danderety/Documents/GitHub/TCN_Transformer_anomaly_analizer/outputs/lo2/models/tcn_transformer_ae_seed43_best.pt,real_val_plus_val_synthetic,,,,,,,,,,,False,,,False,False,True,False,False,0.05,8.83106772104899,8.83106772104899,True,8.83106772104899,-94.66763925729444,0,2.5829885005950928
tcn_transformer_ae,4,1000,8.795150756835938,8.539442380269369,9,9,5,8.83106772104899,8.83106772104899,-94.66763925729444,0,0.0003,/home/danderety/Documents/GitHub/TCN_Transformer_anomaly_analizer/outputs/lo2/models/tcn_transformer_ae_seed43_best.pt,real_val_plus_val_synthetic,,,,,,,,,,,False,,,False,False,True,False,False,0.05,8.539442380269369,8.539442380269369,True,8.539442380269369,-94.66763925729444,0,0.6813702583312988
tcn_transformer_ae,5,1000,8.514309247334799,8.234797477722168,9,9,5,8.539442380269369,8.539442380269369,-94.66763925729444,0,0.0003,/home/danderety/Documents/GitHub/TCN_Transformer_anomaly_analizer/outputs/lo2/models/tcn_transformer_ae_seed43_best.pt,real_val_plus_val_synthetic,0.1111111111111111,0.022988505747126436,0.0380952380952381,16.0,85.0,1.6588271915912622,1.6588271915912622,-1.7369292974472048,False,quantile,True,1.545266360044478,-94.66763925729444,False,True,True,False,False,0.05,8.234797477722168,8.234797477722168,True,8.234797477722168,-94.66763925729444,0,2.1265616416931152
tcn_transformer_ae,6,1000,8.21160920461019,7.9112324714660645,9,9,5,8.234797477722168,8.234797477722168,-94.66763925729444,0,0.0003,/home/danderety/Documents/GitHub/TCN_Transformer_anomaly_analizer/outputs/lo2/models/tcn_transformer_ae_seed43_best.pt,real_val_plus_val_synthetic,,,,,,,,,,,False,,,False,False,True,False,False,0.05,7.9112324714660645,7.9112324714660645,True,7.9112324714660645,-94.66763925729444,0,1.7801902294158936
tcn_transformer_ae,7,1000,7.9004669189453125,7.593123277028401,9,9,5,7.9112324714660645,7.9112324714660645,-94.66763925729444,0,0.0003,/home/danderety/Documents/GitHub/TCN_Transformer_anomaly_analizer/outputs/lo2/models/tcn_transformer_ae_seed43_best.pt,real_val_plus_val_synthetic,,,,,,,,,,,False,,,False,False,True,False,False,0.05,7.593123277028401,7.593123277028401,True,7.593123277028401,-94.66763925729444,0,1.5220792293548584
tcn_transformer_ae,8,1000,7.596334616343181,7.297926902770996,9,9,5,7.593123277028401,7.593123277028401,-94.66763925729444,0,0.0003,/home/danderety/Documents/GitHub/TCN_Transformer_anomaly_analizer/outputs/lo2/models/tcn_transformer_ae_seed43_best.pt,real_val_plus_val_synthetic,,,,,,,,,,,False,,,False,False,True,False,False,0.05,7.297926902770996,7.297926902770996,True,7.297926902770996,-94.66763925729444,0,0.6887195110321045
tcn_transformer_ae,9,1000,7.309404055277507,7.008805592854817,9,9,5,7.297926902770996,7.297926902770996,-94.66763925729444,0,0.0003,/home/danderety/Documents/GitHub/TCN_Transformer_anomaly_analizer/outputs/lo2/models/tcn_transformer_ae_seed43_best.pt,real_val_plus_val_synthetic,,,,,,,,,,,False,,,False,False,True,False,False,0.05,7.008805592854817,7.008805592854817,True,7.008805592854817,-94.66763925729444,0,2.1880476474761963
tcn_transformer_ae,10,1000,7.035989125569661,6.722464561462402,9,9,5,7.008805592854817,7.008805592854817,-94.66763925729444,0,0.0003,/home/danderety/Documents/GitHub/TCN_Transformer_anomaly_analizer/outputs/lo2/models/tcn_transformer_ae_seed43_best.pt,real_val_plus_val_synthetic,0.1111111111111111,0.022988505747126436,0.0380952380952381,16.0,85.0,1.6091386318206784,1.6091386318206784,-2.052768707275391,False,quantile,True,1.6588271915912622,-94.66763925729444,False,True,True,False,False,0.05,6.722464561462402,6.722464561462402,True,6.722464561462402,-94.66763925729444,0,2.125088691711426
tcn_transformer_ae,11,1000,6.75964371363322,6.446688175201416,9,9,5,6.722464561462402,6.722464561462402,-94.66763925729444,0,0.0003,/home/danderety/Documents/GitHub/TCN_Transformer_anomaly_analizer/outputs/lo2/models/tcn_transformer_ae_seed43_best.pt,real_val_plus_val_synthetic,,,,,,,,,,,False,,,False,False,True,False,False,0.05,6.446688175201416,6.446688175201416,True,6.446688175201416,-94.66763925729444,0,2.421956777572632
tcn_transformer_ae,12,1000,6.489515463511149,6.18303124109904,9,9,5,6.446688175201416,6.446688175201416,-94.66763925729444,0,0.0003,/home/danderety/Documents/GitHub/TCN_Transformer_anomaly_analizer/outputs/lo2/models/tcn_transformer_ae_seed43_best.pt,real_val_plus_val_synthetic,,,,,,,,,,,False,,,False,False,True,False,False,0.05,6.18303124109904,6.18303124109904,True,6.18303124109904,-94.66763925729444,0,0.7592613697052002
tcn_transformer_ae,13,1000,6.234813054402669,5.929898738861084,9,9,5,6.18303124109904,6.18303124109904,-94.66763925729444,0,0.0003,/home/danderety/Documents/GitHub/TCN_Transformer_anomaly_analizer/outputs/lo2/models/tcn_transformer_ae_seed43_best.pt,real_val_plus_val_synthetic,,,,,,,,,,,False,,,False,False,True,False,False,0.05,5.929898738861084,5.929898738861084,True,5.929898738861084,-94.66763925729444,0,1.4071214199066162
tcn_transformer_ae,14,1000,5.991048971811931,5.684354464213054,9,9,5,5.929898738861084,5.929898738861084,-94.66763925729444,0,0.0003,/home/danderety/Documents/GitHub/TCN_Transformer_anomaly_analizer/outputs/lo2/models/tcn_transformer_ae_seed43_best.pt,real_val_plus_val_synthetic,,,,,,,,,,,False,,,False,False,True,False,False,0.05,5.684354464213054,5.684354464213054,True,5.684354464213054,-94.66763925729444,0,2.6661550998687744
tcn_transformer_ae,15,1000,5.750615119934082,5.443712870279948,9,9,5,5.684354464213054,5.684354464213054,-94.66763925729444,0,0.0003,/home/danderety/Documents/GitHub/TCN_Transformer_anomaly_analizer/outputs/lo2/models/tcn_transformer_ae_seed43_best.pt,real_val_plus_val_synthetic,0.05555555555555555,0.011494252873563218,0.01904761904761905,17.0,86.0,1.6629378497600553,1.6629378497600553,-1.9121974706649782,False,quantile,True,1.6091386318206784,-95.81678666161424,False,True,True,False,False,0.05,5.443712870279948,5.443712870279948,True,5.443712870279948,-94.66763925729444,0,2.143914222717285
tcn_transformer_ae,16,1000,5.515847682952881,5.206667423248291,9,9,5,5.443712870279948,5.443712870279948,-94.66763925729444,0,0.0003,/home/danderety/Documents/GitHub/TCN_Transformer_anomaly_analizer/outputs/lo2/models/tcn_transformer_ae_seed43_best.pt,real_val_plus_val_synthetic,,,,,,,,,,,False,,,False,False,True,False,False,0.05,5.206667423248291,5.206667423248291,True,5.206667423248291,-94.66763925729444,0,2.490283966064453
tcn_transformer_ae,17,1000,5.2822573979695635,4.973011652628581,9,9,5,5.206667423248291,5.206667423248291,-94.66763925729444,0,0.0003,/home/danderety/Documents/GitHub/TCN_Transformer_anomaly_analizer/outputs/lo2/models/tcn_transformer_ae_seed43_best.pt,real_val_plus_val_synthetic,,,,,,,,,,,False,,,False,False,True,False,False,0.05,4.973011652628581,4.973011652628581,True,4.973011652628581,-94.66763925729444,0,0.6869394779205322
tcn_transformer_ae,18,1000,5.052497386932373,4.742643515268962,9,9,5,4.973011652628581,4.973011652628581,-94.66763925729444,0,0.0003,/home/danderety/Documents/GitHub/TCN_Transformer_anomaly_analizer/outputs/lo2/models/tcn_transformer_ae_seed43_best.pt,real_val_plus_val_synthetic,,,,,,,,,,,False,,,False,False,True,False,False,0.05,4.742643515268962,4.742643515268962,True,4.742643515268962,-94.66763925729444,0,1.9250836372375488
tcn_transformer_ae,19,1000,4.826167901357015,4.514774322509766,9,9,5,4.742643515268962,4.742643515268962,-94.66763925729444,0,0.0003,/home/danderety/Documents/GitHub/TCN_Transformer_anomaly_analizer/outputs/lo2/models/tcn_transformer_ae_seed43_best.pt,real_val_plus_val_synthetic,,,,,,,,,,,False,,,False,False,True,False,False,0.05,4.514774322509766,4.514774322509766,True,4.514774322509766,-94.66763925729444,0,1.1588075160980225
tcn_transformer_ae,20,1000,4.606841246287028,4.291106383005778,9,9,5,4.514774322509766,4.514774322509766,-94.66763925729444,0,0.0003,/home/danderety/Documents/GitHub/TCN_Transformer_anomaly_analizer/outputs/lo2/models/tcn_transformer_ae_seed43_best.pt,real_val_plus_val_synthetic,0.1111111111111111,0.022988505747126436,0.0380952380952381,16.0,85.0,1.5255042850971219,1.5255042850971219,-1.678865194320679,False,quantile,True,1.6629378497600553,-94.66763925729444,False,True,True,False,False,0.05,4.291106383005778,4.291106383005778,True,4.291106383005778,-94.66763925729444,0,2.074223041534424
tcn_transformer_ae,21,1000,4.388749599456787,4.070413907368978,9,9,5,4.291106383005778,4.291106383005778,-94.66763925729444,0,0.0003,/home/danderety/Documents/GitHub/TCN_Transformer_anomaly_analizer/outputs/lo2/models/tcn_transformer_ae_seed43_best.pt,real_val_plus_val_synthetic,,,,,,,,,,,False,,,False,False,True,False,False,0.05,4.070413907368978,4.070413907368978,True,4.070413907368978,-94.66763925729444,0,0.5273926258087158
tcn_transformer_ae,22,1000,4.1666310628255205,3.8532705307006836,9,9,5,4.070413907368978,4.070413907368978,-94.66763925729444,0,0.0003,/home/danderety/Documents/GitHub/TCN_Transformer_anomaly_analizer/outputs/lo2/models/tcn_transformer_ae_seed43_best.pt,real_val_plus_val_synthetic,,,,,,,,,,,False,,,False,False,True,False,False,0.05,3.8532705307006836,3.8532705307006836,True,3.8532705307006836,-94.66763925729444,0,0.7247476577758789
tcn_transformer_ae,23,1000,3.9555185635884604,3.6412670612335205,9,9,5,3.8532705307006836,3.8532705307006836,-94.66763925729444,0,0.0003,/home/danderety/Documents/GitHub/TCN_Transformer_anomaly_analizer/outputs/lo2/models/tcn_transformer_ae_seed43_best.pt,real_val_plus_val_synthetic,,,,,,,,,,,False,,,False,False,True,False,False,0.05,3.6412670612335205,3.6412670612335205,True,3.6412670612335205,-94.66763925729444,0,1.9435100555419922
tcn_transformer_ae,24,1000,3.746617078781128,3.4343441327412925,9,9,5,3.6412670612335205,3.6412670612335205,-94.66763925729444,0,0.0003,/home/danderety/Documents/GitHub/TCN_Transformer_anomaly_analizer/outputs/lo2/models/tcn_transformer_ae_seed43_best.pt,real_val_plus_val_synthetic,,,,,,,,,,,False,,,False,False,True,False,False,0.05,3.4343441327412925,3.4343441327412925,True,3.4343441327412925,-94.66763925729444,0,1.0069963932037354
tcn_transformer_ae,25,1000,3.543494939804077,3.2331374486287436,9,9,5,3.4343441327412925,3.4343441327412925,-94.66763925729444,0,0.0003,/home/danderety/Documents/GitHub/TCN_Transformer_anomaly_analizer/outputs/lo2/models/tcn_transformer_ae_seed43_best.pt,real_val_plus_val_synthetic,0.1111111111111111,0.022988505747126436,0.0380952380952381,16.0,85.0,1.7374700605869282,1.7374700605869282,-1.5289889574050906,False,quantile,True,1.5255042850971219,-94.66763925729444,False,True,True,False,False,0.05,3.2331374486287436,3.2331374486287436,True,3.2331374486287436,-94.66763925729444,0,2.2839672565460205
tcn_transformer_ae,26,1000,3.3416080474853516,3.0351932843526206,9,9,5,3.2331374486287436,3.2331374486287436,-94.66763925729444,0,0.0003,/home/danderety/Documents/GitHub/TCN_Transformer_anomaly_analizer/outputs/lo2/models/tcn_transformer_ae_seed43_best.pt,real_val_plus_val_synthetic,,,,,,,,,,,False,,,False,False,True,False,False,0.05,3.0351932843526206,3.0351932843526206,True,3.0351932843526206,-94.66763925729444,0,1.6214938163757324
tcn_transformer_ae,27,1000,3.144922653834025,2.8467296759287515,9,9,5,3.0351932843526206,3.0351932843526206,-94.66763925729444,0,0.0003,/home/danderety/Documents/GitHub/TCN_Transformer_anomaly_analizer/outputs/lo2/models/tcn_transformer_ae_seed43_best.pt,real_val_plus_val_synthetic,,,,,,,,,,,False,,,False,False,True,False,False,0.05,2.8467296759287515,2.8467296759287515,True,2.8467296759287515,-94.66763925729444,0,2.575676679611206
tcn_transformer_ae,28,1000,2.9584034283955893,2.6614769299825034,9,9,5,2.8467296759287515,2.8467296759287515,-94.66763925729444,0,0.0003,/home/danderety/Documents/GitHub/TCN_Transformer_anomaly_analizer/outputs/lo2/models/tcn_transformer_ae_seed43_best.pt,real_val_plus_val_synthetic,,,,,,,,,,,False,,,False,False,True,False,False,0.05,2.6614769299825034,2.6614769299825034,True,2.6614769299825034,-94.66763925729444,0,0.6137409210205078
tcn_transformer_ae,29,1000,2.778279463450114,2.4864949385325112,9,9,5,2.6614769299825034,2.6614769299825034,-94.66763925729444,0,0.0003,/home/danderety/Documents/GitHub/TCN_Transformer_anomaly_analizer/outputs/lo2/models/tcn_transformer_ae_seed43_best.pt,real_val_plus_val_synthetic,,,,,,,,,,,False,,,False,False,True,False,False,0.05,2.4864949385325112,2.4864949385325112,True,2.4864949385325112,-94.66763925729444,0,0.6465983390808105
tcn_transformer_ae,30,1000,2.5998990535736084,2.31451145807902,9,9,5,2.4864949385325112,2.4864949385325112,-94.66763925729444,0,0.0003,/home/danderety/Documents/GitHub/TCN_Transformer_anomaly_analizer/outputs/lo2/models/tcn_transformer_ae_seed43_best.pt,real_val_plus_val_synthetic,0.16666666666666666,0.034482758620689655,0.05714285714285714,15.0,84.0,1.7804903626441935,1.7804903626441935,-1.370710611343384,False,quantile,True,1.7374700605869282,-93.5184918529746,True,True,True,True,True,0.05,2.31451145807902,2.31451145807902,True,2.31451145807902,-93.5184918529746,0,2.06191086769104
tcn_transformer_ae,31,1000,2.4269603888193765,2.150923808415731,9,9,5,2.31451145807902,2.31451145807902,-93.5184918529746,0,0.0003,/home/danderety/Documents/GitHub/TCN_Transformer_anomaly_analizer/outputs/lo2/models/tcn_transformer_ae_seed43_best.pt,real_val_plus_val_synthetic,,,,,,,,,,,False,,,False,False,True,False,False,0.05,2.150923808415731,2.150923808415731,True,2.150923808415731,-93.5184918529746,0,0.6131820678710938
tcn_transformer_ae,32,1000,2.2663392225901284,1.9940790335337322,9,9,5,2.150923808415731,2.150923808415731,-93.5184918529746,0,0.0003,/home/danderety/Documents/GitHub/TCN_Transformer_anomaly_analizer/outputs/lo2/models/tcn_transformer_ae_seed43_best.pt,real_val_plus_val_synthetic,,,,,,,,,,,False,,,False,False,True,False,False,0.05,1.9940790335337322,1.9940790335337322,True,1.9940790335337322,-93.5184918529746,0,1.5787684917449951
tcn_transformer_ae,33,1000,2.1075117588043213,1.84573761622111,9,9,5,1.9940790335337322,1.9940790335337322,-93.5184918529746,0,0.0003,/home/danderety/Documents/GitHub/TCN_Transformer_anomaly_analizer/outputs/lo2/models/tcn_transformer_ae_seed43_best.pt,real_val_plus_val_synthetic,,,,,,,,,,,False,,,False,False,True,False,False,0.05,1.84573761622111,1.84573761622111,True,1.84573761622111,-93.5184918529746,0,0.6450982093811035
tcn_transformer_ae,34,1000,1.95249338944753,1.7054959138234456,9,9,5,1.84573761622111,1.84573761622111,-93.5184918529746,0,0.0003,/home/danderety/Documents/GitHub/TCN_Transformer_anomaly_analizer/outputs/lo2/models/tcn_transformer_ae_seed43_best.pt,real_val_plus_val_synthetic,,,,,,,,,,,False,,,False,False,True,False,False,0.05,1.7054959138234456,1.7054959138234456,True,1.7054959138234456,-93.5184918529746,0,1.172384262084961
tcn_transformer_ae,35,1000,1.8178033828735352,1.5771039724349976,9,9,5,1.7054959138234456,1.7054959138234456,-93.5184918529746,0,0.0003,/home/danderety/Documents/GitHub/TCN_Transformer_anomaly_analizer/outputs/lo2/models/tcn_transformer_ae_seed43_best.pt,real_val_plus_val_synthetic,0.2222222222222222,0.04597701149425287,0.0761904761904762,14.0,83.0,1.8140278756618446,1.8140278756618446,-1.1265709400177004,False,quantile,True,1.7804903626441935,-92.3693444486548,True,True,True,True,True,0.05,1.5771039724349976,1.5771039724349976,True,1.5771039724349976,-92.3693444486548,0,2.102710008621216
tcn_transformer_ae,36,1000,1.6845121781031291,1.4589255253473918,9,9,5,1.5771039724349976,1.5771039724349976,-92.3693444486548,0,0.0003,/home/danderety/Documents/GitHub/TCN_Transformer_anomaly_analizer/outputs/lo2/models/tcn_transformer_ae_seed43_best.pt,real_val_plus_val_synthetic,,,,,,,,,,,False,,,False,False,True,False,False,0.05,1.4589255253473918,1.4589255253473918,True,1.4589255253473918,-92.3693444486548,0,1.202763319015503
tcn_transformer_ae,37,1000,1.5668610334396362,1.3523809909820557,9,9,5,1.4589255253473918,1.4589255253473918,-92.3693444486548,0,0.0003,/home/danderety/Documents/GitHub/TCN_Transformer_anomaly_analizer/outputs/lo2/models/tcn_transformer_ae_seed43_best.pt,real_val_plus_val_synthetic,,,,,,,,,,,False,,,False,False,True,False,False,0.05,1.3523809909820557,1.3523809909820557,True,1.3523809909820557,-92.3693444486548,0,2.610750913619995
tcn_transformer_ae,38,1000,1.4540592432022095,1.2560470501581829,9,9,5,1.3523809909820557,1.3523809909820557,-92.3693444486548,0,0.0003,/home/danderety/Documents/GitHub/TCN_Transformer_anomaly_analizer/outputs/lo2/models/tcn_transformer_ae_seed43_best.pt,real_val_plus_val_synthetic,,,,,,,,,,,False,,,False,False,True,False,False,0.05,1.2560470501581829,1.2560470501581829,True,1.2560470501581829,-92.3693444486548,0,0.6874089241027832
tcn_transformer_ae,39,1000,1.3553380568822224,1.1699447631835938,9,9,5,1.2560470501581829,1.2560470501581829,-92.3693444486548,0,0.0003,/home/danderety/Documents/GitHub/TCN_Transformer_anomaly_analizer/outputs/lo2/models/tcn_transformer_ae_seed43_best.pt,real_val_plus_val_synthetic,,,,,,,,,,,False,,,False,False,True,False,False,0.05,1.1699447631835938,1.1699447631835938,True,1.1699447631835938,-92.3693444486548,0,2.5580801963806152
tcn_transformer_ae,40,1000,1.2708151737848918,1.0924914280573528,9,9,5,1.1699447631835938,1.1699447631835938,-92.3693444486548,0,0.0003,/home/danderety/Documents/GitHub/TCN_Transformer_anomaly_analizer/outputs/lo2/models/tcn_transformer_ae_seed43_best.pt,real_val_plus_val_synthetic,0.2222222222222222,0.04597701149425287,0.0761904761904762,14.0,83.0,1.7951337933540314,1.7951337933540314,-1.005464315414429,False,quantile,True,1.8140278756618446,-92.3693444486548,False,True,True,False,False,0.05,1.0924914280573528,1.0924914280573528,True,1.0924914280573528,-92.3693444486548,0,2.157886266708374
tcn_transformer_ae,41,1000,1.1841740608215332,1.0228737592697144,9,9,5,1.0924914280573528,1.0924914280573528,-92.3693444486548,0,0.0003,/home/danderety/Documents/GitHub/TCN_Transformer_anomaly_analizer/outputs/lo2/models/tcn_transformer_ae_seed43_best.pt,real_val_plus_val_synthetic,,,,,,,,,,,False,,,False,False,True,False,False,0.05,1.0228737592697144,1.0228737592697144,True,1.0228737592697144,-92.3693444486548,0,2.4385039806365967
tcn_transformer_ae,42,1000,1.1144579648971558,0.9602600534756979,9,9,5,1.0228737592697144,1.0228737592697144,-92.3693444486548,0,0.0003,/home/danderety/Documents/GitHub/TCN_Transformer_anomaly_analizer/outputs/lo2/models/tcn_transformer_ae_seed43_best.pt,real_val_plus_val_synthetic,,,,,,,,,,,False,,,False,False,True,False,False,0.05,0.9602600534756979,0.9602600534756979,True,0.9602600534756979,-92.3693444486548,0,0.6076679229736328
tcn_transformer_ae,43,1000,1.0536383787790935,0.9040936231613159,9,9,5,0.9602600534756979,0.9602600534756979,-92.3693444486548,0,0.0003,/home/danderety/Documents/GitHub/TCN_Transformer_anomaly_analizer/outputs/lo2/models/tcn_transformer_ae_seed43_best.pt,real_val_plus_val_synthetic,,,,,,,,,,,False,,,False,False,True,False,False,0.05,0.9040936231613159,0.9040936231613159,True,0.9040936231613159,-92.3693444486548,0,1.4556238651275635
tcn_transformer_ae,44,1000,0.9903666575749716,0.8533194263776144,9,9,5,0.9040936231613159,0.9040936231613159,-92.3693444486548,0,0.0003,/home/danderety/Documents/GitHub/TCN_Transformer_anomaly_analizer/outputs/lo2/models/tcn_transformer_ae_seed43_best.pt,real_val_plus_val_synthetic,,,,,,,,,,,False,,,False,False,True,False,False,0.05,0.8533194263776144,0.8533194263776144,True,0.8533194263776144,-92.3693444486548,0,0.8856101036071777
tcn_transformer_ae,45,1000,0.9384729862213135,0.807128389676412,9,9,5,0.8533194263776144,0.8533194263776144,-92.3693444486548,0,0.0003,/home/danderety/Documents/GitHub/TCN_Transformer_anomaly_analizer/outputs/lo2/models/tcn_transformer_ae_seed43_best.pt,real_val_plus_val_synthetic,0.2631578947368421,0.05747126436781609,0.09433962264150944,14.0,82.0,1.8234119951725,1.8234119951725,-0.8852851986885072,False,quantile,True,1.7951337933540314,-91.22475852059456,True,True,True,True,True,0.05,0.807128389676412,0.807128389676412,True,0.807128389676412,-91.22475852059456,0,2.072139263153076
tcn_transformer_ae,46,1000,0.8908238013585409,0.7649022738138834,9,9,5,0.807128389676412,0.807128389676412,-91.22475852059456,0,0.0003,/home/danderety/Documents/GitHub/TCN_Transformer_anomaly_analizer/outputs/lo2/models/tcn_transformer_ae_seed43_best.pt,real_val_plus_val_synthetic,,,,,,,,,,,False,,,False,False,True,False,False,0.05,0.7649022738138834,0.7649022738138834,True,0.7649022738138834,-91.22475852059456,0,0.6112062931060791
tcn_transformer_ae,47,1000,0.8461067875226339,0.7262373566627502,9,9,5,0.7649022738138834,0.7649022738138834,-91.22475852059456,0,0.0003,/home/danderety/Documents/GitHub/TCN_Transformer_anomaly_analizer/outputs/lo2/models/tcn_transformer_ae_seed43_best.pt,real_val_plus_val_synthetic,,,,,,,,,,,False,,,False,False,True,False,False,0.05,0.7262373566627502,0.7262373566627502,True,0.7262373566627502,-91.22475852059456,0,0.6898758411407471
tcn_transformer_ae,48,1000,0.8066547314325968,0.6911785999933878,9,9,5,0.7262373566627502,0.7262373566627502,-91.22475852059456,0,0.0003,/home/danderety/Documents/GitHub/TCN_Transformer_anomaly_analizer/outputs/lo2/models/tcn_transformer_ae_seed43_best.pt,real_val_plus_val_synthetic,,,,,,,,,,,False,,,False,False,True,False,False,0.05,0.6911785999933878,0.6911785999933878,True,0.6911785999933878,-91.22475852059456,0,0.6453464031219482
tcn_transformer_ae,49,1000,0.7653836607933044,0.6589006980260214,9,9,5,0.6911785999933878,0.6911785999933878,-91.22475852059456,0,0.0003,/home/danderety/Documents/GitHub/TCN_Transformer_anomaly_analizer/outputs/lo2/models/tcn_transformer_ae_seed43_best.pt,real_val_plus_val_synthetic,,,,,,,,,,,False,,,False,False,True,False,False,0.05,0.6589006980260214,0.6589006980260214,True,0.6589006980260214,-91.22475852059456,0,0.6692132949829102
tcn_transformer_ae,50,1000,0.7310399214426676,0.6288657585779825,9,9,5,0.6589006980260214,0.6589006980260214,-91.22475852059456,0,0.0003,/home/danderety/Documents/GitHub/TCN_Transformer_anomaly_analizer/outputs/lo2/models/tcn_transformer_ae_seed43_best.pt,real_val_plus_val_synthetic,0.2631578947368421,0.05747126436781609,0.09433962264150944,14.0,82.0,1.758484894037246,1.758484894037246,-0.798313081264496,False,quantile,True,1.8234119951725,-91.22475852059456,False,True,True,False,False,0.05,0.6288657585779825,0.6288657585779825,True,0.6288657585779825,-91.22475852059456,0,2.1105763912200928
tcn_transformer_ae,51,1000,0.704353411992391,0.6013626654942831,9,9,5,0.6288657585779825,0.6288657585779825,-91.22475852059456,0,0.0003,/home/danderety/Documents/GitHub/TCN_Transformer_anomaly_analizer/outputs/lo2/models/tcn_transformer_ae_seed43_best.pt,real_val_plus_val_synthetic,,,,,,,,,,,False,,,False,False,True,False,False,0.05,0.6013626654942831,0.6013626654942831,True,0.6013626654942831,-91.22475852059456,0,2.6999945640563965
tcn_transformer_ae,52,1000,0.6705586512883505,0.5755953391393026,9,9,5,0.6013626654942831,0.6013626654942831,-91.22475852059456,0,0.0003,/home/danderety/Documents/GitHub/TCN_Transformer_anomaly_analizer/outputs/lo2/models/tcn_transformer_ae_seed43_best.pt,real_val_plus_val_synthetic,,,,,,,,,,,False,,,False,False,True,False,False,0.05,0.5755953391393026,0.5755953391393026,True,0.5755953391393026,-91.22475852059456,0,0.6473031044006348
tcn_transformer_ae,53,1000,0.6443545818328857,0.5514245430628458,9,9,5,0.5755953391393026,0.5755953391393026,-91.22475852059456,0,0.0003,/home/danderety/Documents/GitHub/TCN_Transformer_anomaly_analizer/outputs/lo2/models/tcn_transformer_ae_seed43_best.pt,real_val_plus_val_synthetic,,,,,,,,,,,False,,,False,False,True,False,False,0.05,0.5514245430628458,0.5514245430628458,True,0.5514245430628458,-91.22475852059456,0,1.5851025581359863
tcn_transformer_ae,54,1000,0.6183174053827921,0.5292218526204427,9,9,5,0.5514245430628458,0.5514245430628458,-91.22475852059456,0,0.0003,/home/danderety/Documents/GitHub/TCN_Transformer_anomaly_analizer/outputs/lo2/models/tcn_transformer_ae_seed43_best.pt,real_val_plus_val_synthetic,,,,,,,,,,,False,,,False,False,True,False,False,0.05,0.5292218526204427,0.5292218526204427,True,0.5292218526204427,-91.22475852059456,0,0.6851174831390381
tcn_transformer_ae,55,1000,0.5923473437627157,0.507881631453832,9,9,5,0.5292218526204427,0.5292218526204427,-91.22475852059456,0,0.0003,/home/danderety/Documents/GitHub/TCN_Transformer_anomaly_analizer/outputs/lo2/models/tcn_transformer_ae_seed43_best.pt,real_val_plus_val_synthetic,0.2631578947368421,0.05747126436781609,0.09433962264150944,14.0,82.0,1.844024950265884,1.844024950265884,-0.7610451579093934,False,quantile,True,1.758484894037246,-91.22475852059456,False,True,True,False,False,0.05,0.507881631453832,0.507881631453832,True,0.507881631453832,-91.22475852059456,0,2.057476758956909
tcn_transformer_ae,56,1000,0.5727272232373556,0.48812589049339294,9,9,5,0.507881631453832,0.507881631453832,-91.22475852059456,0,0.0003,/home/danderety/Documents/GitHub/TCN_Transformer_anomaly_analizer/outputs/lo2/models/tcn_transformer_ae_seed43_best.pt,real_val_plus_val_synthetic,,,,,,,,,,,False,,,False,False,True,False,False,0.05,0.48812589049339294,0.48812589049339294,True,0.48812589049339294,-91.22475852059456,0,0.7615575790405273
tcn_transformer_ae,57,1000,0.549086312452952,0.4690632422765096,9,9,5,0.48812589049339294,0.48812589049339294,-91.22475852059456,0,0.0003,/home/danderety/Documents/GitHub/TCN_Transformer_anomaly_analizer/outputs/lo2/models/tcn_transformer_ae_seed43_best.pt,real_val_plus_val_synthetic,,,,,,,,,,,False,,,False,False,True,False,False,0.05,0.4690632422765096,0.4690632422765096,True,0.4690632422765096,-91.22475852059456,0,2.5447494983673096
tcn_transformer_ae,58,1000,0.5287909706433614,0.45122257868448895,9,9,5,0.4690632422765096,0.4690632422765096,-91.22475852059456,0,0.0003,/home/danderety/Documents/GitHub/TCN_Transformer_anomaly_analizer/outputs/lo2/models/tcn_transformer_ae_seed43_best.pt,real_val_plus_val_synthetic,,,,,,,,,,,False,,,False,False,True,False,False,0.05,0.45122257868448895,0.45122257868448895,True,0.45122257868448895,-91.22475852059456,0,0.6164278984069824
tcn_transformer_ae,59,1000,0.5139406820138296,0.43404029806454975,9,9,5,0.45122257868448895,0.45122257868448895,-91.22475852059456,0,0.0003,/home/danderety/Documents/GitHub/TCN_Transformer_anomaly_analizer/outputs/lo2/models/tcn_transformer_ae_seed43_best.pt,real_val_plus_val_synthetic,,,,,,,,,,,False,,,False,False,True,False,False,0.05,0.43404029806454975,0.43404029806454975,True,0.43404029806454975,-91.22475852059456,0,0.6339583396911621
tcn_transformer_ae,60,1000,0.492106427748998,0.4176907539367676,9,9,5,0.43404029806454975,0.43404029806454975,-91.22475852059456,0,0.0003,/home/danderety/Documents/GitHub/TCN_Transformer_anomaly_analizer/outputs/lo2/models/tcn_transformer_ae_seed43_best.pt,real_val_plus_val_synthetic,0.2631578947368421,0.05747126436781609,0.09433962264150944,14.0,82.0,1.9607283115386953,1.9607283115386953,-0.7318300008773805,False,quantile,True,1.844024950265884,-91.22475852059456,False,True,True,False,False,0.05,0.4176907539367676,0.4176907539367676,True,0.4176907539367676,-91.22475852059456,0,2.154003381729126
tcn_transformer_ae,61,1000,0.4749991794427236,0.40183261036872864,9,9,5,0.4176907539367676,0.4176907539367676,-91.22475852059456,0,0.0003,/home/danderety/Documents/GitHub/TCN_Transformer_anomaly_analizer/outputs/lo2/models/tcn_transformer_ae_seed43_best.pt,real_val_plus_val_synthetic,,,,,,,,,,,False,,,False,False,True,False,False,0.05,0.40183261036872864,0.40183261036872864,True,0.40183261036872864,-91.22475852059456,0,1.935814380645752
tcn_transformer_ae,62,1000,0.4563995897769928,0.3867775499820709,9,9,5,0.40183261036872864,0.40183261036872864,-91.22475852059456,0,0.0003,/home/danderety/Documents/GitHub/TCN_Transformer_anomaly_analizer/outputs/lo2/models/tcn_transformer_ae_seed43_best.pt,real_val_plus_val_synthetic,,,,,,,,,,,False,,,False,False,True,False,False,0.05,0.3867775499820709,0.3867775499820709,True,0.3867775499820709,-91.22475852059456,0,1.6232798099517822
tcn_transformer_ae,63,1000,0.4389537473519643,0.3724433481693268,9,9,5,0.3867775499820709,0.3867775499820709,-91.22475852059456,0,0.0003,/home/danderety/Documents/GitHub/TCN_Transformer_anomaly_analizer/outputs/lo2/models/tcn_transformer_ae_seed43_best.pt,real_val_plus_val_synthetic,,,,,,,,,,,False,,,False,False,True,False,False,0.05,0.3724433481693268,0.3724433481693268,True,0.3724433481693268,-91.22475852059456,0,1.0929419994354248
tcn_transformer_ae,64,1000,0.42558009425799054,0.358553946018219,9,9,5,0.3724433481693268,0.3724433481693268,-91.22475852059456,0,0.0003,/home/danderety/Documents/GitHub/TCN_Transformer_anomaly_analizer/outputs/lo2/models/tcn_transformer_ae_seed43_best.pt,real_val_plus_val_synthetic,,,,,,,,,,,False,,,False,False,True,False,False,0.05,0.358553946018219,0.358553946018219,True,0.358553946018219,-91.22475852059456,0,2.254511594772339
tcn_transformer_ae,65,1000,0.4113540252049764,0.34518568714459735,9,9,5,0.358553946018219,0.358553946018219,-91.22475852059456,0,0.0003,/home/danderety/Documents/GitHub/TCN_Transformer_anomaly_analizer/outputs/lo2/models/tcn_transformer_ae_seed43_best.pt,real_val_plus_val_synthetic,0.2631578947368421,0.05747126436781609,0.09433962264150944,14.0,82.0,2.086713981628417,2.086713981628417,-0.7301703095436097,False,quantile,True,1.9607283115386953,-91.22475852059456,False,True,True,False,False,0.05,0.34518568714459735,0.34518568714459735,True,0.34518568714459735,-91.22475852059456,0,2.0733752250671387
tcn_transformer_ae,66,1000,0.3953558603922526,0.33229031165440875,9,9,5,0.34518568714459735,0.34518568714459735,-91.22475852059456,0,0.0003,/home/danderety/Documents/GitHub/TCN_Transformer_anomaly_analizer/outputs/lo2/models/tcn_transformer_ae_seed43_best.pt,real_val_plus_val_synthetic,,,,,,,,,,,False,,,False,False,True,False,False,0.05,0.33229031165440875,0.33229031165440875,True,0.33229031165440875,-91.22475852059456,0,0.8976609706878662
tcn_transformer_ae,67,1000,0.38344640533129376,0.31973843773206073,9,9,5,0.33229031165440875,0.33229031165440875,-91.22475852059456,0,0.0003,/home/danderety/Documents/GitHub/TCN_Transformer_anomaly_analizer/outputs/lo2/models/tcn_transformer_ae_seed43_best.pt,real_val_plus_val_synthetic,,,,,,,,,,,False,,,False,False,True,False,False,0.05,0.31973843773206073,0.31973843773206073,True,0.31973843773206073,-91.22475852059456,0,1.2437264919281006
tcn_transformer_ae,68,1000,0.3692248860994975,0.3077113628387451,9,9,5,0.31973843773206073,0.31973843773206073,-91.22475852059456,0,0.0003,/home/danderety/Documents/GitHub/TCN_Transformer_anomaly_analizer/outputs/lo2/models/tcn_transformer_ae_seed43_best.pt,real_val_plus_val_synthetic,,,,,,,,,,,False,,,False,False,True,False,False,0.05,0.3077113628387451,0.3077113628387451,True,0.3077113628387451,-91.22475852059456,0,0.6362724304199219
tcn_transformer_ae,69,1000,0.3594406147797902,0.29612505435943604,9,9,5,0.3077113628387451,0.3077113628387451,-91.22475852059456,0,0.0003,/home/danderety/Documents/GitHub/TCN_Transformer_anomaly_analizer/outputs/lo2/models/tcn_transformer_ae_seed43_best.pt,real_val_plus_val_synthetic,,,,,,,,,,,False,,,False,False,True,False,False,0.05,0.29612505435943604,0.29612505435943604,True,0.29612505435943604,-91.22475852059456,0,2.2391159534454346
tcn_transformer_ae,70,1000,0.34501954913139343,0.28491489092508954,9,9,5,0.29612505435943604,0.29612505435943604,-91.22475852059456,0,0.0003,/home/danderety/Documents/GitHub/TCN_Transformer_anomaly_analizer/outputs/lo2/models/tcn_transformer_ae_seed43_best.pt,real_val_plus_val_synthetic,0.2222222222222222,0.04597701149425287,0.0761904761904762,14.0,83.0,2.2327084064483613,2.2327084064483613,-0.6878696084022523,False,quantile,True,2.086713981628417,-92.3693444486548,False,True,True,False,False,0.05,0.28491489092508954,0.28491489092508954,True,0.28491489092508954,-91.22475852059456,0,2.0649991035461426
tcn_transformer_ae,71,1000,0.3340338667233785,0.2739989161491394,9,9,5,0.28491489092508954,0.28491489092508954,-91.22475852059456,0,0.0003,/home/danderety/Documents/GitHub/TCN_Transformer_anomaly_analizer/outputs/lo2/models/tcn_transformer_ae_seed43_best.pt,real_val_plus_val_synthetic,,,,,,,,,,,False,,,False,False,True,False,False,0.05,0.2739989161491394,0.2739989161491394,True,0.2739989161491394,-91.22475852059456,0,0.7015414237976074
tcn_transformer_ae,72,1000,0.32192381223042804,0.26349689563115436,9,9,5,0.2739989161491394,0.2739989161491394,-91.22475852059456,0,0.0003,/home/danderety/Documents/GitHub/TCN_Transformer_anomaly_analizer/outputs/lo2/models/tcn_transformer_ae_seed43_best.pt,real_val_plus_val_synthetic,,,,,,,,,,,False,,,False,False,True,False,False,0.05,0.26349689563115436,0.26349689563115436,True,0.26349689563115436,-91.22475852059456,0,2.2765281200408936
tcn_transformer_ae,73,1000,0.3112613757451375,0.25337207317352295,9,9,5,0.26349689563115436,0.26349689563115436,-91.22475852059456,0,0.0003,/home/danderety/Documents/GitHub/TCN_Transformer_anomaly_analizer/outputs/lo2/models/tcn_transformer_ae_seed43_best.pt,real_val_plus_val_synthetic,,,,,,,,,,,False,,,False,False,True,False,False,0.05,0.25337207317352295,0.25337207317352295,True,0.25337207317352295,-91.22475852059456,0,0.7984120845794678
tcn_transformer_ae,74,1000,0.3009887437025706,0.24355836709340414,9,9,5,0.25337207317352295,0.25337207317352295,-91.22475852059456,0,0.0003,/home/danderety/Documents/GitHub/TCN_Transformer_anomaly_analizer/outputs/lo2/models/tcn_transformer_ae_seed43_best.pt,real_val_plus_val_synthetic,,,,,,,,,,,False,,,False,False,True,False,False,0.05,0.24355836709340414,0.24355836709340414,True,0.24355836709340414,-91.22475852059456,0,2.578120231628418
tcn_transformer_ae,75,1000,0.2899023989836375,0.2340038319428762,9,9,5,0.24355836709340414,0.24355836709340414,-91.22475852059456,0,0.0003,/home/danderety/Documents/GitHub/TCN_Transformer_anomaly_analizer/outputs/lo2/models/tcn_transformer_ae_seed43_best.pt,real_val_plus_val_synthetic,0.2222222222222222,0.04597701149425287,0.0761904761904762,14.0,83.0,2.4782716393470743,2.4782716393470743,-0.6664763689041139,False,quantile,True,2.2327084064483613,-92.3693444486548,False,True,True,False,False,0.05,0.2340038319428762,0.2340038319428762,True,0.2340038319428762,-91.22475852059456,0,2.113518714904785
tcn_transformer_ae,76,1000,0.2802022298177083,0.22489288449287415,9,9,5,0.2340038319428762,0.2340038319428762,-91.22475852059456,0,0.0003,/home/danderety/Documents/GitHub/TCN_Transformer_anomaly_analizer/outputs/lo2/models/tcn_transformer_ae_seed43_best.pt,real_val_plus_val_synthetic,,,,,,,,,,,False,,,False,False,True,False,False,0.05,0.22489288449287415,0.22489288449287415,True,0.22489288449287415,-91.22475852059456,0,2.3707799911499023
tcn_transformer_ae,77,1000,0.26904143889745075,0.21599296232064566,9,9,5,0.22489288449287415,0.22489288449287415,-91.22475852059456,0,0.0003,/home/danderety/Documents/GitHub/TCN_Transformer_anomaly_analizer/outputs/lo2/models/tcn_transformer_ae_seed43_best.pt,real_val_plus_val_synthetic,,,,,,,,,,,False,,,False,False,True,False,False,0.05,0.21599296232064566,0.21599296232064566,True,0.21599296232064566,-91.22475852059456,0,0.6230900287628174
tcn_transformer_ae,78,1000,0.2608916064103444,0.20740209023157755,9,9,5,0.21599296232064566,0.21599296232064566,-91.22475852059456,0,0.0003,/home/danderety/Documents/GitHub/TCN_Transformer_anomaly_analizer/outputs/lo2/models/tcn_transformer_ae_seed43_best.pt,real_val_plus_val_synthetic,,,,,,,,,,,False,,,False,False,True,False,False,0.05,0.20740209023157755,0.20740209023157755,True,0.20740209023157755,-91.22475852059456,0,0.8654441833496094
tcn_transformer_ae,79,1000,0.25239360829194385,0.19913078347841898,9,9,5,0.20740209023157755,0.20740209023157755,-91.22475852059456,0,0.0003,/home/danderety/Documents/GitHub/TCN_Transformer_anomaly_analizer/outputs/lo2/models/tcn_transformer_ae_seed43_best.pt,real_val_plus_val_synthetic,,,,,,,,,,,False,,,False,False,True,False,False,0.05,0.19913078347841898,0.19913078347841898,True,0.19913078347841898,-91.22475852059456,0,1.4126322269439697
tcn_transformer_ae,80,1000,0.24231983721256256,0.19118400911490122,9,9,5,0.19913078347841898,0.19913078347841898,-91.22475852059456,0,0.0003,/home/danderety/Documents/GitHub/TCN_Transformer_anomaly_analizer/outputs/lo2/models/tcn_transformer_ae_seed43_best.pt,real_val_plus_val_synthetic,0.2631578947368421,0.05747126436781609,0.09433962264150944,14.0,82.0,2.703533542156217,2.703533542156217,-0.642117202281952,False,quantile,True,2.4782716393470743,-91.22475852059456,False,True,True,False,False,0.05,0.19118400911490122,0.19118400911490122,True,0.19118400911490122,-91.22475852059456,0,2.058377981185913
tcn_transformer_ae,81,1000,0.2349302520354589,0.18354143699010214,9,9,5,0.19118400911490122,0.19118400911490122,-91.22475852059456,0,0.0003,/home/danderety/Documents/GitHub/TCN_Transformer_anomaly_analizer/outputs/lo2/models/tcn_transformer_ae_seed43_best.pt,real_val_plus_val_synthetic,,,,,,,,,,,False,,,False,False,True,False,False,0.05,0.18354143699010214,0.18354143699010214,True,0.18354143699010214,-91.22475852059456,0,0.7106266021728516
tcn_transformer_ae,82,1000,0.22529479364554086,0.17614105343818665,9,9,5,0.18354143699010214,0.18354143699010214,-91.22475852059456,0,0.0003,/home/danderety/Documents/GitHub/TCN_Transformer_anomaly_analizer/outputs/lo2/models/tcn_transformer_ae_seed43_best.pt,real_val_plus_val_synthetic,,,,,,,,,,,False,,,False,False,True,False,False,0.05,0.17614105343818665,0.17614105343818665,True,0.17614105343818665,-91.22475852059456,0,3.135772705078125
tcn_transformer_ae,83,1000,0.21735683580239615,0.16893667976061502,9,9,5,0.17614105343818665,0.17614105343818665,-91.22475852059456,0,0.0003,/home/danderety/Documents/GitHub/TCN_Transformer_anomaly_analizer/outputs/lo2/models/tcn_transformer_ae_seed43_best.pt,real_val_plus_val_synthetic,,,,,,,,,,,False,,,False,False,True,False,False,0.05,0.16893667976061502,0.16893667976061502,True,0.16893667976061502,-91.22475852059456,0,0.6181032657623291
tcn_transformer_ae,84,1000,0.2093938340743383,0.1620925267537435,9,9,5,0.16893667976061502,0.16893667976061502,-91.22475852059456,0,0.0003,/home/danderety/Documents/GitHub/TCN_Transformer_anomaly_analizer/outputs/lo2/models/tcn_transformer_ae_seed43_best.pt,real_val_plus_val_synthetic,,,,,,,,,,,False,,,False,False,True,False,False,0.05,0.1620925267537435,0.1620925267537435,True,0.1620925267537435,-91.22475852059456,0,0.6366815567016602
tcn_transformer_ae,85,1000,0.20341906944910684,0.1555988887945811,9,9,5,0.1620925267537435,0.1620925267537435,-91.22475852059456,0,0.0003,/home/danderety/Documents/GitHub/TCN_Transformer_anomaly_analizer/outputs/lo2/models/tcn_transformer_ae_seed43_best.pt,real_val_plus_val_synthetic,0.30434782608695654,0.08045977011494253,0.12727272727272726,16.0,80.0,2.882507753372192,2.882507753372192,-0.6396606564521791,False,quantile,True,2.703533542156217,-88.94627786007096,True,True,True,True,True,0.05,0.1555988887945811,0.1555988887945811,True,0.1555988887945811,-88.94627786007096,0,2.110992908477783
tcn_transformer_ae,86,1000,0.19499694307645163,0.14913522700468698,9,9,5,0.1555988887945811,0.1555988887945811,-88.94627786007096,0,0.0003,/home/danderety/Documents/GitHub/TCN_Transformer_anomaly_analizer/outputs/lo2/models/tcn_transformer_ae_seed43_best.pt,real_val_plus_val_synthetic,,,,,,,,,,,False,,,False,False,True,False,False,0.05,0.14913522700468698,0.14913522700468698,True,0.14913522700468698,-88.94627786007096,0,0.6828083992004395
tcn_transformer_ae,87,1000,0.1887506643931071,0.1431903342405955,9,9,5,0.14913522700468698,0.14913522700468698,-88.94627786007096,0,0.0003,/home/danderety/Documents/GitHub/TCN_Transformer_anomaly_analizer/outputs/lo2/models/tcn_transformer_ae_seed43_best.pt,real_val_plus_val_synthetic,,,,,,,,,,,False,,,False,False,True,False,False,0.05,0.1431903342405955,0.1431903342405955,True,0.1431903342405955,-88.94627786007096,0,1.830366849899292
tcn_transformer_ae,88,1000,0.18147912621498108,0.13726218541463217,9,9,5,0.1431903342405955,0.1431903342405955,-88.94627786007096,0,0.0003,/home/danderety/Documents/GitHub/TCN_Transformer_anomaly_analizer/outputs/lo2/models/tcn_transformer_ae_seed43_best.pt,real_val_plus_val_synthetic,,,,,,,,,,,False,,,False,False,True,False,False,0.05,0.13726218541463217,0.13726218541463217,True,0.13726218541463217,-88.94627786007096,0,1.1849641799926758
tcn_transformer_ae,89,1000,0.17528514564037323,0.1317570060491562,9,9,5,0.13726218541463217,0.13726218541463217,-88.94627786007096,0,0.0003,/home/danderety/Documents/GitHub/TCN_Transformer_anomaly_analizer/outputs/lo2/models/tcn_transformer_ae_seed43_best.pt,real_val_plus_val_synthetic,,,,,,,,,,,False,,,False,False,True,False,False,0.05,0.1317570060491562,0.1317570060491562,True,0.1317570060491562,-88.94627786007096,0,1.4315769672393799
tcn_transformer_ae,90,1000,0.16843298077583313,0.12643763174613318,9,9,5,0.1317570060491562,0.1317570060491562,-88.94627786007096,0,0.0003,/home/danderety/Documents/GitHub/TCN_Transformer_anomaly_analizer/outputs/lo2/models/tcn_transformer_ae_seed43_best.pt,real_val_plus_val_synthetic,0.2727272727272727,0.06896551724137931,0.11009174311926606,16.0,81.0,3.2272629022598243,3.2272629022598243,-0.6521400213241578,False,quantile,True,2.882507753372192,-90.08989562583362,False,True,True,False,False,0.05,0.12643763174613318,0.12643763174613318,True,0.12643763174613318,-88.94627786007096,0,2.094541311264038
tcn_transformer_ae,91,1000,0.1633502592643102,0.12128290782372157,9,9,5,0.12643763174613318,0.12643763174613318,-88.94627786007096,0,0.0003,/home/danderety/Documents/GitHub/TCN_Transformer_anomaly_analizer/outputs/lo2/models/tcn_transformer_ae_seed43_best.pt,real_val_plus_val_synthetic,,,,,,,,,,,False,,,False,False,True,False,False,0.05,0.12128290782372157,0.12128290782372157,True,0.12128290782372157,-88.94627786007096,0,2.4269766807556152
tcn_transformer_ae,92,1000,0.15754699210325876,0.11637082447608312,9,9,5,0.12128290782372157,0.12128290782372157,-88.94627786007096,0,0.0003,/home/danderety/Documents/GitHub/TCN_Transformer_anomaly_analizer/outputs/lo2/models/tcn_transformer_ae_seed43_best.pt,real_val_plus_val_synthetic,,,,,,,,,,,False,,,False,False,True,False,False,0.05,0.11637082447608312,0.11637082447608312,True,0.11637082447608312,-88.94627786007096,0,0.6099846363067627
tcn_transformer_ae,93,1000,0.15186368425687155,0.11173614611228307,9,9,5,0.11637082447608312,0.11637082447608312,-88.94627786007096,0,0.0003,/home/danderety/Documents/GitHub/TCN_Transformer_anomaly_analizer/outputs/lo2/models/tcn_transformer_ae_seed43_best.pt,real_val_plus_val_synthetic,,,,,,,,,,,False,,,False,False,True,False,False,0.05,0.11173614611228307,0.11173614611228307,True,0.11173614611228307,-88.94627786007096,0,0.7953901290893555
tcn_transformer_ae,94,1000,0.14634225269158682,0.10727352897326152,9,9,5,0.11173614611228307,0.11173614611228307,-88.94627786007096,0,0.0003,/home/danderety/Documents/GitHub/TCN_Transformer_anomaly_analizer/outputs/lo2/models/tcn_transformer_ae_seed43_best.pt,real_val_plus_val_synthetic,,,,,,,,,,,False,,,False,False,True,False,False,0.05,0.10727352897326152,0.10727352897326152,True,0.10727352897326152,-88.94627786007096,0,2.406792163848877
tcn_transformer_ae,95,1000,0.14173218111197153,0.10302006701628368,9,9,5,0.10727352897326152,0.10727352897326152,-88.94627786007096,0,0.0003,/home/danderety/Documents/GitHub/TCN_Transformer_anomaly_analizer/outputs/lo2/models/tcn_transformer_ae_seed43_best.pt,real_val_plus_val_synthetic,0.2857142857142857,0.06896551724137931,0.1111111111111111,15.0,81.0,3.4866170525550837,3.4866170525550837,-0.6395880579948426,False,quantile,True,3.2272629022598243,-90.08521325417878,False,True,True,False,False,0.05,0.10302006701628368,0.10302006701628368,True,0.10302006701628368,-88.94627786007096,0,2.1243913173675537
tcn_transformer_ae,96,1000,0.1365694204966227,0.09896490226189296,9,9,5,0.10302006701628368,0.10302006701628368,-88.94627786007096,0,0.0003,/home/danderety/Documents/GitHub/TCN_Transformer_anomaly_analizer/outputs/lo2/models/tcn_transformer_ae_seed43_best.pt,real_val_plus_val_synthetic,,,,,,,,,,,False,,,False,False,True,False,False,0.05,0.09896490226189296,0.09896490226189296,True,0.09896490226189296,-88.94627786007096,0,2.5808253288269043
tcn_transformer_ae,97,1000,0.13176697740952173,0.0950501337647438,9,9,5,0.09896490226189296,0.09896490226189296,-88.94627786007096,0,0.0003,/home/danderety/Documents/GitHub/TCN_Transformer_anomaly_analizer/outputs/lo2/models/tcn_transformer_ae_seed43_best.pt,real_val_plus_val_synthetic,,,,,,,,,,,False,,,False,False,True,False,False,0.05,0.0950501337647438,0.0950501337647438,True,0.0950501337647438,-88.94627786007096,0,0.6509947776794434
tcn_transformer_ae,98,1000,0.1274181753396988,0.09141051272551219,9,9,5,0.0950501337647438,0.0950501337647438,-88.94627786007096,0,0.0003,/home/danderety/Documents/GitHub/TCN_Transformer_anomaly_analizer/outputs/lo2/models/tcn_transformer_ae_seed43_best.pt,real_val_plus_val_synthetic,,,,,,,,,,,False,,,False,False,True,False,False,0.05,0.09141051272551219,0.09141051272551219,True,0.09141051272551219,-88.94627786007096,0,2.2436742782592773
tcn_transformer_ae,99,1000,0.12370958427588145,0.0878780409693718,9,9,5,0.09141051272551219,0.09141051272551219,-88.94627786007096,0,0.0003,/home/danderety/Documents/GitHub/TCN_Transformer_anomaly_analizer/outputs/lo2/models/tcn_transformer_ae_seed43_best.pt,real_val_plus_val_synthetic,,,,,,,,,,,False,,,False,False,True,False,False,0.05,0.0878780409693718,0.0878780409693718,True,0.0878780409693718,-88.94627786007096,0,0.8168215751647949
tcn_transformer_ae,100,1000,0.11976338922977448,0.08448309451341629,9,9,5,0.0878780409693718,0.0878780409693718,-88.94627786007096,0,0.0003,/home/danderety/Documents/GitHub/TCN_Transformer_anomaly_analizer/outputs/lo2/models/tcn_transformer_ae_seed43_best.pt,real_val_plus_val_synthetic,0.30434782608695654,0.08045977011494253,0.12727272727272726,16.0,80.0,3.494270896911614,3.494270896911614,-0.6393731832504274,False,quantile,True,3.4866170525550837,-88.94627786007096,False,True,True,False,False,0.05,0.08448309451341629,0.08448309451341629,True,0.08448309451341629,-88.94627786007096,0,2.137021064758301
tcn_transformer_ae,101,1000,0.11492250114679337,0.08122516920169194,9,9,5,0.08448309451341629,0.08448309451341629,-88.94627786007096,0,0.0003,/home/danderety/Documents/GitHub/TCN_Transformer_anomaly_analizer/outputs/lo2/models/tcn_transformer_ae_seed43_best.pt,real_val_plus_val_synthetic,,,,,,,,,,,False,,,False,False,True,False,False,0.05,0.08122516920169194,0.08122516920169194,True,0.08122516920169194,-88.94627786007096,0,2.3047871589660645
tcn_transformer_ae,102,1000,0.11161664128303528,0.07819853723049164,9,9,5,0.08122516920169194,0.08122516920169194,-88.94627786007096,0,0.0003,/home/danderety/Documents/GitHub/TCN_Transformer_anomaly_analizer/outputs/lo2/models/tcn_transformer_ae_seed43_best.pt,real_val_plus_val_synthetic,,,,,,,,,,,False,,,False,False,True,False,False,0.05,0.07819853723049164,0.07819853723049164,True,0.07819853723049164,-88.94627786007096,0,0.6783952713012695
tcn_transformer_ae,103,1000,0.10795926799376805,0.0752567748228709,9,9,5,0.07819853723049164,0.07819853723049164,-88.94627786007096,0,0.0003,/home/danderety/Documents/GitHub/TCN_Transformer_anomaly_analizer/outputs/lo2/models/tcn_transformer_ae_seed43_best.pt,real_val_plus_val_synthetic,,,,,,,,,,,False,,,False,False,True,False,False,0.05,0.0752567748228709,0.0752567748228709,True,0.0752567748228709,-88.94627786007096,0,0.6490120887756348
tcn_transformer_ae,104,1000,0.10395284493764241,0.0725072870651881,9,9,5,0.0752567748228709,0.0752567748228709,-88.94627786007096,0,0.0003,/home/danderety/Documents/GitHub/TCN_Transformer_anomaly_analizer/outputs/lo2/models/tcn_transformer_ae_seed43_best.pt,real_val_plus_val_synthetic,,,,,,,,,,,False,,,False,False,True,False,False,0.05,0.0725072870651881,0.0725072870651881,True,0.0725072870651881,-88.94627786007096,0,0.6822617053985596
tcn_transformer_ae,105,1000,0.1005480686823527,0.06988907357056935,9,9,5,0.0725072870651881,0.0725072870651881,-88.94627786007096,0,0.0003,/home/danderety/Documents/GitHub/TCN_Transformer_anomaly_analizer/outputs/lo2/models/tcn_transformer_ae_seed43_best.pt,real_val_plus_val_synthetic,0.5151515151515151,0.19540229885057472,0.2833333333333333,16.0,70.0,3.5816948771476698,3.5816948771476698,-0.6561840176582338,False,quantile,True,3.494270896911614,-77.5258494379184,True,True,True,True,True,0.05,0.06988907357056935,0.06988907357056935,True,0.06988907357056935,-77.5258494379184,0,2.130686044692993
tcn_transformer_ae,106,1000,0.09743640571832657,0.06735197206338246,9,9,5,0.06988907357056935,0.06988907357056935,-77.5258494379184,0,0.0003,/home/danderety/Documents/GitHub/TCN_Transformer_anomaly_analizer/outputs/lo2/models/tcn_transformer_ae_seed43_best.pt,real_val_plus_val_synthetic,,,,,,,,,,,False,,,False,False,True,False,False,0.05,0.06735197206338246,0.06735197206338246,True,0.06735197206338246,-77.5258494379184,0,2.1593713760375977
tcn_transformer_ae,107,1000,0.09419218450784683,0.0649489127099514,9,9,5,0.06735197206338246,0.06735197206338246,-77.5258494379184,0,0.0003,/home/danderety/Documents/GitHub/TCN_Transformer_anomaly_analizer/outputs/lo2/models/tcn_transformer_ae_seed43_best.pt,real_val_plus_val_synthetic,,,,,,,,,,,False,,,False,False,True,False,False,0.05,0.0649489127099514,0.0649489127099514,True,0.0649489127099514,-77.5258494379184,0,0.9030816555023193
tcn_transformer_ae,108,1000,0.09255528698364894,0.06269590059916179,9,9,5,0.0649489127099514,0.0649489127099514,-77.5258494379184,0,0.0003,/home/danderety/Documents/GitHub/TCN_Transformer_anomaly_analizer/outputs/lo2/models/tcn_transformer_ae_seed43_best.pt,real_val_plus_val_synthetic,,,,,,,,,,,False,,,False,False,True,False,False,0.05,0.06269590059916179,0.06269590059916179,True,0.06269590059916179,-77.5258494379184,0,2.4938809871673584
tcn_transformer_ae,109,1000,0.08880065629879634,0.06047117461760839,9,9,5,0.06269590059916179,0.06269590059916179,-77.5258494379184,0,0.0003,/home/danderety/Documents/GitHub/TCN_Transformer_anomaly_analizer/outputs/lo2/models/tcn_transformer_ae_seed43_best.pt,real_val_plus_val_synthetic,,,,,,,,,,,False,,,False,False,True,False,False,0.05,0.06047117461760839,0.06047117461760839,True,0.06047117461760839,-77.5258494379184,0,0.6233353614807129
tcn_transformer_ae,110,1000,0.08662453790505727,0.05846848835547765,9,9,5,0.06047117461760839,0.06047117461760839,-77.5258494379184,0,0.0003,/home/danderety/Documents/GitHub/TCN_Transformer_anomaly_analizer/outputs/lo2/models/tcn_transformer_ae_seed43_best.pt,real_val_plus_val_synthetic,0.5142857142857142,0.20689655172413793,0.29508196721311475,17.0,69.0,3.7063720226287797,3.7063720226287797,-0.6742876768112184,False,quantile,True,3.5816948771476698,-76.39132702609244,True,True,True,True,True,0.05,0.05846848835547765,0.05846848835547765,True,0.05846848835547765,-76.39132702609244,0,2.0965161323547363
tcn_transformer_ae,111,1000,0.08399372796217601,0.056492759535710015,9,9,5,0.05846848835547765,0.05846848835547765,-76.39132702609244,0,0.0003,/home/danderety/Documents/GitHub/TCN_Transformer_anomaly_analizer/outputs/lo2/models/tcn_transformer_ae_seed43_best.pt,real_val_plus_val_synthetic,,,,,,,,,,,False,,,False,False,True,False,False,0.05,0.056492759535710015,0.056492759535710015,True,0.056492759535710015,-76.39132702609244,0,2.437938690185547
tcn_transformer_ae,112,1000,0.08105542759100597,0.05459824576973915,9,9,5,0.056492759535710015,0.056492759535710015,-76.39132702609244,0,0.0003,/home/danderety/Documents/GitHub/TCN_Transformer_anomaly_analizer/outputs/lo2/models/tcn_transformer_ae_seed43_best.pt,real_val_plus_val_synthetic,,,,,,,,,,,False,,,False,False,True,False,False,0.05,0.05459824576973915,0.05459824576973915,True,0.05459824576973915,-76.39132702609244,0,0.6162071228027344
tcn_transformer_ae,113,1000,0.07845489184061687,0.05285517747203509,9,9,5,0.05459824576973915,0.05459824576973915,-76.39132702609244,0,0.0003,/home/danderety/Documents/GitHub/TCN_Transformer_anomaly_analizer/outputs/lo2/models/tcn_transformer_ae_seed43_best.pt,real_val_plus_val_synthetic,,,,,,,,,,,False,,,False,False,True,False,False,0.05,0.05285517747203509,0.05285517747203509,True,0.05285517747203509,-76.39132702609244,0,0.6028890609741211
tcn_transformer_ae,114,1000,0.07603558401266734,0.05115110302964846,9,9,5,0.05285517747203509,0.05285517747203509,-76.39132702609244,0,0.0003,/home/danderety/Documents/GitHub/TCN_Transformer_anomaly_analizer/outputs/lo2/models/tcn_transformer_ae_seed43_best.pt,real_val_plus_val_synthetic,,,,,,,,,,,False,,,False,False,True,False,False,0.05,0.05115110302964846,0.05115110302964846,True,0.05115110302964846,-76.39132702609244,0,0.9299106597900391
tcn_transformer_ae,115,1000,0.07435742020606995,0.0495398739973704,9,9,5,0.05115110302964846,0.05115110302964846,-76.39132702609244,0,0.0003,/home/danderety/Documents/GitHub/TCN_Transformer_anomaly_analizer/outputs/lo2/models/tcn_transformer_ae_seed43_best.pt,real_val_plus_val_synthetic,0.6304347826086957,0.3333333333333333,0.43609022556390975,17.0,58.0,3.5750475883483768,3.5750475883483768,-0.6863108277320863,False,quantile,True,3.7063720226287797,-63.85951417004049,True,True,True,True,True,0.05,0.0495398739973704,0.0495398739973704,True,0.0495398739973704,-63.85951417004049,0,2.0655412673950195
tcn_transformer_ae,116,1000,0.07192993660767873,0.047973799208799996,9,9,5,0.0495398739973704,0.0495398739973704,-63.85951417004049,0,0.0003,/home/danderety/Documents/GitHub/TCN_Transformer_anomaly_analizer/outputs/lo2/models/tcn_transformer_ae_seed43_best.pt,real_val_plus_val_synthetic,,,,,,,,,,,False,,,False,False,True,False,False,0.05,0.047973799208799996,0.047973799208799996,True,0.047973799208799996,-63.85951417004049,0,0.7042102813720703
tcn_transformer_ae,117,1000,0.07023111482461293,0.04650471111138662,9,9,5,0.047973799208799996,0.047973799208799996,-63.85951417004049,0,0.0003,/home/danderety/Documents/GitHub/TCN_Transformer_anomaly_analizer/outputs/lo2/models/tcn_transformer_ae_seed43_best.pt,real_val_plus_val_synthetic,,,,,,,,,,,False,,,False,False,True,False,False,0.05,0.04650471111138662,0.04650471111138662,True,0.04650471111138662,-63.85951417004049,0,1.2305710315704346
tcn_transformer_ae,118,1000,0.06855776160955429,0.045101284980773926,9,9,5,0.04650471111138662,0.04650471111138662,-63.85951417004049,0,0.0003,/home/danderety/Documents/GitHub/TCN_Transformer_anomaly_analizer/outputs/lo2/models/tcn_transformer_ae_seed43_best.pt,real_val_plus_val_synthetic,,,,,,,,,,,False,,,False,False,True,False,False,0.05,0.045101284980773926,0.045101284980773926,True,0.045101284980773926,-63.85951417004049,0,1.5772795677185059
tcn_transformer_ae,119,1000,0.0669354721903801,0.043768792102734246,9,9,5,0.045101284980773926,0.045101284980773926,-63.85951417004049,0,0.0003,/home/danderety/Documents/GitHub/TCN_Transformer_anomaly_analizer/outputs/lo2/models/tcn_transformer_ae_seed43_best.pt,real_val_plus_val_synthetic,,,,,,,,,,,False,,,False,False,True,False,False,0.05,0.043768792102734246,0.043768792102734246,True,0.043768792102734246,-63.85951417004049,0,1.5332045555114746
tcn_transformer_ae,120,1000,0.0648711659014225,0.04245862364768982,9,9,5,0.043768792102734246,0.043768792102734246,-63.85951417004049,0,0.0003,/home/danderety/Documents/GitHub/TCN_Transformer_anomaly_analizer/outputs/lo2/models/tcn_transformer_ae_seed43_best.pt,real_val_plus_val_synthetic,0.6666666666666666,0.39080459770114945,0.4927536231884058,17.0,53.0,3.582807242870316,3.582807242870316,-0.7066269516944886,False,quantile,True,3.5750475883483768,-58.17066686437001,True,True,True,True,True,0.05,0.04245862364768982,0.04245862364768982,True,0.04245862364768982,-58.17066686437001,0,2.069828987121582
tcn_transformer_ae,121,1000,0.06264286364118259,0.04122227802872658,9,9,5,0.04245862364768982,0.04245862364768982,-58.17066686437001,0,0.0003,/home/danderety/Documents/GitHub/TCN_Transformer_anomaly_analizer/outputs/lo2/models/tcn_transformer_ae_seed43_best.pt,real_val_plus_val_synthetic,,,,,,,,,,,False,,,False,False,True,False,False,0.05,0.04122227802872658,0.04122227802872658,True,0.04122227802872658,-58.17066686437001,0,0.6835782527923584
tcn_transformer_ae,122,1000,0.06153181071082751,0.04008632774154345,9,9,5,0.04122227802872658,0.04122227802872658,-58.17066686437001,0,0.0003,/home/danderety/Documents/GitHub/TCN_Transformer_anomaly_analizer/outputs/lo2/models/tcn_transformer_ae_seed43_best.pt,real_val_plus_val_synthetic,,,,,,,,,,,False,,,False,False,True,False,False,0.05,0.04008632774154345,0.04008632774154345,True,0.04008632774154345,-58.17066686437001,0,2.5068585872650146
tcn_transformer_ae,123,1000,0.05993371456861496,0.03893531486392021,9,9,5,0.04008632774154345,0.04008632774154345,-58.17066686437001,0,0.0003,/home/danderety/Documents/GitHub/TCN_Transformer_anomaly_analizer/outputs/lo2/models/tcn_transformer_ae_seed43_best.pt,real_val_plus_val_synthetic,,,,,,,,,,,False,,,False,False,True,False,False,0.05,0.03893531486392021,0.03893531486392021,True,0.03893531486392021,-58.17066686437001,0,1.485543966293335
tcn_transformer_ae,124,1000,0.05822263409694036,0.03785137335459391,9,9,5,0.03893531486392021,0.03893531486392021,-58.17066686437001,0,0.0003,/home/danderety/Documents/GitHub/TCN_Transformer_anomaly_analizer/outputs/lo2/models/tcn_transformer_ae_seed43_best.pt,real_val_plus_val_synthetic,,,,,,,,,,,False,,,False,False,True,False,False,0.05,0.03785137335459391,0.03785137335459391,True,0.03785137335459391,-58.17066686437001,0,0.6112942695617676
tcn_transformer_ae,125,1000,0.05737633506457011,0.036849276473124824,9,9,5,0.03785137335459391,0.03785137335459391,-58.17066686437001,0,0.0003,/home/danderety/Documents/GitHub/TCN_Transformer_anomaly_analizer/outputs/lo2/models/tcn_transformer_ae_seed43_best.pt,real_val_plus_val_synthetic,0.6851851851851852,0.42528735632183906,0.524822695035461,17.0,50.0,3.625543463230121,3.625543463230121,-0.7344056963920594,False,quantile,True,3.582807242870316,-54.75928744769537,True,True,True,True,True,0.05,0.036849276473124824,0.036849276473124824,True,0.036849276473124824,-54.75928744769537,0,2.1390435695648193
tcn_transformer_ae,126,1000,0.055890344083309174,0.03585480029384295,9,9,5,0.036849276473124824,0.036849276473124824,-54.75928744769537,0,0.0003,/home/danderety/Documents/GitHub/TCN_Transformer_anomaly_analizer/outputs/lo2/models/tcn_transformer_ae_seed43_best.pt,real_val_plus_val_synthetic,,,,,,,,,,,False,,,False,False,True,False,False,0.05,0.03585480029384295,0.03585480029384295,True,0.03585480029384295,-54.75928744769537,0,1.2663438320159912
tcn_transformer_ae,127,1000,0.05456601083278656,0.03490282595157623,9,9,5,0.03585480029384295,0.03585480029384295,-54.75928744769537,0,0.0003,/home/danderety/Documents/GitHub/TCN_Transformer_anomaly_analizer/outputs/lo2/models/tcn_transformer_ae_seed43_best.pt,real_val_plus_val_synthetic,,,,,,,,,,,False,,,False,False,True,False,False,0.05,0.03490282595157623,0.03490282595157623,True,0.03490282595157623,-54.75928744769537,0,1.2378644943237305
tcn_transformer_ae,128,1000,0.052954732129971184,0.03398411845167478,9,9,5,0.03490282595157623,0.03490282595157623,-54.75928744769537,0,0.0003,/home/danderety/Documents/GitHub/TCN_Transformer_anomaly_analizer/outputs/lo2/models/tcn_transformer_ae_seed43_best.pt,real_val_plus_val_synthetic,,,,,,,,,,,False,,,False,False,True,False,False,0.05,0.03398411845167478,0.03398411845167478,True,0.03398411845167478,-54.75928744769537,0,1.6188478469848633
tcn_transformer_ae,129,1000,0.05156956488887469,0.03308092181881269,9,9,5,0.03398411845167478,0.03398411845167478,-54.75928744769537,0,0.0003,/home/danderety/Documents/GitHub/TCN_Transformer_anomaly_analizer/outputs/lo2/models/tcn_transformer_ae_seed43_best.pt,real_val_plus_val_synthetic,,,,,,,,,,,False,,,False,False,True,False,False,0.05,0.03308092181881269,0.03308092181881269,True,0.03308092181881269,-54.75928744769537,0,0.6227939128875732
tcn_transformer_ae,130,1000,0.05063153306643168,0.032243327548106514,9,9,5,0.03308092181881269,0.03308092181881269,-54.75928744769537,0,0.0003,/home/danderety/Documents/GitHub/TCN_Transformer_anomaly_analizer/outputs/lo2/models/tcn_transformer_ae_seed43_best.pt,real_val_plus_val_synthetic,0.6851851851851852,0.42528735632183906,0.524822695035461,17.0,50.0,3.5854192018508804,3.5854192018508804,-0.7422758340835572,False,quantile,True,3.625543463230121,-54.75928744769537,False,True,True,False,False,0.05,0.032243327548106514,0.032243327548106514,True,0.032243327548106514,-54.75928744769537,0,2.050675868988037
tcn_transformer_ae,131,1000,0.04947065934538841,0.03143817869325479,9,9,5,0.032243327548106514,0.032243327548106514,-54.75928744769537,0,0.0003,/home/danderety/Documents/GitHub/TCN_Transformer_anomaly_analizer/outputs/lo2/models/tcn_transformer_ae_seed43_best.pt,real_val_plus_val_synthetic,,,,,,,,,,,False,,,False,False,True,False,False,0.05,0.03143817869325479,0.03143817869325479,True,0.03143817869325479,-54.75928744769537,0,1.2100143432617188
tcn_transformer_ae,132,1000,0.0484123465915521,0.030677262072761852,9,9,5,0.03143817869325479,0.03143817869325479,-54.75928744769537,0,0.0003,/home/danderety/Documents/GitHub/TCN_Transformer_anomaly_analizer/outputs/lo2/models/tcn_transformer_ae_seed43_best.pt,real_val_plus_val_synthetic,,,,,,,,,,,False,,,False,False,True,False,False,0.05,0.030677262072761852,0.030677262072761852,True,0.030677262072761852,-54.75928744769537,0,1.0395770072937012
tcn_transformer_ae,133,1000,0.0470747339228789,0.029936297486225765,9,9,5,0.030677262072761852,0.030677262072761852,-54.75928744769537,0,0.0003,/home/danderety/Documents/GitHub/TCN_Transformer_anomaly_analizer/outputs/lo2/models/tcn_transformer_ae_seed43_best.pt,real_val_plus_val_synthetic,,,,,,,,,,,False,,,False,False,True,False,False,0.05,0.029936297486225765,0.029936297486225765,True,0.029936297486225765,-54.75928744769537,0,1.4023981094360352
tcn_transformer_ae,134,1000,0.0461923914651076,0.029239803552627563,9,9,5,0.029936297486225765,0.029936297486225765,-54.75928744769537,0,0.0003,/home/danderety/Documents/GitHub/TCN_Transformer_anomaly_analizer/outputs/lo2/models/tcn_transformer_ae_seed43_best.pt,real_val_plus_val_synthetic,,,,,,,,,,,False,,,False,False,True,False,False,0.05,0.029239803552627563,0.029239803552627563,True,0.029239803552627563,-54.75928744769537,0,2.366656541824341
tcn_transformer_ae,135,1000,0.045136929800113045,0.02855282959838708,9,9,5,0.029239803552627563,0.029239803552627563,-54.75928744769537,0,0.0003,/home/danderety/Documents/GitHub/TCN_Transformer_anomaly_analizer/outputs/lo2/models/tcn_transformer_ae_seed43_best.pt,real_val_plus_val_synthetic,0.6909090909090909,0.4367816091954023,0.5352112676056338,17.0,49.0,3.470736861228933,3.470736861228933,-0.764549493789673,False,quantile,True,3.5854192018508804,-53.622462093516006,True,True,True,True,True,0.05,0.02855282959838708,0.02855282959838708,True,0.02855282959838708,-53.622462093516006,0,2.0595791339874268
tcn_transformer_ae,136,1000,0.04406803846359253,0.02788098156452179,9,9,5,0.02855282959838708,0.02855282959838708,-53.622462093516006,0,0.0003,/home/danderety/Documents/GitHub/TCN_Transformer_anomaly_analizer/outputs/lo2/models/tcn_transformer_ae_seed43_best.pt,real_val_plus_val_synthetic,,,,,,,,,,,False,,,False,False,True,False,False,0.05,0.02788098156452179,0.02788098156452179,True,0.02788098156452179,-53.622462093516006,0,0.6490261554718018
tcn_transformer_ae,137,1000,0.0433991476893425,0.027245637650291126,9,9,5,0.02788098156452179,0.02788098156452179,-53.622462093516006,0,0.0003,/home/danderety/Documents/GitHub/TCN_Transformer_anomaly_analizer/outputs/lo2/models/tcn_transformer_ae_seed43_best.pt,real_val_plus_val_synthetic,,,,,,,,,,,False,,,False,False,True,False,False,0.05,0.027245637650291126,0.027245637650291126,True,0.027245637650291126,-53.622462093516006,0,0.690131664276123
tcn_transformer_ae,138,1000,0.042522562046845756,0.026637001583973568,9,9,5,0.027245637650291126,0.027245637650291126,-53.622462093516006,0,0.0003,/home/danderety/Documents/GitHub/TCN_Transformer_anomaly_analizer/outputs/lo2/models/tcn_transformer_ae_seed43_best.pt,real_val_plus_val_synthetic,,,,,,,,,,,False,,,False,False,True,False,False,0.05,0.026637001583973568,0.026637001583973568,True,0.026637001583973568,-53.622462093516006,0,2.433939218521118
tcn_transformer_ae,139,1000,0.041588111470143,0.02604667904476325,9,9,5,0.026637001583973568,0.026637001583973568,-53.622462093516006,0,0.0003,/home/danderety/Documents/GitHub/TCN_Transformer_anomaly_analizer/outputs/lo2/models/tcn_transformer_ae_seed43_best.pt,real_val_plus_val_synthetic,,,,,,,,,,,False,,,False,False,True,False,False,0.05,0.02604667904476325,0.02604667904476325,True,0.02604667904476325,-53.622462093516006,0,1.037276268005371
tcn_transformer_ae,140,1000,0.040862709283828735,0.025478587796290714,9,9,5,0.02604667904476325,0.02604667904476325,-53.622462093516006,0,0.0003,/home/danderety/Documents/GitHub/TCN_Transformer_anomaly_analizer/outputs/lo2/models/tcn_transformer_ae_seed43_best.pt,real_val_plus_val_synthetic,0.6964285714285714,0.4482758620689655,0.5454545454545454,17.0,48.0,3.394003725051872,3.394003725051872,-0.7835166454315187,False,quantile,True,3.470736861228933,-52.4857820340579,True,True,True,True,True,0.05,0.025478587796290714,0.025478587796290714,True,0.025478587796290714,-52.4857820340579,0,2.105499505996704
tcn_transformer_ae,141,1000,0.04005394006768862,0.02494461089372635,9,9,5,0.025478587796290714,0.025478587796290714,-52.4857820340579,0,0.0003,/home/danderety/Documents/GitHub/TCN_Transformer_anomaly_analizer/outputs/lo2/models/tcn_transformer_ae_seed43_best.pt,real_val_plus_val_synthetic,,,,,,,,,,,False,,,False,False,True,False,False,0.05,0.02494461089372635,0.02494461089372635,True,0.02494461089372635,-52.4857820340579,0,1.7381477355957031
tcn_transformer_ae,142,1000,0.039040856063365936,0.02441691110531489,9,9,5,0.02494461089372635,0.02494461089372635,-52.4857820340579,0,0.0003,/home/danderety/Documents/GitHub/TCN_Transformer_anomaly_analizer/outputs/lo2/models/tcn_transformer_ae_seed43_best.pt,real_val_plus_val_synthetic,,,,,,,,,,,False,,,False,False,True,False,False,0.05,0.02441691110531489,0.02441691110531489,True,0.02441691110531489,-52.4857820340579,0,2.118791103363037
tcn_transformer_ae,143,1000,0.0382755771279335,0.023911161348223686,9,9,5,0.02441691110531489,0.02441691110531489,-52.4857820340579,0,0.0003,/home/danderety/Documents/GitHub/TCN_Transformer_anomaly_analizer/outputs/lo2/models/tcn_transformer_ae_seed43_best.pt,real_val_plus_val_synthetic,,,,,,,,,,,False,,,False,False,True,False,False,0.05,0.023911161348223686,0.023911161348223686,True,0.023911161348223686,-52.4857820340579,0,0.6043515205383301
tcn_transformer_ae,144,1000,0.03753498196601868,0.023424863815307617,9,9,5,0.023911161348223686,0.023911161348223686,-52.4857820340579,0,0.0003,/home/danderety/Documents/GitHub/TCN_Transformer_anomaly_analizer/outputs/lo2/models/tcn_transformer_ae_seed43_best.pt,real_val_plus_val_synthetic,,,,,,,,,,,False,,,False,False,True,False,False,0.05,0.023424863815307617,0.023424863815307617,True,0.023424863815307617,-52.4857820340579,0,0.6305124759674072
tcn_transformer_ae,145,1000,0.037085616340239845,0.02294415483872096,9,9,5,0.023424863815307617,0.023424863815307617,-52.4857820340579,0,0.0003,/home/danderety/Documents/GitHub/TCN_Transformer_anomaly_analizer/outputs/lo2/models/tcn_transformer_ae_seed43_best.pt,real_val_plus_val_synthetic,0.7017543859649122,0.45977011494252873,0.5555555555555556,17.0,47.0,3.2913150191307006,3.2913150191307006,-0.7964754700660707,False,quantile,True,3.394003725051872,-51.349244242347694,True,True,True,True,True,0.05,0.02294415483872096,0.02294415483872096,True,0.02294415483872096,-51.349244242347694,0,2.0684475898742676
tcn_transformer_ae,146,1000,0.03636550406614939,0.022480123365918796,9,9,5,0.02294415483872096,0.02294415483872096,-51.349244242347694,0,0.0003,/home/danderety/Documents/GitHub/TCN_Transformer_anomaly_analizer/outputs/lo2/models/tcn_transformer_ae_seed43_best.pt,real_val_plus_val_synthetic,,,,,,,,,,,False,,,False,False,True,False,False,0.05,0.022480123365918796,0.022480123365918796,True,0.022480123365918796,-51.349244242347694,0,0.6377177238464355
tcn_transformer_ae,147,1000,0.03581979125738144,0.02203865411380927,9,9,5,0.022480123365918796,0.022480123365918796,-51.349244242347694,0,0.0003,/home/danderety/Documents/GitHub/TCN_Transformer_anomaly_analizer/outputs/lo2/models/tcn_transformer_ae_seed43_best.pt,real_val_plus_val_synthetic,,,,,,,,,,,False,,,False,False,True,False,False,0.05,0.02203865411380927,0.02203865411380927,True,0.02203865411380927,-51.349244242347694,0,2.2578623294830322
tcn_transformer_ae,148,1000,0.03482415030399958,0.02160961429278056,9,9,5,0.02203865411380927,0.02203865411380927,-51.349244242347694,0,0.0003,/home/danderety/Documents/GitHub/TCN_Transformer_anomaly_analizer/outputs/lo2/models/tcn_transformer_ae_seed43_best.pt,real_val_plus_val_synthetic,,,,,,,,,,,False,,,False,False,True,False,False,0.05,0.02160961429278056,0.02160961429278056,True,0.02160961429278056,-51.349244242347694,0,0.6397354602813721
tcn_transformer_ae,149,1000,0.03427645067373911,0.0211928877979517,9,9,5,0.02160961429278056,0.02160961429278056,-51.349244242347694,0,0.0003,/home/danderety/Documents/GitHub/TCN_Transformer_anomaly_analizer/outputs/lo2/models/tcn_transformer_ae_seed43_best.pt,real_val_plus_val_synthetic,,,,,,,,,,,False,,,False,False,True,False,False,0.05,0.0211928877979517,0.0211928877979517,True,0.0211928877979517,-51.349244242347694,0,0.6462001800537109
tcn_transformer_ae,150,1000,0.033860575407743454,0.020795055354634922,9,9,5,0.0211928877979517,0.0211928877979517,-51.349244242347694,0,0.0003,/home/danderety/Documents/GitHub/TCN_Transformer_anomaly_analizer/outputs/lo2/models/tcn_transformer_ae_seed43_best.pt,real_val_plus_val_synthetic,0.7017543859649122,0.45977011494252873,0.5555555555555556,17.0,47.0,3.3617691993713374,3.3617691993713374,-0.8018746972084047,False,quantile,True,3.2913150191307006,-51.349244242347694,False,True,True,False,False,0.05,0.020795055354634922,0.020795055354634922,True,0.020795055354634922,-51.349244242347694,0,2.124279499053955
tcn_transformer_ae,151,1000,0.0331117312113444,0.02040610338250796,9,9,5,0.020795055354634922,0.020795055354634922,-51.349244242347694,0,0.0003,/home/danderety/Documents/GitHub/TCN_Transformer_anomaly_analizer/outputs/lo2/models/tcn_transformer_ae_seed43_best.pt,real_val_plus_val_synthetic,,,,,,,,,,,False,,,False,False,True,False,False,0.05,0.02040610338250796,0.02040610338250796,True,0.02040610338250796,-51.349244242347694,0,1.5908839702606201
tcn_transformer_ae,152,1000,0.032522050042947136,0.020022075002392132,9,9,5,0.02040610338250796,0.02040610338250796,-51.349244242347694,0,0.0003,/home/danderety/Documents/GitHub/TCN_Transformer_anomaly_analizer/outputs/lo2/models/tcn_transformer_ae_seed43_best.pt,real_val_plus_val_synthetic,,,,,,,,,,,False,,,False,False,True,False,False,0.05,0.020022075002392132,0.020022075002392132,True,0.020022075002392132,-51.349244242347694,0,0.6998722553253174
tcn_transformer_ae,153,1000,0.032039009034633636,0.01966150353352229,9,9,5,0.020022075002392132,0.020022075002392132,-51.349244242347694,0,0.0003,/home/danderety/Documents/GitHub/TCN_Transformer_anomaly_analizer/outputs/lo2/models/tcn_transformer_ae_seed43_best.pt,real_val_plus_val_synthetic,,,,,,,,,,,False,,,False,False,True,False,False,0.05,0.01966150353352229,0.01966150353352229,True,0.01966150353352229,-51.349244242347694,0,0.6099486351013184
tcn_transformer_ae,154,1000,0.031651377057035766,0.019313644617795944,9,9,5,0.01966150353352229,0.01966150353352229,-51.349244242347694,0,0.0003,/home/danderety/Documents/GitHub/TCN_Transformer_anomaly_analizer/outputs/lo2/models/tcn_transformer_ae_seed43_best.pt,real_val_plus_val_synthetic,,,,,,,,,,,False,,,False,False,True,False,False,0.05,0.019313644617795944,0.019313644617795944,True,0.019313644617795944,-51.349244242347694,0,0.7749240398406982
tcn_transformer_ae,155,1000,0.031003492573897045,0.018973381568988163,9,9,5,0.019313644617795944,0.019313644617795944,-51.349244242347694,0,0.0003,/home/danderety/Documents/GitHub/TCN_Transformer_anomaly_analizer/outputs/lo2/models/tcn_transformer_ae_seed43_best.pt,real_val_plus_val_synthetic,0.7068965517241379,0.47126436781609193,0.5655172413793104,17.0,46.0,3.143706107139581,3.143706107139581,-0.804796874523163,False,quantile,True,3.3617691993713374,-50.21284577491474,True,True,True,True,True,0.05,0.018973381568988163,0.018973381568988163,True,0.018973381568988163,-50.21284577491474,0,2.139421224594116
tcn_transformer_ae,156,1000,0.030612024789055187,0.018638598422209423,9,9,5,0.018973381568988163,0.018973381568988163,-50.21284577491474,0,0.0003,/home/danderety/Documents/GitHub/TCN_Transformer_anomaly_analizer/outputs/lo2/models/tcn_transformer_ae_seed43_best.pt,real_val_plus_val_synthetic,,,,,,,,,,,False,,,False,False,True,False,False,0.05,0.018638598422209423,0.018638598422209423,True,0.018638598422209423,-50.21284577491474,0,1.5230567455291748
tcn_transformer_ae,157,1000,0.030001682539780933,0.01831166073679924,9,9,5,0.018638598422209423,0.018638598422209423,-50.21284577491474,0,0.0003,/home/danderety/Documents/GitHub/TCN_Transformer_anomaly_analizer/outputs/lo2/models/tcn_transformer_ae_seed43_best.pt,real_val_plus_val_synthetic,,,,,,,,,,,False,,,False,False,True,False,False,0.05,0.01831166073679924,0.01831166073679924,True,0.01831166073679924,-50.21284577491474,0,0.7356364727020264
tcn_transformer_ae,158,1000,0.029456040511528652,0.017995561162630718,9,9,5,0.01831166073679924,0.01831166073679924,-50.21284577491474,0,0.0003,/home/danderety/Documents/GitHub/TCN_Transformer_anomaly_analizer/outputs/lo2/models/tcn_transformer_ae_seed43_best.pt,real_val_plus_val_synthetic,,,,,,,,,,,False,,,False,False,True,False,False,0.05,0.017995561162630718,0.017995561162630718,True,0.017995561162630718,-50.21284577491474,0,1.8964629173278809
tcn_transformer_ae,159,1000,0.02890363708138466,0.017694405590494473,9,9,5,0.017995561162630718,0.017995561162630718,-50.21284577491474,0,0.0003,/home/danderety/Documents/GitHub/TCN_Transformer_anomaly_analizer/outputs/lo2/models/tcn_transformer_ae_seed43_best.pt,real_val_plus_val_synthetic,,,,,,,,,,,False,,,False,False,True,False,False,0.05,0.017694405590494473,0.017694405590494473,True,0.017694405590494473,-50.21284577491474,0,2.6206321716308594
tcn_transformer_ae,160,1000,0.028599191457033157,0.017397571355104446,9,9,5,0.017694405590494473,0.017694405590494473,-50.21284577491474,0,0.0003,/home/danderety/Documents/GitHub/TCN_Transformer_anomaly_analizer/outputs/lo2/models/tcn_transformer_ae_seed43_best.pt,real_val_plus_val_synthetic,0.7068965517241379,0.47126436781609193,0.5655172413793104,17.0,46.0,3.0252205848693787,3.0252205848693787,-0.8098929524421693,False,quantile,True,3.143706107139581,-50.21284577491474,False,True,True,False,False,0.05,0.017397571355104446,0.017397571355104446,True,0.017397571355104446,-50.21284577491474,0,2.0862996578216553
tcn_transformer_ae,161,1000,0.028146162008245785,0.017108807961146038,9,9,5,0.017397571355104446,0.017397571355104446,-50.21284577491474,0,0.0003,/home/danderety/Documents/GitHub/TCN_Transformer_anomaly_analizer/outputs/lo2/models/tcn_transformer_ae_seed43_best.pt,real_val_plus_val_synthetic,,,,,,,,,,,False,,,False,False,True,False,False,0.05,0.017108807961146038,0.017108807961146038,True,0.017108807961146038,-50.21284577491474,0,0.6645441055297852
tcn_transformer_ae,162,1000,0.027653605366746586,0.01682952232658863,9,9,5,0.017108807961146038,0.017108807961146038,-50.21284577491474,0,0.0003,/home/danderety/Documents/GitHub/TCN_Transformer_anomaly_analizer/outputs/lo2/models/tcn_transformer_ae_seed43_best.pt,real_val_plus_val_synthetic,,,,,,,,,,,False,,,False,False,True,False,False,0.05,0.01682952232658863,0.01682952232658863,True,0.01682952232658863,-50.21284577491474,0,2.4575507640838623
tcn_transformer_ae,163,1000,0.027152093748251598,0.016562332088748615,9,9,5,0.01682952232658863,0.01682952232658863,-50.21284577491474,0,0.0003,/home/danderety/Documents/GitHub/TCN_Transformer_anomaly_analizer/outputs/lo2/models/tcn_transformer_ae_seed43_best.pt,real_val_plus_val_synthetic,,,,,,,,,,,False,,,False,False,True,False,False,0.05,0.016562332088748615,0.016562332088748615,True,0.016562332088748615,-50.21284577491474,0,0.8803184032440186
tcn_transformer_ae,164,1000,0.02702421632905801,0.016305113832155865,9,9,5,0.016562332088748615,0.016562332088748615,-50.21284577491474,0,0.0003,/home/danderety/Documents/GitHub/TCN_Transformer_anomaly_analizer/outputs/lo2/models/tcn_transformer_ae_seed43_best.pt,real_val_plus_val_synthetic,,,,,,,,,,,False,,,False,False,True,False,False,0.05,0.016305113832155865,0.016305113832155865,True,0.016305113832155865,-50.21284577491474,0,2.4705913066864014
tcn_transformer_ae,165,1000,0.026443876946965855,0.01605191050718228,9,9,5,0.016305113832155865,0.016305113832155865,-50.21284577491474,0,0.0003,/home/danderety/Documents/GitHub/TCN_Transformer_anomaly_analizer/outputs/lo2/models/tcn_transformer_ae_seed43_best.pt,real_val_plus_val_synthetic,0.7068965517241379,0.47126436781609193,0.5655172413793104,17.0,46.0,3.01803032159805,3.01803032159805,-0.8137801289558412,False,quantile,True,3.0252205848693787,-50.21284577491474,False,True,True,False,False,0.05,0.01605191050718228,0.01605191050718228,True,0.01605191050718228,-50.21284577491474,0,2.1385891437530518
tcn_transformer_ae,166,1000,0.025954951842625935,0.0158023073648413,9,9,5,0.01605191050718228,0.01605191050718228,-50.21284577491474,0,0.0003,/home/danderety/Documents/GitHub/TCN_Transformer_anomaly_analizer/outputs/lo2/models/tcn_transformer_ae_seed43_best.pt,real_val_plus_val_synthetic,,,,,,,,,,,False,,,False,False,True,False,False,0.05,0.0158023073648413,0.0158023073648413,True,0.0158023073648413,-50.21284577491474,0,1.865098237991333
tcn_transformer_ae,167,1000,0.0257673275967439,0.015558316372334957,9,9,5,0.0158023073648413,0.0158023073648413,-50.21284577491474,0,0.0003,/home/danderety/Documents/GitHub/TCN_Transformer_anomaly_analizer/outputs/lo2/models/tcn_transformer_ae_seed43_best.pt,real_val_plus_val_synthetic,,,,,,,,,,,False,,,False,False,True,False,False,0.05,0.015558316372334957,0.015558316372334957,True,0.015558316372334957,-50.21284577491474,0,0.9198708534240723
tcn_transformer_ae,168,1000,0.025455189247926075,0.015323569377263388,9,9,5,0.015558316372334957,0.015558316372334957,-50.21284577491474,0,0.0003,/home/danderety/Documents/GitHub/TCN_Transformer_anomaly_analizer/outputs/lo2/models/tcn_transformer_ae_seed43_best.pt,real_val_plus_val_synthetic,,,,,,,,,,,False,,,False,False,True,False,False,0.05,0.015323569377263388,0.015323569377263388,True,0.015323569377263388,-50.21284577491474,0,0.6399633884429932
tcn_transformer_ae,169,1000,0.024972874050339062,0.015098029126723608,9,9,5,0.015323569377263388,0.015323569377263388,-50.21284577491474,0,0.0003,/home/danderety/Documents/GitHub/TCN_Transformer_anomaly_analizer/outputs/lo2/models/tcn_transformer_ae_seed43_best.pt,real_val_plus_val_synthetic,,,,,,,,,,,False,,,False,False,True,False,False,0.05,0.015098029126723608,0.015098029126723608,True,0.015098029126723608,-50.21284577491474,0,0.6492469310760498
tcn_transformer_ae,170,1000,0.024690508221586544,0.014870129525661469,9,9,5,0.015098029126723608,0.015098029126723608,-50.21284577491474,0,0.0003,/home/danderety/Documents/GitHub/TCN_Transformer_anomaly_analizer/outputs/lo2/models/tcn_transformer_ae_seed43_best.pt,real_val_plus_val_synthetic,0.7068965517241379,0.47126436781609193,0.5655172413793104,17.0,46.0,2.997628891468047,2.997628891468047,-0.8093151450157167,False,quantile,True,3.01803032159805,-50.21284577491474,False,True,True,False,False,0.05,0.014870129525661469,0.014870129525661469,True,0.014870129525661469,-50.21284577491474,0,2.1408324241638184
tcn_transformer_ae,171,1000,0.024277062465747196,0.014644216125210127,9,9,5,0.014870129525661469,0.014870129525661469,-50.21284577491474,0,0.0003,/home/danderety/Documents/GitHub/TCN_Transformer_anomaly_analizer/outputs/lo2/models/tcn_transformer_ae_seed43_best.pt,real_val_plus_val_synthetic,,,,,,,,,,,False,,,False,False,True,False,False,0.05,0.014644216125210127,0.014644216125210127,True,0.014644216125210127,-50.21284577491474,0,2.655125141143799
tcn_transformer_ae,172,1000,0.023838936040798824,0.014427205547690392,9,9,5,0.014644216125210127,0.014644216125210127,-50.21284577491474,0,0.0003,/home/danderety/Documents/GitHub/TCN_Transformer_anomaly_analizer/outputs/lo2/models/tcn_transformer_ae_seed43_best.pt,real_val_plus_val_synthetic,,,,,,,,,,,False,,,False,False,True,False,False,0.05,0.014427205547690392,0.014427205547690392,True,0.014427205547690392,-50.21284577491474,0,0.5869965553283691
tcn_transformer_ae,173,1000,0.02360372431576252,0.014222878962755203,9,9,5,0.014427205547690392,0.014427205547690392,-50.21284577491474,0,0.0003,/home/danderety/Documents/GitHub/TCN_Transformer_anomaly_analizer/outputs/lo2/models/tcn_transformer_ae_seed43_best.pt,real_val_plus_val_synthetic,,,,,,,,,,,False,,,False,False,True,False,False,0.05,0.014222878962755203,0.014222878962755203,True,0.014222878962755203,-50.21284577491474,0,0.6077969074249268
tcn_transformer_ae,174,1000,0.023307813331484795,0.014023984471956888,9,9,5,0.014222878962755203,0.014222878962755203,-50.21284577491474,0,0.0003,/home/danderety/Documents/GitHub/TCN_Transformer_anomaly_analizer/outputs/lo2/models/tcn_transformer_ae_seed43_best.pt,real_val_plus_val_synthetic,,,,,,,,,,,False,,,False,False,True,False,False,0.05,0.014023984471956888,0.014023984471956888,True,0.014023984471956888,-50.21284577491474,0,0.6397404670715332
tcn_transformer_ae,175,1000,0.02302843766907851,0.013825487035016218,9,9,5,0.014023984471956888,0.014023984471956888,-50.21284577491474,0,0.0003,/home/danderety/Documents/GitHub/TCN_Transformer_anomaly_analizer/outputs/lo2/models/tcn_transformer_ae_seed43_best.pt,real_val_plus_val_synthetic,0.7192982456140351,0.47126436781609193,0.5694444444444444,16.0,46.0,2.941840887069701,2.941840887069701,-0.8058347702026368,False,quantile,True,2.997628891468047,-50.20525556818661,True,True,True,True,True,0.05,0.013825487035016218,0.013825487035016218,True,0.013825487035016218,-50.20525556818661,0,2.0650763511657715
tcn_transformer_ae,176,1000,0.022608565166592598,0.013628517277538776,9,9,5,0.013825487035016218,0.013825487035016218,-50.20525556818661,0,0.0003,/home/danderety/Documents/GitHub/TCN_Transformer_anomaly_analizer/outputs/lo2/models/tcn_transformer_ae_seed43_best.pt,real_val_plus_val_synthetic,,,,,,,,,,,False,,,False,False,True,False,False,0.05,0.013628517277538776,0.013628517277538776,True,0.013628517277538776,-50.20525556818661,0,0.6111531257629395
tcn_transformer_ae,177,1000,0.02228163244823615,0.013443085675438246,9,9,5,0.013628517277538776,0.013628517277538776,-50.20525556818661,0,0.0003,/home/danderety/Documents/GitHub/TCN_Transformer_anomaly_analizer/outputs/lo2/models/tcn_transformer_ae_seed43_best.pt,real_val_plus_val_synthetic,,,,,,,,,,,False,,,False,False,True,False,False,0.05,0.013443085675438246,0.013443085675438246,True,0.013443085675438246,-50.20525556818661,0,0.6179132461547852
tcn_transformer_ae,178,1000,0.022161683688561123,0.013259373915692171,9,9,5,0.013443085675438246,0.013443085675438246,-50.20525556818661,0,0.0003,/home/danderety/Documents/GitHub/TCN_Transformer_anomaly_analizer/outputs/lo2/models/tcn_transformer_ae_seed43_best.pt,real_val_plus_val_synthetic,,,,,,,,,,,False,,,False,False,True,False,False,0.05,0.013259373915692171,0.013259373915692171,True,0.013259373915692171,-50.20525556818661,0,0.6717498302459717
tcn_transformer_ae,179,1000,0.021896637976169586,0.013079616551597914,9,9,5,0.013259373915692171,0.013259373915692171,-50.20525556818661,0,0.0003,/home/danderety/Documents/GitHub/TCN_Transformer_anomaly_analizer/outputs/lo2/models/tcn_transformer_ae_seed43_best.pt,real_val_plus_val_synthetic,,,,,,,,,,,False,,,False,False,True,False,False,0.05,0.013079616551597914,0.013079616551597914,True,0.013079616551597914,-50.20525556818661,0,1.4545345306396484
tcn_transformer_ae,180,1000,0.021495626618464787,0.012903218468030294,9,9,5,0.013079616551597914,0.013079616551597914,-50.20525556818661,0,0.0003,/home/danderety/Documents/GitHub/TCN_Transformer_anomaly_analizer/outputs/lo2/models/tcn_transformer_ae_seed43_best.pt,real_val_plus_val_synthetic,0.7192982456140351,0.47126436781609193,0.5694444444444444,16.0,46.0,2.9244372725486745,2.9244372725486745,-0.8109539151191713,False,quantile,True,2.941840887069701,-50.20525556818661,False,True,True,False,False,0.05,0.012903218468030294,0.012903218468030294,True,0.012903218468030294,-50.20525556818661,0,2.1167049407958984
tcn_transformer_ae,181,1000,0.021308872227867443,0.012730369654794535,9,9,5,0.012903218468030294,0.012903218468030294,-50.20525556818661,0,0.0003,/home/danderety/Documents/GitHub/TCN_Transformer_anomaly_analizer/outputs/lo2/models/tcn_transformer_ae_seed43_best.pt,real_val_plus_val_synthetic,,,,,,,,,,,False,,,False,False,True,False,False,0.05,0.012730369654794535,0.012730369654794535,True,0.012730369654794535,-50.20525556818661,0,0.6860978603363037
tcn_transformer_ae,182,1000,0.021078745524088543,0.012564033580323061,9,9,5,0.012730369654794535,0.012730369654794535,-50.20525556818661,0,0.0003,/home/danderety/Documents/GitHub/TCN_Transformer_anomaly_analizer/outputs/lo2/models/tcn_transformer_ae_seed43_best.pt,real_val_plus_val_synthetic,,,,,,,,,,,False,,,False,False,True,False,False,0.05,0.012564033580323061,0.012564033580323061,True,0.012564033580323061,-50.20525556818661,0,2.5498878955841064
tcn_transformer_ae,183,1000,0.020810915778080624,0.012403564527630806,9,9,5,0.012564033580323061,0.012564033580323061,-50.20525556818661,0,0.0003,/home/danderety/Documents/GitHub/TCN_Transformer_anomaly_analizer/outputs/lo2/models/tcn_transformer_ae_seed43_best.pt,real_val_plus_val_synthetic,,,,,,,,,,,False,,,False,False,True,False,False,0.05,0.012403564527630806,0.012403564527630806,True,0.012403564527630806,-50.20525556818661,0,1.1281917095184326
tcn_transformer_ae,184,1000,0.020553410053253174,0.012241042529543241,9,9,5,0.012403564527630806,0.012403564527630806,-50.20525556818661,0,0.0003,/home/danderety/Documents/GitHub/TCN_Transformer_anomaly_analizer/outputs/lo2/models/tcn_transformer_ae_seed43_best.pt,real_val_plus_val_synthetic,,,,,,,,,,,False,,,False,False,True,False,False,0.05,0.012241042529543241,0.012241042529543241,True,0.012241042529543241,-50.20525556818661,0,0.9583287239074707
tcn_transformer_ae,185,1000,0.020297879353165627,0.012078124098479748,9,9,5,0.012241042529543241,0.012241042529543241,-50.20525556818661,0,0.0003,/home/danderety/Documents/GitHub/TCN_Transformer_anomaly_analizer/outputs/lo2/models/tcn_transformer_ae_seed43_best.pt,real_val_plus_val_synthetic,0.7321428571428571,0.47126436781609193,0.5734265734265734,15.0,46.0,2.8843160867691027,2.8843160867691027,-0.8166902065277101,False,quantile,True,2.9244372725486745,-50.19761043554147,True,True,True,True,True,0.05,0.012078124098479748,0.012078124098479748,True,0.012078124098479748,-50.19761043554147,0,2.0744214057922363
tcn_transformer_ae,186,1000,0.02003381649653117,0.011922292100886503,9,9,5,0.012078124098479748,0.012078124098479748,-50.19761043554147,0,0.0003,/home/danderety/Documents/GitHub/TCN_Transformer_anomaly_analizer/outputs/lo2/models/tcn_transformer_ae_seed43_best.pt,real_val_plus_val_synthetic,,,,,,,,,,,False,,,False,False,True,False,False,0.05,0.011922292100886503,0.011922292100886503,True,0.011922292100886503,-50.19761043554147,0,0.9443149566650391
tcn_transformer_ae,187,1000,0.01976076513528824,0.011770610697567463,9,9,5,0.011922292100886503,0.011922292100886503,-50.19761043554147,0,0.0003,/home/danderety/Documents/GitHub/TCN_Transformer_anomaly_analizer/outputs/lo2/models/tcn_transformer_ae_seed43_best.pt,real_val_plus_val_synthetic,,,,,,,,,,,False,,,False,False,True,False,False,0.05,0.011770610697567463,0.011770610697567463,True,0.011770610697567463,-50.19761043554147,0,2.585521697998047
tcn_transformer_ae,188,1000,0.019508713235457737,0.011623863130807877,9,9,5,0.011770610697567463,0.011770610697567463,-50.19761043554147,0,0.0003,/home/danderety/Documents/GitHub/TCN_Transformer_anomaly_analizer/outputs/lo2/models/tcn_transformer_ae_seed43_best.pt,real_val_plus_val_synthetic,,,,,,,,,,,False,,,False,False,True,False,False,0.05,0.011623863130807877,0.011623863130807877,True,0.011623863130807877,-50.19761043554147,0,0.6207540035247803
tcn_transformer_ae,189,1000,0.019209344560901325,0.011478783252338568,9,9,5,0.011623863130807877,0.011623863130807877,-50.19761043554147,0,0.0003,/home/danderety/Documents/GitHub/TCN_Transformer_anomaly_analizer/outputs/lo2/models/tcn_transformer_ae_seed43_best.pt,real_val_plus_val_synthetic,,,,,,,,,,,False,,,False,False,True,False,False,0.05,0.011478783252338568,0.011478783252338568,True,0.011478783252338568,-50.19761043554147,0,0.6098554134368896
tcn_transformer_ae,190,1000,0.0189498874048392,0.011337029126783213,9,9,5,0.011478783252338568,0.011478783252338568,-50.19761043554147,0,0.0003,/home/danderety/Documents/GitHub/TCN_Transformer_anomaly_analizer/outputs/lo2/models/tcn_transformer_ae_seed43_best.pt,real_val_plus_val_synthetic,0.7321428571428571,0.47126436781609193,0.5734265734265734,15.0,46.0,2.850539994239805,2.850539994239805,-0.817569673061371,False,quantile,True,2.8843160867691027,-50.19761043554147,False,True,True,False,False,0.05,0.011337029126783213,0.011337029126783213,True,0.011337029126783213,-50.19761043554147,0,2.1459882259368896
tcn_transformer_ae,191,1000,0.018844577794273693,0.011199295210341612,9,9,5,0.011337029126783213,0.011337029126783213,-50.19761043554147,0,0.0003,/home/danderety/Documents/GitHub/TCN_Transformer_anomaly_analizer/outputs/lo2/models/tcn_transformer_ae_seed43_best.pt,real_val_plus_val_synthetic,,,,,,,,,,,False,,,False,False,True,False,False,0.05,0.011199295210341612,0.011199295210341612,True,0.011199295210341612,-50.19761043554147,0,1.7819740772247314
tcn_transformer_ae,192,1000,0.018549559637904167,0.011062680433193842,9,9,5,0.011199295210341612,0.011199295210341612,-50.19761043554147,0,0.0003,/home/danderety/Documents/GitHub/TCN_Transformer_anomaly_analizer/outputs/lo2/models/tcn_transformer_ae_seed43_best.pt,real_val_plus_val_synthetic,,,,,,,,,,,False,,,False,False,True,False,False,0.05,0.011062680433193842,0.011062680433193842,True,0.011062680433193842,-50.19761043554147,0,1.2879066467285156
tcn_transformer_ae,193,1000,0.018434862916668255,0.010931273301442465,9,9,5,0.011062680433193842,0.011062680433193842,-50.19761043554147,0,0.0003,/home/danderety/Documents/GitHub/TCN_Transformer_anomaly_analizer/outputs/lo2/models/tcn_transformer_ae_seed43_best.pt,real_val_plus_val_synthetic,,,,,,,,,,,False,,,False,False,True,False,False,0.05,0.010931273301442465,0.010931273301442465,True,0.010931273301442465,-50.19761043554147,0,1.3493740558624268
tcn_transformer_ae,194,1000,0.018137532596786816,0.010801270914574465,9,9,5,0.010931273301442465,0.010931273301442465,-50.19761043554147,0,0.0003,/home/danderety/Documents/GitHub/TCN_Transformer_anomaly_analizer/outputs/lo2/models/tcn_transformer_ae_seed43_best.pt,real_val_plus_val_synthetic,,,,,,,,,,,False,,,False,False,True,False,False,0.05,0.010801270914574465,0.010801270914574465,True,0.010801270914574465,-50.19761043554147,0,1.5855963230133057
tcn_transformer_ae,195,1000,0.01797139272093773,0.01067587174475193,9,9,5,0.010801270914574465,0.010801270914574465,-50.19761043554147,0,0.0003,/home/danderety/Documents/GitHub/TCN_Transformer_anomaly_analizer/outputs/lo2/models/tcn_transformer_ae_seed43_best.pt,real_val_plus_val_synthetic,0.7321428571428571,0.47126436781609193,0.5734265734265734,15.0,46.0,2.8427875041961643,2.8427875041961643,-0.8133466839790345,False,quantile,True,2.850539994239805,-50.19761043554147,False,True,True,False,False,0.05,0.01067587174475193,0.01067587174475193,True,0.01067587174475193,-50.19761043554147,0,2.1047093868255615
tcn_transformer_ae,196,1000,0.017808017631371815,0.010549284828205904,9,9,5,0.01067587174475193,0.01067587174475193,-50.19761043554147,0,0.0003,/home/danderety/Documents/GitHub/TCN_Transformer_anomaly_analizer/outputs/lo2/models/tcn_transformer_ae_seed43_best.pt,real_val_plus_val_synthetic,,,,,,,,,,,False,,,False,False,True,False,False,0.05,0.010549284828205904,0.010549284828205904,True,0.010549284828205904,-50.19761043554147,0,2.7939131259918213
tcn_transformer_ae,197,1000,0.017581330612301826,0.010426588356494904,9,9,5,0.010549284828205904,0.010549284828205904,-50.19761043554147,0,0.0003,/home/danderety/Documents/GitHub/TCN_Transformer_anomaly_analizer/outputs/lo2/models/tcn_transformer_ae_seed43_best.pt,real_val_plus_val_synthetic,,,,,,,,,,,False,,,False,False,True,False,False,0.05,0.010426588356494904,0.010426588356494904,True,0.010426588356494904,-50.19761043554147,0,0.7168591022491455
tcn_transformer_ae,198,1000,0.017396392300724983,0.010304786264896393,9,9,5,0.010426588356494904,0.010426588356494904,-50.19761043554147,0,0.0003,/home/danderety/Documents/GitHub/TCN_Transformer_anomaly_analizer/outputs/lo2/models/tcn_transformer_ae_seed43_best.pt,real_val_plus_val_synthetic,,,,,,,,,,,False,,,False,False,True,False,False,0.05,0.010304786264896393,0.010304786264896393,True,0.010304786264896393,-50.19761043554147,0,1.248790979385376
tcn_transformer_ae,199,1000,0.01719547001024087,0.010185219968358675,9,9,5,0.010304786264896393,0.010304786264896393,-50.19761043554147,0,0.0003,/home/danderety/Documents/GitHub/TCN_Transformer_anomaly_analizer/outputs/lo2/models/tcn_transformer_ae_seed43_best.pt,real_val_plus_val_synthetic,,,,,,,,,,,False,,,False,False,True,False,False,0.05,0.010185219968358675,0.010185219968358675,True,0.010185219968358675,-50.19761043554147,0,2.937714099884033
tcn_transformer_ae,200,1000,0.016988450661301613,0.01007035126288732,9,9,5,0.010185219968358675,0.010185219968358675,-50.19761043554147,0,0.0003,/home/danderety/Documents/GitHub/TCN_Transformer_anomaly_analizer/outputs/lo2/models/tcn_transformer_ae_seed43_best.pt,real_val_plus_val_synthetic,0.7321428571428571,0.47126436781609193,0.5734265734265734,15.0,46.0,2.8319600701332077,2.8319600701332077,-0.8142618536949159,False,quantile,True,2.8427875041961643,-50.19761043554147,False,True,True,False,False,0.05,0.01007035126288732,0.01007035126288732,True,0.01007035126288732,-50.19761043554147,0,2.4126031398773193
tcn_transformer_ae,201,1000,0.016724002237121265,0.009957397046188513,9,9,5,0.01007035126288732,0.01007035126288732,-50.19761043554147,0,0.0003,/home/danderety/Documents/GitHub/TCN_Transformer_anomaly_analizer/outputs/lo2/models/tcn_transformer_ae_seed43_best.pt,real_val_plus_val_synthetic,,,,,,,,,,,False,,,False,False,True,False,False,0.05,0.009957397046188513,0.009957397046188513,True,0.009957397046188513,-50.19761043554147,0,1.0894708633422852
tcn_transformer_ae,202,1000,0.01660750061273575,0.0098470039665699,9,9,5,0.009957397046188513,0.009957397046188513,-50.19761043554147,0,0.0003,/home/danderety/Documents/GitHub/TCN_Transformer_anomaly_analizer/outputs/lo2/models/tcn_transformer_ae_seed43_best.pt,real_val_plus_val_synthetic,,,,,,,,,,,False,,,False,False,True,False,False,0.05,0.0098470039665699,0.0098470039665699,True,0.0098470039665699,-50.19761043554147,0,2.562704563140869
tcn_transformer_ae,203,1000,0.016465187693635624,0.009737536621590456,9,9,5,0.0098470039665699,0.0098470039665699,-50.19761043554147,0,0.0003,/home/danderety/Documents/GitHub/TCN_Transformer_anomaly_analizer/outputs/lo2/models/tcn_transformer_ae_seed43_best.pt,real_val_plus_val_synthetic,,,,,,,,,,,False,,,False,False,True,False,False,0.05,0.009737536621590456,0.009737536621590456,True,0.009737536621590456,-50.19761043554147,0,1.8240742683410645
tcn_transformer_ae,204,1000,0.01629936322569847,0.009630941475431124,9,9,5,0.009737536621590456,0.009737536621590456,-50.19761043554147,0,0.0003,/home/danderety/Documents/GitHub/TCN_Transformer_anomaly_analizer/outputs/lo2/models/tcn_transformer_ae_seed43_best.pt,real_val_plus_val_synthetic,,,,,,,,,,,False,,,False,False,True,False,False,0.05,0.009630941475431124,0.009630941475431124,True,0.009630941475431124,-50.19761043554147,0,0.6947054862976074
tcn_transformer_ae,205,1000,0.016146790236234665,0.009526418522000313,9,9,5,0.009630941475431124,0.009630941475431124,-50.19761043554147,0,0.0003,/home/danderety/Documents/GitHub/TCN_Transformer_anomaly_analizer/outputs/lo2/models/tcn_transformer_ae_seed43_best.pt,real_val_plus_val_synthetic,0.7321428571428571,0.47126436781609193,0.5734265734265734,15.0,46.0,2.8186474561691277,2.8186474561691277,-0.8183464407920839,False,quantile,True,2.8319600701332077,-50.19761043554147,False,True,True,False,False,0.05,0.009526418522000313,0.009526418522000313,True,0.009526418522000313,-50.19761043554147,0,2.1357784271240234
tcn_transformer_ae,206,1000,0.015990872867405415,0.00942433811724186,9,9,5,0.009526418522000313,0.009526418522000313,-50.19761043554147,0,0.0003,/home/danderety/Documents/GitHub/TCN_Transformer_anomaly_analizer/outputs/lo2/models/tcn_transformer_ae_seed43_best.pt,real_val_plus_val_synthetic,,,,,,,,,,,False,,,False,False,True,False,False,0.05,0.00942433811724186,0.00942433811724186,True,0.00942433811724186,-50.19761043554147,0,1.758749008178711
tcn_transformer_ae,207,1000,0.015713708475232124,0.009322108390430609,9,9,5,0.00942433811724186,0.00942433811724186,-50.19761043554147,0,0.0003,/home/danderety/Documents/GitHub/TCN_Transformer_anomaly_analizer/outputs/lo2/models/tcn_transformer_ae_seed43_best.pt,real_val_plus_val_synthetic,,,,,,,,,,,False,,,False,False,True,False,False,0.05,0.009322108390430609,0.009322108390430609,True,0.009322108390430609,-50.19761043554147,0,2.460535764694214
tcn_transformer_ae,208,1000,0.015688930948575337,0.009220387786626816,9,9,5,0.009322108390430609,0.009322108390430609,-50.19761043554147,0,0.0003,/home/danderety/Documents/GitHub/TCN_Transformer_anomaly_analizer/outputs/lo2/models/tcn_transformer_ae_seed43_best.pt,real_val_plus_val_synthetic,,,,,,,,,,,False,,,False,False,True,False,False,0.05,0.009220387786626816,0.009220387786626816,True,0.009220387786626816,-50.19761043554147,0,0.6764278411865234
tcn_transformer_ae,209,1000,0.015492421885331472,0.009121628167728582,9,9,5,0.009220387786626816,0.009220387786626816,-50.19761043554147,0,0.0003,/home/danderety/Documents/GitHub/TCN_Transformer_anomaly_analizer/outputs/lo2/models/tcn_transformer_ae_seed43_best.pt,real_val_plus_val_synthetic,,,,,,,,,,,False,,,False,False,True,False,False,0.05,0.009121628167728582,0.009121628167728582,True,0.009121628167728582,-50.19761043554147,0,2.4586236476898193
tcn_transformer_ae,210,1000,0.01527443869660298,0.009026133144895235,9,9,5,0.009121628167728582,0.009121628167728582,-50.19761043554147,0,0.0003,/home/danderety/Documents/GitHub/TCN_Transformer_anomaly_analizer/outputs/lo2/models/tcn_transformer_ae_seed43_best.pt,real_val_plus_val_synthetic,0.7321428571428571,0.47126436781609193,0.5734265734265734,15.0,46.0,2.7359502673149088,2.7359502673149088,-0.8224145770072938,False,quantile,True,2.8186474561691277,-50.19761043554147,False,True,True,False,False,0.05,0.009026133144895235,0.009026133144895235,True,0.009026133144895235,-50.19761043554147,0,2.1375365257263184
tcn_transformer_ae,211,1000,0.015101715922355652,0.008931655436754227,9,9,5,0.009026133144895235,0.009026133144895235,-50.19761043554147,0,0.0003,/home/danderety/Documents/GitHub/TCN_Transformer_anomaly_analizer/outputs/lo2/models/tcn_transformer_ae_seed43_best.pt,real_val_plus_val_synthetic,,,,,,,,,,,False,,,False,False,True,False,False,0.05,0.008931655436754227,0.008931655436754227,True,0.008931655436754227,-50.19761043554147,0,0.7000710964202881
tcn_transformer_ae,212,1000,0.015005860477685928,0.00883632463713487,9,9,5,0.008931655436754227,0.008931655436754227,-50.19761043554147,0,0.0003,/home/danderety/Documents/GitHub/TCN_Transformer_anomaly_analizer/outputs/lo2/models/tcn_transformer_ae_seed43_best.pt,real_val_plus_val_synthetic,,,,,,,,,,,False,,,False,False,True,False,False,0.05,0.00883632463713487,0.00883632463713487,True,0.00883632463713487,-50.19761043554147,0,2.8528757095336914
tcn_transformer_ae,213,1000,0.014858621793488661,0.008743662387132645,9,9,5,0.00883632463713487,0.00883632463713487,-50.19761043554147,0,0.0003,/home/danderety/Documents/GitHub/TCN_Transformer_anomaly_analizer/outputs/lo2/models/tcn_transformer_ae_seed43_best.pt,real_val_plus_val_synthetic,,,,,,,,,,,False,,,False,False,True,False,False,0.05,0.008743662387132645,0.008743662387132645,True,0.008743662387132645,-50.19761043554147,0,0.6155381202697754
tcn_transformer_ae,214,1000,0.014674161560833454,0.008653755920628706,9,9,5,0.008743662387132645,0.008743662387132645,-50.19761043554147,0,0.0003,/home/danderety/Documents/GitHub/TCN_Transformer_anomaly_analizer/outputs/lo2/models/tcn_transformer_ae_seed43_best.pt,real_val_plus_val_synthetic,,,,,,,,,,,False,,,False,False,True,False,False,0.05,0.008653755920628706,0.008653755920628706,True,0.008653755920628706,-50.19761043554147,0,0.6134073734283447
tcn_transformer_ae,215,1000,0.014520348670581976,0.008565759907166163,9,9,5,0.008653755920628706,0.008653755920628706,-50.19761043554147,0,0.0003,/home/danderety/Documents/GitHub/TCN_Transformer_anomaly_analizer/outputs/lo2/models/tcn_transformer_ae_seed43_best.pt,real_val_plus_val_synthetic,0.7321428571428571,0.47126436781609193,0.5734265734265734,15.0,46.0,2.7109932184219336,2.7109932184219336,-0.8234382867813111,False,quantile,True,2.7359502673149088,-50.19761043554147,False,True,True,False,False,0.05,0.008565759907166163,0.008565759907166163,True,0.008565759907166163,-50.19761043554147,0,2.081009864807129
tcn_transformer_ae,216,1000,0.014381452463567257,0.008478725949923197,9,9,5,0.008565759907166163,0.008565759907166163,-50.19761043554147,0,0.0003,/home/danderety/Documents/GitHub/TCN_Transformer_anomaly_analizer/outputs/lo2/models/tcn_transformer_ae_seed43_best.pt,real_val_plus_val_synthetic,,,,,,,,,,,False,,,False,False,True,False,False,0.05,0.008478725949923197,0.008478725949923197,True,0.008478725949923197,-50.19761043554147,0,0.9026439189910889
tcn_transformer_ae,217,1000,0.014237409768005213,0.008393170622487863,9,9,5,0.008478725949923197,0.008478725949923197,-50.19761043554147,0,0.0003,/home/danderety/Documents/GitHub/TCN_Transformer_anomaly_analizer/outputs/lo2/models/tcn_transformer_ae_seed43_best.pt,real_val_plus_val_synthetic,,,,,,,,,,,False,,,False,False,True,False,False,0.05,0.008393170622487863,0.008393170622487863,True,0.008393170622487863,-50.19761043554147,0,1.2958791255950928
tcn_transformer_ae,218,1000,0.014090258628129959,0.008309810732801756,9,9,5,0.008393170622487863,0.008393170622487863,-50.19761043554147,0,0.0003,/home/danderety/Documents/GitHub/TCN_Transformer_anomaly_analizer/outputs/lo2/models/tcn_transformer_ae_seed43_best.pt,real_val_plus_val_synthetic,,,,,,,,,,,False,,,False,False,True,False,False,0.05,0.008309810732801756,0.008309810732801756,True,0.008309810732801756,-50.19761043554147,0,1.8940150737762451
tcn_transformer_ae,219,1000,0.014005195659895739,0.008229546248912811,9,9,5,0.008309810732801756,0.008309810732801756,-50.19761043554147,0,0.0003,/home/danderety/Documents/GitHub/TCN_Transformer_anomaly_analizer/outputs/lo2/models/tcn_transformer_ae_seed43_best.pt,real_val_plus_val_synthetic,,,,,,,,,,,False,,,False,False,True,False,False,0.05,0.008229546248912811,0.008229546248912811,True,0.008229546248912811,-50.19761043554147,0,1.2061870098114014
tcn_transformer_ae,220,1000,0.013879220932722092,0.008150449953973293,9,9,5,0.008229546248912811,0.008229546248912811,-50.19761043554147,0,0.0003,/home/danderety/Documents/GitHub/TCN_Transformer_anomaly_analizer/outputs/lo2/models/tcn_transformer_ae_seed43_best.pt,real_val_plus_val_synthetic,0.7368421052631579,0.4827586206896552,0.5833333333333334,15.0,45.0,2.665359663963315,2.665359663963315,-0.828471601009369,False,quantile,True,2.7109932184219336,-49.06126689402551,True,True,True,True,True,0.05,0.008150449953973293,0.008150449953973293,True,0.008150449953973293,-49.06126689402551,0,2.1299524307250977
tcn_transformer_ae,221,1000,0.013772987139721712,0.008071056256691614,9,9,5,0.008150449953973293,0.008150449953973293,-49.06126689402551,0,0.0003,/home/danderety/Documents/GitHub/TCN_Transformer_anomaly_analizer/outputs/lo2/models/tcn_transformer_ae_seed43_best.pt,real_val_plus_val_synthetic,,,,,,,,,,,False,,,False,False,True,False,False,0.05,0.008071056256691614,0.008071056256691614,True,0.008071056256691614,-49.06126689402551,0,2.321580171585083
tcn_transformer_ae,222,1000,0.013537993344167868,0.007990809623152018,9,9,5,0.008071056256691614,0.008071056256691614,-49.06126689402551,0,0.0003,/home/danderety/Documents/GitHub/TCN_Transformer_anomaly_analizer/outputs/lo2/models/tcn_transformer_ae_seed43_best.pt,real_val_plus_val_synthetic,,,,,,,,,,,False,,,False,False,True,False,False,0.05,0.007990809623152018,0.007990809623152018,True,0.007990809623152018,-49.06126689402551,0,2.209228754043579
tcn_transformer_ae,223,1000,0.013538208790123463,0.007911435017983118,9,9,5,0.007990809623152018,0.007990809623152018,-49.06126689402551,0,0.0003,/home/danderety/Documents/GitHub/TCN_Transformer_anomaly_analizer/outputs/lo2/models/tcn_transformer_ae_seed43_best.pt,real_val_plus_val_synthetic,,,,,,,,,,,False,,,False,False,True,False,False,0.05,0.007911435017983118,0.007911435017983118,True,0.007911435017983118,-49.06126689402551,0,0.7019257545471191
tcn_transformer_ae,224,1000,0.013255510789652666,0.00783323822543025,9,9,5,0.007911435017983118,0.007911435017983118,-49.06126689402551,0,0.0003,/home/danderety/Documents/GitHub/TCN_Transformer_anomaly_analizer/outputs/lo2/models/tcn_transformer_ae_seed43_best.pt,real_val_plus_val_synthetic,,,,,,,,,,,False,,,False,False,True,False,False,0.05,0.00783323822543025,0.00783323822543025,True,0.00783323822543025,-49.06126689402551,0,2.5128085613250732
tcn_transformer_ae,225,1000,0.013309493971367678,0.007758514645198981,9,9,5,0.00783323822543025,0.00783323822543025,-49.06126689402551,0,0.0003,/home/danderety/Documents/GitHub/TCN_Transformer_anomaly_analizer/outputs/lo2/models/tcn_transformer_ae_seed43_best.pt,real_val_plus_val_synthetic,0.7413793103448276,0.4942528735632184,0.593103448275862,15.0,44.0,2.6102272510528537,2.6102272510528537,-0.8261180520057679,False,quantile,True,2.665359663963315,-47.925059997473795,True,True,True,True,True,0.05,0.007758514645198981,0.007758514645198981,True,0.007758514645198981,-47.925059997473795,0,2.083608627319336
tcn_transformer_ae,226,1000,0.013078398381670317,0.007682523379723231,9,9,5,0.007758514645198981,0.007758514645198981,-47.925059997473795,0,0.0003,/home/danderety/Documents/GitHub/TCN_Transformer_anomaly_analizer/outputs/lo2/models/tcn_transformer_ae_seed43_best.pt,real_val_plus_val_synthetic,,,,,,,,,,,False,,,False,False,True,False,False,0.05,0.007682523379723231,0.007682523379723231,True,0.007682523379723231,-47.925059997473795,0,0.6860060691833496
tcn_transformer_ae,227,1000,0.012974845245480537,0.007608948120226462,9,9,5,0.007682523379723231,0.007682523379723231,-47.925059997473795,0,0.0003,/home/danderety/Documents/GitHub/TCN_Transformer_anomaly_analizer/outputs/lo2/models/tcn_transformer_ae_seed43_best.pt,real_val_plus_val_synthetic,,,,,,,,,,,False,,,False,False,True,False,False,0.05,0.007608948120226462,0.007608948120226462,True,0.007608948120226462,-47.925059997473795,0,2.497018814086914
tcn_transformer_ae,228,1000,0.012853863649070263,0.0075370810615519685,9,9,5,0.007608948120226462,0.007608948120226462,-47.925059997473795,0,0.0003,/home/danderety/Documents/GitHub/TCN_Transformer_anomaly_analizer/outputs/lo2/models/tcn_transformer_ae_seed43_best.pt,real_val_plus_val_synthetic,,,,,,,,,,,False,,,False,False,True,False,False,0.05,0.0075370810615519685,0.0075370810615519685,True,0.0075370810615519685,-47.925059997473795,0,0.6254489421844482
tcn_transformer_ae,229,1000,0.012771356229980787,0.0074669551104307175,9,9,5,0.0075370810615519685,0.0075370810615519685,-47.925059997473795,0,0.0003,/home/danderety/Documents/GitHub/TCN_Transformer_anomaly_analizer/outputs/lo2/models/tcn_transformer_ae_seed43_best.pt,real_val_plus_val_synthetic,,,,,,,,,,,False,,,False,False,True,False,False,0.05,0.0074669551104307175,0.0074669551104307175,True,0.0074669551104307175,-47.925059997473795,0,1.3928260803222656
tcn_transformer_ae,230,1000,0.012651039908329645,0.007397213329871495,9,9,5,0.0074669551104307175,0.0074669551104307175,-47.925059997473795,0,0.0003,/home/danderety/Documents/GitHub/TCN_Transformer_anomaly_analizer/outputs/lo2/models/tcn_transformer_ae_seed43_best.pt,real_val_plus_val_synthetic,0.7413793103448276,0.4942528735632184,0.593103448275862,15.0,44.0,2.5782692551612834,2.5782692551612834,-0.8285044431686402,False,quantile,True,2.6102272510528537,-47.925059997473795,False,True,True,False,False,0.05,0.007397213329871495,0.007397213329871495,True,0.007397213329871495,-47.925059997473795,0,2.129666566848755
tcn_transformer_ae,231,1000,0.012550341275831064,0.007327843923121691,9,9,5,0.007397213329871495,0.007397213329871495,-47.925059997473795,0,0.0003,/home/danderety/Documents/GitHub/TCN_Transformer_anomaly_analizer/outputs/lo2/models/tcn_transformer_ae_seed43_best.pt,real_val_plus_val_synthetic,,,,,,,,,,,False,,,False,False,True,False,False,0.05,0.007327843923121691,0.007327843923121691,True,0.007327843923121691,-47.925059997473795,0,2.5000369548797607
tcn_transformer_ae,232,1000,0.012328843586146832,0.007260733594497045,9,9,5,0.007327843923121691,0.007327843923121691,-47.925059997473795,0,0.0003,/home/danderety/Documents/GitHub/TCN_Transformer_anomaly_analizer/outputs/lo2/models/tcn_transformer_ae_seed43_best.pt,real_val_plus_val_synthetic,,,,,,,,,,,False,,,False,False,True,False,False,0.05,0.007260733594497045,0.007260733594497045,True,0.007260733594497045,-47.925059997473795,0,0.6791422367095947
tcn_transformer_ae,233,1000,0.012300271540880203,0.007195948778341214,9,9,5,0.007260733594497045,0.007260733594497045,-47.925059997473795,0,0.0003,/home/danderety/Documents/GitHub/TCN_Transformer_anomaly_analizer/outputs/lo2/models/tcn_transformer_ae_seed43_best.pt,real_val_plus_val_synthetic,,,,,,,,,,,False,,,False,False,True,False,False,0.05,0.007195948778341214,0.007195948778341214,True,0.007195948778341214,-47.925059997473795,0,1.5240201950073242
tcn_transformer_ae,234,1000,0.012220731936395168,0.00713111258422335,9,9,5,0.007195948778341214,0.007195948778341214,-47.925059997473795,0,0.0003,/home/danderety/Documents/GitHub/TCN_Transformer_anomaly_analizer/outputs/lo2/models/tcn_transformer_ae_seed43_best.pt,real_val_plus_val_synthetic,,,,,,,,,,,False,,,False,False,True,False,False,0.05,0.00713111258422335,0.00713111258422335,True,0.00713111258422335,-47.925059997473795,0,0.7467453479766846
tcn_transformer_ae,235,1000,0.01209209393709898,0.007065900756667058,9,9,5,0.00713111258422335,0.00713111258422335,-47.925059997473795,0,0.0003,/home/danderety/Documents/GitHub/TCN_Transformer_anomaly_analizer/outputs/lo2/models/tcn_transformer_ae_seed43_best.pt,real_val_plus_val_synthetic,0.7413793103448276,0.4942528735632184,0.593103448275862,15.0,44.0,2.55350077152252,2.55350077152252,-0.8225373625755311,False,quantile,True,2.5782692551612834,-47.925059997473795,False,True,True,False,False,0.05,0.007065900756667058,0.007065900756667058,True,0.007065900756667058,-47.925059997473795,0,2.746469736099243
tcn_transformer_ae,236,1000,0.011971069810291132,0.007001733407378197,9,9,5,0.007065900756667058,0.007065900756667058,-47.925059997473795,0,0.0003,/home/danderety/Documents/GitHub/TCN_Transformer_anomaly_analizer/outputs/lo2/models/tcn_transformer_ae_seed43_best.pt,real_val_plus_val_synthetic,,,,,,,,,,,False,,,False,False,True,False,False,0.05,0.007001733407378197,0.007001733407378197,True,0.007001733407378197,-47.925059997473795,0,0.6893725395202637
tcn_transformer_ae,237,1000,0.011890892560283342,0.006938885586957137,9,9,5,0.007001733407378197,0.007001733407378197,-47.925059997473795,0,0.0003,/home/danderety/Documents/GitHub/TCN_Transformer_anomaly_analizer/outputs/lo2/models/tcn_transformer_ae_seed43_best.pt,real_val_plus_val_synthetic,,,,,,,,,,,False,,,False,False,True,False,False,0.05,0.006938885586957137,0.006938885586957137,True,0.006938885586957137,-47.925059997473795,0,2.4742836952209473
tcn_transformer_ae,238,1000,0.01179130251208941,0.00687711142624418,9,9,5,0.006938885586957137,0.006938885586957137,-47.925059997473795,0,0.0003,/home/danderety/Documents/GitHub/TCN_Transformer_anomaly_analizer/outputs/lo2/models/tcn_transformer_ae_seed43_best.pt,real_val_plus_val_synthetic,,,,,,,,,,,False,,,False,False,True,False,False,0.05,0.00687711142624418,0.00687711142624418,True,0.00687711142624418,-47.925059997473795,0,0.6210293769836426
tcn_transformer_ae,239,1000,0.01169930367420117,0.006815050883839528,9,9,5,0.00687711142624418,0.00687711142624418,-47.925059997473795,0,0.0003,/home/danderety/Documents/GitHub/TCN_Transformer_anomaly_analizer/outputs/lo2/models/tcn_transformer_ae_seed43_best.pt,real_val_plus_val_synthetic,,,,,,,,,,,False,,,False,False,True,False,False,0.05,0.006815050883839528,0.006815050883839528,True,0.006815050883839528,-47.925059997473795,0,0.6342253684997559
tcn_transformer_ae,240,1000,0.011538521386682987,0.006754337344318628,9,9,5,0.006815050883839528,0.006815050883839528,-47.925059997473795,0,0.0003,/home/danderety/Documents/GitHub/TCN_Transformer_anomaly_analizer/outputs/lo2/models/tcn_transformer_ae_seed43_best.pt,real_val_plus_val_synthetic,0.7413793103448276,0.4942528735632184,0.593103448275862,15.0,44.0,2.531967079639433,2.531967079639433,-0.8207126259803773,False,quantile,True,2.55350077152252,-47.925059997473795,False,True,True,False,False,0.05,0.006754337344318628,0.006754337344318628,True,0.006754337344318628,-47.925059997473795,0,2.0915238857269287
tcn_transformer_ae,241,1000,0.011500696962078413,0.006696477998048067,9,9,5,0.006754337344318628,0.006754337344318628,-47.925059997473795,0,0.0003,/home/danderety/Documents/GitHub/TCN_Transformer_anomaly_analizer/outputs/lo2/models/tcn_transformer_ae_seed43_best.pt,real_val_plus_val_synthetic,,,,,,,,,,,False,,,False,False,True,False,False,0.05,0.006696477998048067,0.006696477998048067,True,0.006696477998048067,-47.925059997473795,0,2.592390298843384
tcn_transformer_ae,242,1000,0.011366911232471466,0.0066391027842958765,9,9,5,0.006696477998048067,0.006696477998048067,-47.925059997473795,0,0.0003,/home/danderety/Documents/GitHub/TCN_Transformer_anomaly_analizer/outputs/lo2/models/tcn_transformer_ae_seed43_best.pt,real_val_plus_val_synthetic,,,,,,,,,,,False,,,False,False,True,False,False,0.05,0.0066391027842958765,0.0066391027842958765,True,0.0066391027842958765,-47.925059997473795,0,0.6312150955200195
tcn_transformer_ae,243,1000,0.011270067344109217,0.006581597961485386,9,9,5,0.0066391027842958765,0.0066391027842958765,-47.925059997473795,0,0.0003,/home/danderety/Documents/GitHub/TCN_Transformer_anomaly_analizer/outputs/lo2/models/tcn_transformer_ae_seed43_best.pt,real_val_plus_val_synthetic,,,,,,,,,,,False,,,False,False,True,False,False,0.05,0.006581597961485386,0.006581597961485386,True,0.006581597961485386,-47.925059997473795,0,0.611199140548706
tcn_transformer_ae,244,1000,0.0112646808847785,0.006523192549745242,9,9,5,0.006581597961485386,0.006581597961485386,-47.925059997473795,0,0.0003,/home/danderety/Documents/GitHub/TCN_Transformer_anomaly_analizer/outputs/lo2/models/tcn_transformer_ae_seed43_best.pt,real_val_plus_val_synthetic,,,,,,,,,,,False,,,False,False,True,False,False,0.05,0.006523192549745242,0.006523192549745242,True,0.006523192549745242,-47.925059997473795,0,0.6377711296081543
tcn_transformer_ae,245,1000,0.011088029171029726,0.006466584124912818,9,9,5,0.006523192549745242,0.006523192549745242,-47.925059997473795,0,0.0003,/home/danderety/Documents/GitHub/TCN_Transformer_anomaly_analizer/outputs/lo2/models/tcn_transformer_ae_seed43_best.pt,real_val_plus_val_synthetic,0.7413793103448276,0.4942528735632184,0.593103448275862,15.0,44.0,2.4960871100425703,2.4960871100425703,-0.8264911770820619,False,quantile,True,2.531967079639433,-47.925059997473795,False,True,True,False,False,0.05,0.006466584124912818,0.006466584124912818,True,0.006466584124912818,-47.925059997473795,0,2.1464736461639404
tcn_transformer_ae,246,1000,0.01106596893320481,0.006411344278603792,9,9,5,0.006466584124912818,0.006466584124912818,-47.925059997473795,0,0.0003,/home/danderety/Documents/GitHub/TCN_Transformer_anomaly_analizer/outputs/lo2/models/tcn_transformer_ae_seed43_best.pt,real_val_plus_val_synthetic,,,,,,,,,,,False,,,False,False,True,False,False,0.05,0.006411344278603792,0.006411344278603792,True,0.006411344278603792,-47.925059997473795,0,2.474907636642456
tcn_transformer_ae,247,1000,0.010920664916435877,0.0063577196560800076,9,9,5,0.006411344278603792,0.006411344278603792,-47.925059997473795,0,0.0003,/home/danderety/Documents/GitHub/TCN_Transformer_anomaly_analizer/outputs/lo2/models/tcn_transformer_ae_seed43_best.pt,real_val_plus_val_synthetic,,,,,,,,,,,False,,,False,False,True,False,False,0.05,0.0063577196560800076,0.0063577196560800076,True,0.0063577196560800076,-47.925059997473795,0,0.635413646697998
tcn_transformer_ae,248,1000,0.010823903294901053,0.0063044292231400805,9,9,5,0.0063577196560800076,0.0063577196560800076,-47.925059997473795,0,0.0003,/home/danderety/Documents/GitHub/TCN_Transformer_anomaly_analizer/outputs/lo2/models/tcn_transformer_ae_seed43_best.pt,real_val_plus_val_synthetic,,,,,,,,,,,False,,,False,False,True,False,False,0.05,0.0063044292231400805,0.0063044292231400805,True,0.0063044292231400805,-47.925059997473795,0,2.7429749965667725
tcn_transformer_ae,249,1000,0.010716250476737818,0.006251311705758174,9,9,5,0.0063044292231400805,0.0063044292231400805,-47.925059997473795,0,0.0003,/home/danderety/Documents/GitHub/TCN_Transformer_anomaly_analizer/outputs/lo2/models/tcn_transformer_ae_seed43_best.pt,real_val_plus_val_synthetic,,,,,,,,,,,False,,,False,False,True,False,False,0.05,0.006251311705758174,0.006251311705758174,True,0.006251311705758174,-47.925059997473795,0,0.6089351177215576
tcn_transformer_ae,250,1000,0.010691042058169842,0.006197967876990636,9,9,5,0.006251311705758174,0.006251311705758174,-47.925059997473795,0,0.0003,/home/danderety/Documents/GitHub/TCN_Transformer_anomaly_analizer/outputs/lo2/models/tcn_transformer_ae_seed43_best.pt,real_val_plus_val_synthetic,0.7413793103448276,0.4942528735632184,0.593103448275862,15.0,44.0,2.4716033935546853,2.4716033935546853,-0.834231197834015,False,quantile,True,2.4960871100425703,-47.925059997473795,False,True,True,False,False,0.05,0.006197967876990636,0.006197967876990636,True,0.006197967876990636,-47.925059997473795,0,2.191859006881714
tcn_transformer_ae,251,1000,0.010543649084866047,0.006146097090095282,9,9,5,0.006197967876990636,0.006197967876990636,-47.925059997473795,0,0.0003,/home/danderety/Documents/GitHub/TCN_Transformer_anomaly_analizer/outputs/lo2/models/tcn_transformer_ae_seed43_best.pt,real_val_plus_val_synthetic,,,,,,,,,,,False,,,False,False,True,False,False,0.05,0.006146097090095282,0.006146097090095282,True,0.006146097090095282,-47.925059997473795,0,2.5544991493225098
tcn_transformer_ae,252,1000,0.010465680932005247,0.006096303307761748,9,9,5,0.006146097090095282,0.006146097090095282,-47.925059997473795,0,0.0003,/home/danderety/Documents/GitHub/TCN_Transformer_anomaly_analizer/outputs/lo2/models/tcn_transformer_ae_seed43_best.pt,real_val_plus_val_synthetic,,,,,,,,,,,False,,,False,False,True,False,False,0.05,0.006096303307761748,0.006096303307761748,True,0.006096303307761748,-47.925059997473795,0,1.455629587173462
tcn_transformer_ae,253,1000,0.010408535599708557,0.006047617333630721,9,9,5,0.006096303307761748,0.006096303307761748,-47.925059997473795,0,0.0003,/home/danderety/Documents/GitHub/TCN_Transformer_anomaly_analizer/outputs/lo2/models/tcn_transformer_ae_seed43_best.pt,real_val_plus_val_synthetic,,,,,,,,,,,False,,,False,False,True,False,False,0.05,0.006047617333630721,0.006047617333630721,True,0.006047617333630721,-47.925059997473795,0,0.6088395118713379
tcn_transformer_ae,254,1000,0.010336748013893763,0.0059974730635682745,9,9,5,0.006047617333630721,0.006047617333630721,-47.925059997473795,0,0.0003,/home/danderety/Documents/GitHub/TCN_Transformer_anomaly_analizer/outputs/lo2/models/tcn_transformer_ae_seed43_best.pt,real_val_plus_val_synthetic,,,,,,,,,,,False,,,False,False,True,False,False,0.05,0.0059974730635682745,0.0059974730635682745,True,0.0059974730635682745,-47.925059997473795,0,0.6981160640716553
tcn_transformer_ae,255,1000,0.010198551851014296,0.005946783348917961,9,9,5,0.0059974730635682745,0.0059974730635682745,-47.925059997473795,0,0.0003,/home/danderety/Documents/GitHub/TCN_Transformer_anomaly_analizer/outputs/lo2/models/tcn_transformer_ae_seed43_best.pt,real_val_plus_val_synthetic,0.7413793103448276,0.4942528735632184,0.593103448275862,15.0,44.0,2.457392358779905,2.457392358779905,-0.8401108980178834,False,quantile,True,2.4716033935546853,-47.925059997473795,False,True,True,False,False,0.05,0.005946783348917961,0.005946783348917961,True,0.005946783348917961,-47.925059997473795,0,2.0850398540496826
tcn_transformer_ae,256,1000,0.010150367704530558,0.005896260651449363,9,9,5,0.005946783348917961,0.005946783348917961,-47.925059997473795,0,0.0003,/home/danderety/Documents/GitHub/TCN_Transformer_anomaly_analizer/outputs/lo2/models/tcn_transformer_ae_seed43_best.pt,real_val_plus_val_synthetic,,,,,,,,,,,False,,,False,False,True,False,False,0.05,0.005896260651449363,0.005896260651449363,True,0.005896260651449363,-47.925059997473795,0,0.6164743900299072
tcn_transformer_ae,257,1000,0.010103545151650906,0.005848095286637545,9,9,5,0.005896260651449363,0.005896260651449363,-47.925059997473795,0,0.0003,/home/danderety/Documents/GitHub/TCN_Transformer_anomaly_analizer/outputs/lo2/models/tcn_transformer_ae_seed43_best.pt,real_val_plus_val_synthetic,,,,,,,,,,,False,,,False,False,True,False,False,0.05,0.005848095286637545,0.005848095286637545,True,0.005848095286637545,-47.925059997473795,0,0.6164958477020264
tcn_transformer_ae,258,1000,0.010019023281832537,0.005801929005732139,9,9,5,0.005848095286637545,0.005848095286637545,-47.925059997473795,0,0.0003,/home/danderety/Documents/GitHub/TCN_Transformer_anomaly_analizer/outputs/lo2/models/tcn_transformer_ae_seed43_best.pt,real_val_plus_val_synthetic,,,,,,,,,,,False,,,False,False,True,False,False,0.05,0.005801929005732139,0.005801929005732139,True,0.005801929005732139,-47.925059997473795,0,0.6366105079650879
tcn_transformer_ae,259,1000,0.009898929856717587,0.005756797113766273,9,9,5,0.005801929005732139,0.005801929005732139,-47.925059997473795,0,0.0003,/home/danderety/Documents/GitHub/TCN_Transformer_anomaly_analizer/outputs/lo2/models/tcn_transformer_ae_seed43_best.pt,real_val_plus_val_synthetic,,,,,,,,,,,False,,,False,False,True,False,False,0.05,0.005756797113766273,0.005756797113766273,True,0.005756797113766273,-47.925059997473795,0,1.500429391860962
tcn_transformer_ae,260,1000,0.009853341616690159,0.005711426648000876,9,9,5,0.005756797113766273,0.005756797113766273,-47.925059997473795,0,0.0003,/home/danderety/Documents/GitHub/TCN_Transformer_anomaly_analizer/outputs/lo2/models/tcn_transformer_ae_seed43_best.pt,real_val_plus_val_synthetic,0.7413793103448276,0.4942528735632184,0.593103448275862,15.0,44.0,2.433747708797453,2.433747708797453,-0.8393781185150148,False,quantile,True,2.457392358779905,-47.925059997473795,False,True,True,False,False,0.05,0.005711426648000876,0.005711426648000876,True,0.005711426648000876,-47.925059997473795,0,2.1912524700164795
tcn_transformer_ae,261,1000,0.009781562412778536,0.005665618926286697,9,9,5,0.005711426648000876,0.005711426648000876,-47.925059997473795,0,0.0003,/home/danderety/Documents/GitHub/TCN_Transformer_anomaly_analizer/outputs/lo2/models/tcn_transformer_ae_seed43_best.pt,real_val_plus_val_synthetic,,,,,,,,,,,False,,,False,False,True,False,False,0.05,0.005665618926286697,0.005665618926286697,True,0.005665618926286697,-47.925059997473795,0,2.2470340728759766
tcn_transformer_ae,262,1000,0.009733116254210472,0.0056200929296513396,9,9,5,0.005665618926286697,0.005665618926286697,-47.925059997473795,0,0.0003,/home/danderety/Documents/GitHub/TCN_Transformer_anomaly_analizer/outputs/lo2/models/tcn_transformer_ae_seed43_best.pt,real_val_plus_val_synthetic,,,,,,,,,,,False,,,False,False,True,False,False,0.05,0.0056200929296513396,0.0056200929296513396,True,0.0056200929296513396,-47.925059997473795,0,1.5383598804473877
tcn_transformer_ae,263,1000,0.009669961097339788,0.005575454328209162,9,9,5,0.0056200929296513396,0.0056200929296513396,-47.925059997473795,0,0.0003,/home/danderety/Documents/GitHub/TCN_Transformer_anomaly_analizer/outputs/lo2/models/tcn_transformer_ae_seed43_best.pt,real_val_plus_val_synthetic,,,,,,,,,,,False,,,False,False,True,False,False,0.05,0.005575454328209162,0.005575454328209162,True,0.005575454328209162,-47.925059997473795,0,1.8461871147155762
tcn_transformer_ae,264,1000,0.009561870247125626,0.005532396336396535,9,9,5,0.005575454328209162,0.005575454328209162,-47.925059997473795,0,0.0003,/home/danderety/Documents/GitHub/TCN_Transformer_anomaly_analizer/outputs/lo2/models/tcn_transformer_ae_seed43_best.pt,real_val_plus_val_synthetic,,,,,,,,,,,False,,,False,False,True,False,False,0.05,0.005532396336396535,0.005532396336396535,True,0.005532396336396535,-47.925059997473795,0,0.7176871299743652
tcn_transformer_ae,265,1000,0.009484629146754742,0.005490531058361133,9,9,5,0.005532396336396535,0.005532396336396535,-47.925059997473795,0,0.0003,/home/danderety/Documents/GitHub/TCN_Transformer_anomaly_analizer/outputs/lo2/models/tcn_transformer_ae_seed43_best.pt,real_val_plus_val_synthetic,0.7413793103448276,0.4942528735632184,0.593103448275862,15.0,44.0,2.402900433540342,2.402900433540342,-0.8438751101493837,False,quantile,True,2.433747708797453,-47.925059997473795,False,True,True,False,False,0.05,0.005490531058361133,0.005490531058361133,True,0.005490531058361133,-47.925059997473795,0,2.0794053077697754
tcn_transformer_ae,266,1000,0.009406475660701593,0.005448528099805117,9,9,5,0.005490531058361133,0.005490531058361133,-47.925059997473795,0,0.0003,/home/danderety/Documents/GitHub/TCN_Transformer_anomaly_analizer/outputs/lo2/models/tcn_transformer_ae_seed43_best.pt,real_val_plus_val_synthetic,,,,,,,,,,,False,,,False,False,True,False,False,0.05,0.005448528099805117,0.005448528099805117,True,0.005448528099805117,-47.925059997473795,0,2.6852223873138428
tcn_transformer_ae,267,1000,0.009321030229330063,0.005405987923343976,9,9,5,0.005448528099805117,0.005448528099805117,-47.925059997473795,0,0.0003,/home/danderety/Documents/GitHub/TCN_Transformer_anomaly_analizer/outputs/lo2/models/tcn_transformer_ae_seed43_best.pt,real_val_plus_val_synthetic,,,,,,,,,,,False,,,False,False,True,False,False,0.05,0.005405987923343976,0.005405987923343976,True,0.005405987923343976,-47.925059997473795,0,0.6464731693267822
tcn_transformer_ae,268,1000,0.009255416070421537,0.005363701532284419,9,9,5,0.005405987923343976,0.005405987923343976,-47.925059997473795,0,0.0003,/home/danderety/Documents/GitHub/TCN_Transformer_anomaly_analizer/outputs/lo2/models/tcn_transformer_ae_seed43_best.pt,real_val_plus_val_synthetic,,,,,,,,,,,False,,,False,False,True,False,False,0.05,0.005363701532284419,0.005363701532284419,True,0.005363701532284419,-47.925059997473795,0,0.6213085651397705
tcn_transformer_ae,269,1000,0.009198100926975409,0.0053220501480003195,9,9,5,0.005363701532284419,0.005363701532284419,-47.925059997473795,0,0.0003,/home/danderety/Documents/GitHub/TCN_Transformer_anomaly_analizer/outputs/lo2/models/tcn_transformer_ae_seed43_best.pt,real_val_plus_val_synthetic,,,,,,,,,,,False,,,False,False,True,False,False,0.05,0.0053220501480003195,0.0053220501480003195,True,0.0053220501480003195,-47.925059997473795,0,0.688992977142334
tcn_transformer_ae,270,1000,0.009145361060897509,0.005282234710951646,9,9,5,0.0053220501480003195,0.0053220501480003195,-47.925059997473795,0,0.0003,/home/danderety/Documents/GitHub/TCN_Transformer_anomaly_analizer/outputs/lo2/models/tcn_transformer_ae_seed43_best.pt,real_val_plus_val_synthetic,0.7413793103448276,0.4942528735632184,0.593103448275862,15.0,44.0,2.3837987780570966,2.3837987780570966,-0.8403970599174501,False,quantile,True,2.402900433540342,-47.925059997473795,False,True,True,False,False,0.05,0.005282234710951646,0.005282234710951646,True,0.005282234710951646,-47.925059997473795,0,2.146299123764038
tcn_transformer_ae,271,1000,0.009097446377078692,0.005242958044012387,9,9,5,0.005282234710951646,0.005282234710951646,-47.925059997473795,0,0.0003,/home/danderety/Documents/GitHub/TCN_Transformer_anomaly_analizer/outputs/lo2/models/tcn_transformer_ae_seed43_best.pt,real_val_plus_val_synthetic,,,,,,,,,,,False,,,False,False,True,False,False,0.05,0.005242958044012387,0.005242958044012387,True,0.005242958044012387,-47.925059997473795,0,2.417264699935913
tcn_transformer_ae,272,1000,0.009033119305968285,0.005203465465456247,9,9,5,0.005242958044012387,0.005242958044012387,-47.925059997473795,0,0.0003,/home/danderety/Documents/GitHub/TCN_Transformer_anomaly_analizer/outputs/lo2/models/tcn_transformer_ae_seed43_best.pt,real_val_plus_val_synthetic,,,,,,,,,,,False,,,False,False,True,False,False,0.05,0.005203465465456247,0.005203465465456247,True,0.005203465465456247,-47.925059997473795,0,0.6032040119171143
tcn_transformer_ae,273,1000,0.008890734985470772,0.005163391586393118,9,9,5,0.005203465465456247,0.005203465465456247,-47.925059997473795,0,0.0003,/home/danderety/Documents/GitHub/TCN_Transformer_anomaly_analizer/outputs/lo2/models/tcn_transformer_ae_seed43_best.pt,real_val_plus_val_synthetic,,,,,,,,,,,False,,,False,False,True,False,False,0.05,0.005163391586393118,0.005163391586393118,True,0.005163391586393118,-47.925059997473795,0,0.617621660232544
tcn_transformer_ae,274,1000,0.008874040096998215,0.005124657414853573,9,9,5,0.005163391586393118,0.005163391586393118,-47.925059997473795,0,0.0003,/home/danderety/Documents/GitHub/TCN_Transformer_anomaly_analizer/outputs/lo2/models/tcn_transformer_ae_seed43_best.pt,real_val_plus_val_synthetic,,,,,,,,,,,False,,,False,False,True,False,False,0.05,0.005124657414853573,0.005124657414853573,True,0.005124657414853573,-47.925059997473795,0,0.6858689785003662
tcn_transformer_ae,275,1000,0.008818559969464937,0.005086584637562434,9,9,5,0.005124657414853573,0.005124657414853573,-47.925059997473795,0,0.0003,/home/danderety/Documents/GitHub/TCN_Transformer_anomaly_analizer/outputs/lo2/models/tcn_transformer_ae_seed43_best.pt,real_val_plus_val_synthetic,0.7413793103448276,0.4942528735632184,0.593103448275862,15.0,44.0,2.3753972411155684,2.3753972411155684,-0.8420749306678773,False,quantile,True,2.3837987780570966,-47.925059997473795,False,True,True,False,False,0.05,0.005086584637562434,0.005086584637562434,True,0.005086584637562434,-47.925059997473795,0,2.1323158740997314
tcn_transformer_ae,276,1000,0.008764651293555895,0.005049105267971754,9,9,5,0.005086584637562434,0.005086584637562434,-47.925059997473795,0,0.0003,/home/danderety/Documents/GitHub/TCN_Transformer_anomaly_analizer/outputs/lo2/models/tcn_transformer_ae_seed43_best.pt,real_val_plus_val_synthetic,,,,,,,,,,,False,,,False,False,True,False,False,0.05,0.005049105267971754,0.005049105267971754,True,0.005049105267971754,-47.925059997473795,0,2.67864990234375
tcn_transformer_ae,277,1000,0.008639600748817125,0.0050119344765941305,9,9,5,0.005049105267971754,0.005049105267971754,-47.925059997473795,0,0.0003,/home/danderety/Documents/GitHub/TCN_Transformer_anomaly_analizer/outputs/lo2/models/tcn_transformer_ae_seed43_best.pt,real_val_plus_val_synthetic,,,,,,,,,,,False,,,False,False,True,False,False,0.05,0.0050119344765941305,0.0050119344765941305,True,0.0050119344765941305,-47.925059997473795,0,0.641350507736206
tcn_transformer_ae,278,1000,0.008581363596022129,0.004974708581964175,9,9,5,0.0050119344765941305,0.0050119344765941305,-47.925059997473795,0,0.0003,/home/danderety/Documents/GitHub/TCN_Transformer_anomaly_analizer/outputs/lo2/models/tcn_transformer_ae_seed43_best.pt,real_val_plus_val_synthetic,,,,,,,,,,,False,,,False,False,True,False,False,0.05,0.004974708581964175,0.004974708581964175,True,0.004974708581964175,-47.925059997473795,0,0.6237421035766602
tcn_transformer_ae,279,1000,0.008551529608666897,0.004937953005234401,9,9,5,0.004974708581964175,0.004974708581964175,-47.925059997473795,0,0.0003,/home/danderety/Documents/GitHub/TCN_Transformer_anomaly_analizer/outputs/lo2/models/tcn_transformer_ae_seed43_best.pt,real_val_plus_val_synthetic,,,,,,,,,,,False,,,False,False,True,False,False,0.05,0.004937953005234401,0.004937953005234401,True,0.004937953005234401,-47.925059997473795,0,0.6351702213287354
tcn_transformer_ae,280,1000,0.008490487312277159,0.004901279229670763,9,9,5,0.004937953005234401,0.004937953005234401,-47.925059997473795,0,0.0003,/home/danderety/Documents/GitHub/TCN_Transformer_anomaly_analizer/outputs/lo2/models/tcn_transformer_ae_seed43_best.pt,real_val_plus_val_synthetic,0.7413793103448276,0.4942528735632184,0.593103448275862,15.0,44.0,2.37771679162979,2.37771679162979,-0.84684556722641,False,quantile,True,2.3753972411155684,-47.925059997473795,False,True,True,False,False,0.05,0.004901279229670763,0.004901279229670763,True,0.004901279229670763,-47.925059997473795,0,2.1278772354125977
tcn_transformer_ae,281,1000,0.00847382191568613,0.004865785284588735,9,9,5,0.004901279229670763,0.004901279229670763,-47.925059997473795,0,0.0003,/home/danderety/Documents/GitHub/TCN_Transformer_anomaly_analizer/outputs/lo2/models/tcn_transformer_ae_seed43_best.pt,real_val_plus_val_synthetic,,,,,,,,,,,False,,,False,False,True,False,False,0.05,0.004865785284588735,0.004865785284588735,True,0.004865785284588735,-47.925059997473795,0,2.3844821453094482
tcn_transformer_ae,282,1000,0.00840541503081719,0.0048304238977531595,9,9,5,0.004865785284588735,0.004865785284588735,-47.925059997473795,0,0.0003,/home/danderety/Documents/GitHub/TCN_Transformer_anomaly_analizer/outputs/lo2/models/tcn_transformer_ae_seed43_best.pt,real_val_plus_val_synthetic,,,,,,,,,,,False,,,False,False,True,False,False,0.05,0.0048304238977531595,0.0048304238977531595,True,0.0048304238977531595,-47.925059997473795,0,0.6374335289001465
tcn_transformer_ae,283,1000,0.008333437144756317,0.004795654211193323,9,9,5,0.0048304238977531595,0.0048304238977531595,-47.925059997473795,0,0.0003,/home/danderety/Documents/GitHub/TCN_Transformer_anomaly_analizer/outputs/lo2/models/tcn_transformer_ae_seed43_best.pt,real_val_plus_val_synthetic,,,,,,,,,,,False,,,False,False,True,False,False,0.05,0.004795654211193323,0.004795654211193323,True,0.004795654211193323,-47.925059997473795,0,0.6332287788391113
tcn_transformer_ae,284,1000,0.008269265604515871,0.004761926364153624,9,9,5,0.004795654211193323,0.004795654211193323,-47.925059997473795,0,0.0003,/home/danderety/Documents/GitHub/TCN_Transformer_anomaly_analizer/outputs/lo2/models/tcn_transformer_ae_seed43_best.pt,real_val_plus_val_synthetic,,,,,,,,,,,False,,,False,False,True,False,False,0.05,0.004761926364153624,0.004761926364153624,True,0.004761926364153624,-47.925059997473795,0,0.6379401683807373
tcn_transformer_ae,285,1000,0.00822755570213,0.004727978724986315,9,9,5,0.004761926364153624,0.004761926364153624,-47.925059997473795,0,0.0003,/home/danderety/Documents/GitHub/TCN_Transformer_anomaly_analizer/outputs/lo2/models/tcn_transformer_ae_seed43_best.pt,real_val_plus_val_synthetic,0.7413793103448276,0.4942528735632184,0.593103448275862,15.0,44.0,2.3566488385200492,2.3566488385200492,-0.8381085395812989,False,quantile,True,2.37771679162979,-47.925059997473795,False,True,True,False,False,0.05,0.004727978724986315,0.004727978724986315,True,0.004727978724986315,-47.925059997473795,0,2.14481258392334
tcn_transformer_ae,286,1000,0.008151132923861345,0.004694361860553424,9,9,5,0.004727978724986315,0.004727978724986315,-47.925059997473795,0,0.0003,/home/danderety/Documents/GitHub/TCN_Transformer_anomaly_analizer/outputs/lo2/models/tcn_transformer_ae_seed43_best.pt,real_val_plus_val_synthetic,,,,,,,,,,,False,,,False,False,True,False,False,0.05,0.004694361860553424,0.004694361860553424,True,0.004694361860553424,-47.925059997473795,0,1.6858651638031006
tcn_transformer_ae,287,1000,0.008096849856277307,0.0046614220676322775,9,9,5,0.004694361860553424,0.004694361860553424,-47.925059997473795,0,0.0003,/home/danderety/Documents/GitHub/TCN_Transformer_anomaly_analizer/outputs/lo2/models/tcn_transformer_ae_seed43_best.pt,real_val_plus_val_synthetic,,,,,,,,,,,False,,,False,False,True,False,False,0.05,0.0046614220676322775,0.0046614220676322775,True,0.0046614220676322775,-47.925059997473795,0,2.3928229808807373
tcn_transformer_ae,288,1000,0.008085995602111021,0.004628455421576898,9,9,5,0.0046614220676322775,0.0046614220676322775,-47.925059997473795,0,0.0003,/home/danderety/Documents/GitHub/TCN_Transformer_anomaly_analizer/outputs/lo2/models/tcn_transformer_ae_seed43_best.pt,real_val_plus_val_synthetic,,,,,,,,,,,False,,,False,False,True,False,False,0.05,0.004628455421576898,0.004628455421576898,True,0.004628455421576898,-47.925059997473795,0,0.7327086925506592
tcn_transformer_ae,289,1000,0.007948998982707659,0.0045959013514220715,9,9,5,0.004628455421576898,0.004628455421576898,-47.925059997473795,0,0.0003,/home/danderety/Documents/GitHub/TCN_Transformer_anomaly_analizer/outputs/lo2/models/tcn_transformer_ae_seed43_best.pt,real_val_plus_val_synthetic,,,,,,,,,,,False,,,False,False,True,False,False,0.05,0.0045959013514220715,0.0045959013514220715,True,0.0045959013514220715,-47.925059997473795,0,2.6481029987335205
tcn_transformer_ae,290,1000,0.007937547595550617,0.004563842434436083,9,9,5,0.0045959013514220715,0.0045959013514220715,-47.925059997473795,0,0.0003,/home/danderety/Documents/GitHub/TCN_Transformer_anomaly_analizer/outputs/lo2/models/tcn_transformer_ae_seed43_best.pt,real_val_plus_val_synthetic,0.7413793103448276,0.4942528735632184,0.593103448275862,15.0,44.0,2.348248803615569,2.348248803615569,-0.8388929367065431,False,quantile,True,2.3566488385200492,-47.925059997473795,False,True,True,False,False,0.05,0.004563842434436083,0.004563842434436083,True,0.004563842434436083,-47.925059997473795,0,2.0944316387176514
tcn_transformer_ae,291,1000,0.007889817779262861,0.004531517935295899,9,9,5,0.004563842434436083,0.004563842434436083,-47.925059997473795,0,0.0003,/home/danderety/Documents/GitHub/TCN_Transformer_anomaly_analizer/outputs/lo2/models/tcn_transformer_ae_seed43_best.pt,real_val_plus_val_synthetic,,,,,,,,,,,False,,,False,False,True,False,False,0.05,0.004531517935295899,0.004531517935295899,True,0.004531517935295899,-47.925059997473795,0,1.9314537048339844
tcn_transformer_ae,292,1000,0.007842645514756441,0.0044995942153036594,9,9,5,0.004531517935295899,0.004531517935295899,-47.925059997473795,0,0.0003,/home/danderety/Documents/GitHub/TCN_Transformer_anomaly_analizer/outputs/lo2/models/tcn_transformer_ae_seed43_best.pt,real_val_plus_val_synthetic,,,,,,,,,,,False,,,False,False,True,False,False,0.05,0.0044995942153036594,0.0044995942153036594,True,0.0044995942153036594,-47.925059997473795,0,0.6260693073272705
tcn_transformer_ae,293,1000,0.007806968564788501,0.004467826647063096,9,9,5,0.0044995942153036594,0.0044995942153036594,-47.925059997473795,0,0.0003,/home/danderety/Documents/GitHub/TCN_Transformer_anomaly_analizer/outputs/lo2/models/tcn_transformer_ae_seed43_best.pt,real_val_plus_val_synthetic,,,,,,,,,,,False,,,False,False,True,False,False,0.05,0.004467826647063096,0.004467826647063096,True,0.004467826647063096,-47.925059997473795,0,0.7001478672027588
tcn_transformer_ae,294,1000,0.007747033766160409,0.004436981709053119,9,9,5,0.004467826647063096,0.004467826647063096,-47.925059997473795,0,0.0003,/home/danderety/Documents/GitHub/TCN_Transformer_anomaly_analizer/outputs/lo2/models/tcn_transformer_ae_seed43_best.pt,real_val_plus_val_synthetic,,,,,,,,,,,False,,,False,False,True,False,False,0.05,0.004436981709053119,0.004436981709053119,True,0.004436981709053119,-47.925059997473795,0,1.9307448863983154
tcn_transformer_ae,295,1000,0.007643895534177621,0.0044069949847956496,9,9,5,0.004436981709053119,0.004436981709053119,-47.925059997473795,0,0.0003,/home/danderety/Documents/GitHub/TCN_Transformer_anomaly_analizer/outputs/lo2/models/tcn_transformer_ae_seed43_best.pt,real_val_plus_val_synthetic,0.7413793103448276,0.4942528735632184,0.593103448275862,15.0,44.0,2.3428122401237483,2.3428122401237483,-0.8376620411872865,False,quantile,True,2.348248803615569,-47.925059997473795,False,True,True,False,False,0.05,0.0044069949847956496,0.0044069949847956496,True,0.0044069949847956496,-47.925059997473795,0,2.135625123977661
tcn_transformer_ae,296,1000,0.007584002800285816,0.004376959366103013,9,9,5,0.0044069949847956496,0.0044069949847956496,-47.925059997473795,0,0.0003,/home/danderety/Documents/GitHub/TCN_Transformer_anomaly_analizer/outputs/lo2/models/tcn_transformer_ae_seed43_best.pt,real_val_plus_val_synthetic,,,,,,,,,,,False,,,False,False,True,False,False,0.05,0.004376959366103013,0.004376959366103013,True,0.004376959366103013,-47.925059997473795,0,1.9321849346160889
tcn_transformer_ae,297,1000,0.007561669684946537,0.004347293172031641,9,9,5,0.004376959366103013,0.004376959366103013,-47.925059997473795,0,0.0003,/home/danderety/Documents/GitHub/TCN_Transformer_anomaly_analizer/outputs/lo2/models/tcn_transformer_ae_seed43_best.pt,real_val_plus_val_synthetic,,,,,,,,,,,False,,,False,False,True,False,False,0.05,0.004347293172031641,0.004347293172031641,True,0.004347293172031641,-47.925059997473795,0,1.088186264038086
tcn_transformer_ae,298,1000,0.007514170991877715,0.004317386386295159,9,9,5,0.004347293172031641,0.004347293172031641,-47.925059997473795,0,0.0003,/home/danderety/Documents/GitHub/TCN_Transformer_anomaly_analizer/outputs/lo2/models/tcn_transformer_ae_seed43_best.pt,real_val_plus_val_synthetic,,,,,,,,,,,False,,,False,False,True,False,False,0.05,0.004317386386295159,0.004317386386295159,True,0.004317386386295159,-47.925059997473795,0,1.4616191387176514
tcn_transformer_ae,299,1000,0.007444093469530344,0.004287557986875375,9,9,5,0.004317386386295159,0.004317386386295159,-47.925059997473795,0,0.0003,/home/danderety/Documents/GitHub/TCN_Transformer_anomaly_analizer/outputs/lo2/models/tcn_transformer_ae_seed43_best.pt,real_val_plus_val_synthetic,,,,,,,,,,,False,,,False,False,True,False,False,0.05,0.004287557986875375,0.004287557986875375,True,0.004287557986875375,-47.925059997473795,0,1.5226013660430908
tcn_transformer_ae,300,1000,0.007430221730222304,0.004258870457609494,9,9,5,0.004287557986875375,0.004287557986875375,-47.925059997473795,0,0.0003,/home/danderety/Documents/GitHub/TCN_Transformer_anomaly_analizer/outputs/lo2/models/tcn_transformer_ae_seed43_best.pt,real_val_plus_val_synthetic,0.7413793103448276,0.4942528735632184,0.593103448275862,15.0,44.0,2.344664013385773,2.344664013385773,-0.8366590142250062,False,quantile,True,2.3428122401237483,-47.925059997473795,False,True,True,False,False,0.05,0.004258870457609494,0.004258870457609494,True,0.004258870457609494,-47.925059997473795,0,2.129810333251953
tcn_transformer_ae,301,1000,0.007371106340239446,0.004229979279140632,9,9,5,0.004258870457609494,0.004258870457609494,-47.925059997473795,0,0.0003,/home/danderety/Documents/GitHub/TCN_Transformer_anomaly_analizer/outputs/lo2/models/tcn_transformer_ae_seed43_best.pt,real_val_plus_val_synthetic,,,,,,,,,,,False,,,False,False,True,False,False,0.05,0.004229979279140632,0.004229979279140632,True,0.004229979279140632,-47.925059997473795,0,2.5433106422424316
tcn_transformer_ae,302,1000,0.007304885735114415,0.004201903939247131,9,9,5,0.004229979279140632,0.004229979279140632,-47.925059997473795,0,0.0003,/home/danderety/Documents/GitHub/TCN_Transformer_anomaly_analizer/outputs/lo2/models/tcn_transformer_ae_seed43_best.pt,real_val_plus_val_synthetic,,,,,,,,,,,False,,,False,False,True,False,False,0.05,0.004201903939247131,0.004201903939247131,True,0.004201903939247131,-47.925059997473795,0,0.6364457607269287
tcn_transformer_ae,303,1000,0.007261505040029685,0.004174310403565566,9,9,5,0.004201903939247131,0.004201903939247131,-47.925059997473795,0,0.0003,/home/danderety/Documents/GitHub/TCN_Transformer_anomaly_analizer/outputs/lo2/models/tcn_transformer_ae_seed43_best.pt,real_val_plus_val_synthetic,,,,,,,,,,,False,,,False,False,True,False,False,0.05,0.004174310403565566,0.004174310403565566,True,0.004174310403565566,-47.925059997473795,0,2.7626287937164307
tcn_transformer_ae,304,1000,0.007232509087771177,0.004146693740040064,9,9,5,0.004174310403565566,0.004174310403565566,-47.925059997473795,0,0.0003,/home/danderety/Documents/GitHub/TCN_Transformer_anomaly_analizer/outputs/lo2/models/tcn_transformer_ae_seed43_best.pt,real_val_plus_val_synthetic,,,,,,,,,,,False,,,False,False,True,False,False,0.05,0.004146693740040064,0.004146693740040064,True,0.004146693740040064,-47.925059997473795,0,0.6197104454040527
tcn_transformer_ae,305,1000,0.0071925016430517035,0.004119263030588627,9,9,5,0.004146693740040064,0.004146693740040064,-47.925059997473795,0,0.0003,/home/danderety/Documents/GitHub/TCN_Transformer_anomaly_analizer/outputs/lo2/models/tcn_transformer_ae_seed43_best.pt,real_val_plus_val_synthetic,0.7413793103448276,0.4942528735632184,0.593103448275862,15.0,44.0,2.3306774139404296,2.3306774139404296,-0.833424746990204,False,quantile,True,2.344664013385773,-47.925059997473795,False,True,True,False,False,0.05,0.004119263030588627,0.004119263030588627,True,0.004119263030588627,-47.925059997473795,0,2.1954052448272705
tcn_transformer_ae,306,1000,0.007147460710257292,0.004091469260553519,9,9,5,0.004119263030588627,0.004119263030588627,-47.925059997473795,0,0.0003,/home/danderety/Documents/GitHub/TCN_Transformer_anomaly_analizer/outputs/lo2/models/tcn_transformer_ae_seed43_best.pt,real_val_plus_val_synthetic,,,,,,,,,,,False,,,False,False,True,False,False,0.05,0.004091469260553519,0.004091469260553519,True,0.004091469260553519,-47.925059997473795,0,2.574070453643799
tcn_transformer_ae,307,1000,0.007098178224017222,0.004064846162994702,9,9,5,0.004091469260553519,0.004091469260553519,-47.925059997473795,0,0.0003,/home/danderety/Documents/GitHub/TCN_Transformer_anomaly_analizer/outputs/lo2/models/tcn_transformer_ae_seed43_best.pt,real_val_plus_val_synthetic,,,,,,,,,,,False,,,False,False,True,False,False,0.05,0.004064846162994702,0.004064846162994702,True,0.004064846162994702,-47.925059997473795,0,0.6236081123352051
tcn_transformer_ae,308,1000,0.007039448246359825,0.004038695245981216,9,9,5,0.004064846162994702,0.004064846162994702,-47.925059997473795,0,0.0003,/home/danderety/Documents/GitHub/TCN_Transformer_anomaly_analizer/outputs/lo2/models/tcn_transformer_ae_seed43_best.pt,real_val_plus_val_synthetic,,,,,,,,,,,False,,,False,False,True,False,False,0.05,0.004038695245981216,0.004038695245981216,True,0.004038695245981216,-47.925059997473795,0,0.9311950206756592
tcn_transformer_ae,309,1000,0.006983860085407893,0.004012241183469693,9,9,5,0.004038695245981216,0.004038695245981216,-47.925059997473795,0,0.0003,/home/danderety/Documents/GitHub/TCN_Transformer_anomaly_analizer/outputs/lo2/models/tcn_transformer_ae_seed43_best.pt,real_val_plus_val_synthetic,,,,,,,,,,,False,,,False,False,True,False,False,0.05,0.004012241183469693,0.004012241183469693,True,0.004012241183469693,-47.925059997473795,0,2.9624016284942627
tcn_transformer_ae,310,1000,0.006924197543412447,0.003985982465868195,9,9,5,0.004012241183469693,0.004012241183469693,-47.925059997473795,0,0.0003,/home/danderety/Documents/GitHub/TCN_Transformer_anomaly_analizer/outputs/lo2/models/tcn_transformer_ae_seed43_best.pt,real_val_plus_val_synthetic,0.7457627118644068,0.5057471264367817,0.6027397260273972,15.0,43.0,2.324457538127899,2.324457538127899,-0.8308977484703065,False,quantile,True,2.3306774139404296,-46.78898693811306,True,True,True,True,True,0.05,0.003985982465868195,0.003985982465868195,True,0.003985982465868195,-46.78898693811306,0,2.097240447998047
tcn_transformer_ae,311,1000,0.006897844995061557,0.003959829298158486,9,9,5,0.003985982465868195,0.003985982465868195,-46.78898693811306,0,0.0003,/home/danderety/Documents/GitHub/TCN_Transformer_anomaly_analizer/outputs/lo2/models/tcn_transformer_ae_seed43_best.pt,real_val_plus_val_synthetic,,,,,,,,,,,False,,,False,False,True,False,False,0.05,0.003959829298158486,0.003959829298158486,True,0.003959829298158486,-46.78898693811306,0,0.6943540573120117
tcn_transformer_ae,312,1000,0.006865769935150941,0.0039342947614689665,9,9,5,0.003959829298158486,0.003959829298158486,-46.78898693811306,0,0.0003,/home/danderety/Documents/GitHub/TCN_Transformer_anomaly_analizer/outputs/lo2/models/tcn_transformer_ae_seed43_best.pt,real_val_plus_val_synthetic,,,,,,,,,,,False,,,False,False,True,False,False,0.05,0.0039342947614689665,0.0039342947614689665,True,0.0039342947614689665,-46.78898693811306,0,2.4084489345550537
tcn_transformer_ae,313,1000,0.006843235033253829,0.003909424956267078,9,9,5,0.0039342947614689665,0.0039342947614689665,-46.78898693811306,0,0.0003,/home/danderety/Documents/GitHub/TCN_Transformer_anomaly_analizer/outputs/lo2/models/tcn_transformer_ae_seed43_best.pt,real_val_plus_val_synthetic,,,,,,,,,,,False,,,False,False,True,False,False,0.05,0.003909424956267078,0.003909424956267078,True,0.003909424956267078,-46.78898693811306,0,1.0475802421569824
tcn_transformer_ae,314,1000,0.006785534011820952,0.0038847919398297868,9,9,5,0.003909424956267078,0.003909424956267078,-46.78898693811306,0,0.0003,/home/danderety/Documents/GitHub/TCN_Transformer_anomaly_analizer/outputs/lo2/models/tcn_transformer_ae_seed43_best.pt,real_val_plus_val_synthetic,,,,,,,,,,,False,,,False,False,True,False,False,0.05,0.0038847919398297868,0.0038847919398297868,True,0.0038847919398297868,-46.78898693811306,0,1.631474494934082
tcn_transformer_ae,315,1000,0.00675632090618213,0.003859314601868391,9,9,5,0.0038847919398297868,0.0038847919398297868,-46.78898693811306,0,0.0003,/home/danderety/Documents/GitHub/TCN_Transformer_anomaly_analizer/outputs/lo2/models/tcn_transformer_ae_seed43_best.pt,real_val_plus_val_synthetic,0.7457627118644068,0.5057471264367817,0.6027397260273972,15.0,43.0,2.302272391319274,2.302272391319274,-0.8287273645401002,False,quantile,True,2.324457538127899,-46.78898693811306,False,True,True,False,False,0.05,0.003859314601868391,0.003859314601868391,True,0.003859314601868391,-46.78898693811306,0,2.1316535472869873
tcn_transformer_ae,316,1000,0.006692594848573208,0.0038341418063888946,9,9,5,0.003859314601868391,0.003859314601868391,-46.78898693811306,0,0.0003,/home/danderety/Documents/GitHub/TCN_Transformer_anomaly_analizer/outputs/lo2/models/tcn_transformer_ae_seed43_best.pt,real_val_plus_val_synthetic,,,,,,,,,,,False,,,False,False,True,False,False,0.05,0.0038341418063888946,0.0038341418063888946,True,0.0038341418063888946,-46.78898693811306,0,0.615729808807373
tcn_transformer_ae,317,1000,0.006674822885543108,0.0038099680872013173,9,9,5,0.0038341418063888946,0.0038341418063888946,-46.78898693811306,0,0.0003,/home/danderety/Documents/GitHub/TCN_Transformer_anomaly_analizer/outputs/lo2/models/tcn_transformer_ae_seed43_best.pt,real_val_plus_val_synthetic,,,,,,,,,,,False,,,False,False,True,False,False,0.05,0.0038099680872013173,0.0038099680872013173,True,0.0038099680872013173,-46.78898693811306,0,0.6483321189880371
tcn_transformer_ae,318,1000,0.006651351538797219,0.003786244507258137,9,9,5,0.0038099680872013173,0.0038099680872013173,-46.78898693811306,0,0.0003,/home/danderety/Documents/GitHub/TCN_Transformer_anomaly_analizer/outputs/lo2/models/tcn_transformer_ae_seed43_best.pt,real_val_plus_val_synthetic,,,,,,,,,,,False,,,False,False,True,False,False,0.05,0.003786244507258137,0.003786244507258137,True,0.003786244507258137,-46.78898693811306,0,2.4326157569885254
tcn_transformer_ae,319,1000,0.006586014448354642,0.0037626035045832396,9,9,5,0.003786244507258137,0.003786244507258137,-46.78898693811306,0,0.0003,/home/danderety/Documents/GitHub/TCN_Transformer_anomaly_analizer/outputs/lo2/models/tcn_transformer_ae_seed43_best.pt,real_val_plus_val_synthetic,,,,,,,,,,,False,,,False,False,True,False,False,0.05,0.0037626035045832396,0.0037626035045832396,True,0.0037626035045832396,-46.78898693811306,0,0.6987645626068115
tcn_transformer_ae,320,1000,0.006559496124585469,0.0037390157425155244,9,9,5,0.0037626035045832396,0.0037626035045832396,-46.78898693811306,0,0.0003,/home/danderety/Documents/GitHub/TCN_Transformer_anomaly_analizer/outputs/lo2/models/tcn_transformer_ae_seed43_best.pt,real_val_plus_val_synthetic,0.7457627118644068,0.5057471264367817,0.6027397260273972,15.0,43.0,2.2981320261955256,2.2981320261955256,-0.8295564651489259,False,quantile,True,2.302272391319274,-46.78898693811306,False,True,True,False,False,0.05,0.0037390157425155244,0.0037390157425155244,True,0.0037390157425155244,-46.78898693811306,0,2.0940654277801514
tcn_transformer_ae,321,1000,0.006527099137504895,0.0037154362071305513,9,9,5,0.0037390157425155244,0.0037390157425155244,-46.78898693811306,0,0.0003,/home/danderety/Documents/GitHub/TCN_Transformer_anomaly_analizer/outputs/lo2/models/tcn_transformer_ae_seed43_best.pt,real_val_plus_val_synthetic,,,,,,,,,,,False,,,False,False,True,False,False,0.05,0.0037154362071305513,0.0037154362071305513,True,0.0037154362071305513,-46.78898693811306,0,0.6613249778747559
tcn_transformer_ae,322,1000,0.006464841465155284,0.003691658843308687,9,9,5,0.0037154362071305513,0.0037154362071305513,-46.78898693811306,0,0.0003,/home/danderety/Documents/GitHub/TCN_Transformer_anomaly_analizer/outputs/lo2/models/tcn_transformer_ae_seed43_best.pt,real_val_plus_val_synthetic,,,,,,,,,,,False,,,False,False,True,False,False,0.05,0.003691658843308687,0.003691658843308687,True,0.003691658843308687,-46.78898693811306,0,1.50191330909729
tcn_transformer_ae,323,1000,0.006419865880161524,0.0036685498586545386,9,9,5,0.003691658843308687,0.003691658843308687,-46.78898693811306,0,0.0003,/home/danderety/Documents/GitHub/TCN_Transformer_anomaly_analizer/outputs/lo2/models/tcn_transformer_ae_seed43_best.pt,real_val_plus_val_synthetic,,,,,,,,,,,False,,,False,False,True,False,False,0.05,0.0036685498586545386,0.0036685498586545386,True,0.0036685498586545386,-46.78898693811306,0,0.6598939895629883
tcn_transformer_ae,324,1000,0.006361816544085741,0.0036459979601204395,9,9,5,0.0036685498586545386,0.0036685498586545386,-46.78898693811306,0,0.0003,/home/danderety/Documents/GitHub/TCN_Transformer_anomaly_analizer/outputs/lo2/models/tcn_transformer_ae_seed43_best.pt,real_val_plus_val_synthetic,,,,,,,,,,,False,,,False,False,True,False,False,0.05,0.0036459979601204395,0.0036459979601204395,True,0.0036459979601204395,-46.78898693811306,0,0.9939448833465576
tcn_transformer_ae,325,1000,0.006348012015223503,0.0036236295321335397,9,9,5,0.0036459979601204395,0.0036459979601204395,-46.78898693811306,0,0.0003,/home/danderety/Documents/GitHub/TCN_Transformer_anomaly_analizer/outputs/lo2/models/tcn_transformer_ae_seed43_best.pt,real_val_plus_val_synthetic,0.7457627118644068,0.5057471264367817,0.6027397260273972,15.0,43.0,2.2960773348808283,2.2960773348808283,-0.8305642604827882,False,quantile,True,2.2981320261955256,-46.78898693811306,False,True,True,False,False,0.05,0.0036236295321335397,0.0036236295321335397,True,0.0036236295321335397,-46.78898693811306,0,2.078165292739868
tcn_transformer_ae,326,1000,0.006344303178290526,0.00360124628059566,9,9,5,0.0036236295321335397,0.0036236295321335397,-46.78898693811306,0,0.0003,/home/danderety/Documents/GitHub/TCN_Transformer_anomaly_analizer/outputs/lo2/models/tcn_transformer_ae_seed43_best.pt,real_val_plus_val_synthetic,,,,,,,,,,,False,,,False,False,True,False,False,0.05,0.00360124628059566,0.00360124628059566,True,0.00360124628059566,-46.78898693811306,0,0.6318895816802979
tcn_transformer_ae,327,1000,0.006293322890996933,0.003579334821552038,9,9,5,0.00360124628059566,0.00360124628059566,-46.78898693811306,0,0.0003,/home/danderety/Documents/GitHub/TCN_Transformer_anomaly_analizer/outputs/lo2/models/tcn_transformer_ae_seed43_best.pt,real_val_plus_val_synthetic,,,,,,,,,,,False,,,False,False,True,False,False,0.05,0.003579334821552038,0.003579334821552038,True,0.003579334821552038,-46.78898693811306,0,0.6475749015808105
tcn_transformer_ae,328,1000,0.006234298925846815,0.003557367638374368,9,9,5,0.003579334821552038,0.003579334821552038,-46.78898693811306,0,0.0003,/home/danderety/Documents/GitHub/TCN_Transformer_anomaly_analizer/outputs/lo2/models/tcn_transformer_ae_seed43_best.pt,real_val_plus_val_synthetic,,,,,,,,,,,False,,,False,False,True,False,False,0.05,0.003557367638374368,0.003557367638374368,True,0.003557367638374368,-46.78898693811306,0,2.5942416191101074
tcn_transformer_ae,329,1000,0.006192774356653293,0.0035360471035043397,9,9,5,0.003557367638374368,0.003557367638374368,-46.78898693811306,0,0.0003,/home/danderety/Documents/GitHub/TCN_Transformer_anomaly_analizer/outputs/lo2/models/tcn_transformer_ae_seed43_best.pt,real_val_plus_val_synthetic,,,,,,,,,,,False,,,False,False,True,False,False,0.05,0.0035360471035043397,0.0035360471035043397,True,0.0035360471035043397,-46.78898693811306,0,0.9197626113891602
tcn_transformer_ae,330,1000,0.006147574167698622,0.0035146563313901424,9,9,5,0.0035360471035043397,0.0035360471035043397,-46.78898693811306,0,0.0003,/home/danderety/Documents/GitHub/TCN_Transformer_anomaly_analizer/outputs/lo2/models/tcn_transformer_ae_seed43_best.pt,real_val_plus_val_synthetic,0.7457627118644068,0.5057471264367817,0.6027397260273972,15.0,43.0,2.2796161174774165,2.2796161174774165,-0.8330938816070558,False,quantile,True,2.2960773348808283,-46.78898693811306,False,True,True,False,False,0.05,0.0035146563313901424,0.0035146563313901424,True,0.0035146563313901424,-46.78898693811306,0,2.1218035221099854
tcn_transformer_ae,331,1000,0.006147979758679867,0.0034933670734365783,9,9,5,0.0035146563313901424,0.0035146563313901424,-46.78898693811306,0,0.0003,/home/danderety/Documents/GitHub/TCN_Transformer_anomaly_analizer/outputs/lo2/models/tcn_transformer_ae_seed43_best.pt,real_val_plus_val_synthetic,,,,,,,,,,,False,,,False,False,True,False,False,0.05,0.0034933670734365783,0.0034933670734365783,True,0.0034933670734365783,-46.78898693811306,0,2.333479404449463
tcn_transformer_ae,332,1000,0.006097398543109496,0.0034720838690797486,9,9,5,0.0034933670734365783,0.0034933670734365783,-46.78898693811306,0,0.0003,/home/danderety/Documents/GitHub/TCN_Transformer_anomaly_analizer/outputs/lo2/models/tcn_transformer_ae_seed43_best.pt,real_val_plus_val_synthetic,,,,,,,,,,,False,,,False,False,True,False,False,0.05,0.0034720838690797486,0.0034720838690797486,True,0.0034720838690797486,-46.78898693811306,0,1.8161842823028564
tcn_transformer_ae,333,1000,0.0060701980255544186,0.0034513038117438555,9,9,5,0.0034720838690797486,0.0034720838690797486,-46.78898693811306,0,0.0003,/home/danderety/Documents/GitHub/TCN_Transformer_anomaly_analizer/outputs/lo2/models/tcn_transformer_ae_seed43_best.pt,real_val_plus_val_synthetic,,,,,,,,,,,False,,,False,False,True,False,False,0.05,0.0034513038117438555,0.0034513038117438555,True,0.0034513038117438555,-46.78898693811306,0,0.9875402450561523
tcn_transformer_ae,334,1000,0.006016211428989966,0.0034304275953521333,9,9,5,0.0034513038117438555,0.0034513038117438555,-46.78898693811306,0,0.0003,/home/danderety/Documents/GitHub/TCN_Transformer_anomaly_analizer/outputs/lo2/models/tcn_transformer_ae_seed43_best.pt,real_val_plus_val_synthetic,,,,,,,,,,,False,,,False,False,True,False,False,0.05,0.0034304275953521333,0.0034304275953521333,True,0.0034304275953521333,-46.78898693811306,0,2.3320841789245605
tcn_transformer_ae,335,1000,0.006010242582609256,0.0034096112164358297,9,9,5,0.0034304275953521333,0.0034304275953521333,-46.78898693811306,0,0.0003,/home/danderety/Documents/GitHub/TCN_Transformer_anomaly_analizer/outputs/lo2/models/tcn_transformer_ae_seed43_best.pt,real_val_plus_val_synthetic,0.7457627118644068,0.5057471264367817,0.6027397260273972,15.0,43.0,2.2864832401275628,2.2864832401275628,-0.8377594351768495,False,quantile,True,2.2796161174774165,-46.78898693811306,False,True,True,False,False,0.05,0.0034096112164358297,0.0034096112164358297,True,0.0034096112164358297,-46.78898693811306,0,2.071852922439575
tcn_transformer_ae,336,1000,0.0060075740329921246,0.0033888090401887894,9,9,5,0.0034096112164358297,0.0034096112164358297,-46.78898693811306,0,0.0003,/home/danderety/Documents/GitHub/TCN_Transformer_anomaly_analizer/outputs/lo2/models/tcn_transformer_ae_seed43_best.pt,real_val_plus_val_synthetic,,,,,,,,,,,False,,,False,False,True,False,False,0.05,0.0033888090401887894,0.0033888090401887894,True,0.0033888090401887894,-46.78898693811306,0,0.6177749633789062
tcn_transformer_ae,337,1000,0.0059314883934954805,0.003368573961779475,9,9,5,0.0033888090401887894,0.0033888090401887894,-46.78898693811306,0,0.0003,/home/danderety/Documents/GitHub/TCN_Transformer_anomaly_analizer/outputs/lo2/models/tcn_transformer_ae_seed43_best.pt,real_val_plus_val_synthetic,,,,,,,,,,,False,,,False,False,True,False,False,0.05,0.003368573961779475,0.003368573961779475,True,0.003368573961779475,-46.78898693811306,0,0.6315140724182129
tcn_transformer_ae,338,1000,0.005880765461673339,0.003348456850896279,9,9,5,0.003368573961779475,0.003368573961779475,-46.78898693811306,0,0.0003,/home/danderety/Documents/GitHub/TCN_Transformer_anomaly_analizer/outputs/lo2/models/tcn_transformer_ae_seed43_best.pt,real_val_plus_val_synthetic,,,,,,,,,,,False,,,False,False,True,False,False,0.05,0.003348456850896279,0.003348456850896279,True,0.003348456850896279,-46.78898693811306,0,0.6930561065673828
tcn_transformer_ae,339,1000,0.005832846586902936,0.00332889457543691,9,9,5,0.003348456850896279,0.003348456850896279,-46.78898693811306,0,0.0003,/home/danderety/Documents/GitHub/TCN_Transformer_anomaly_analizer/outputs/lo2/models/tcn_transformer_ae_seed43_best.pt,real_val_plus_val_synthetic,,,,,,,,,,,False,,,False,False,True,False,False,0.05,0.00332889457543691,0.00332889457543691,True,0.00332889457543691,-46.78898693811306,0,2.2239396572113037
tcn_transformer_ae,340,1000,0.0058302601488928,0.0033096481735507646,9,9,5,0.00332889457543691,0.00332889457543691,-46.78898693811306,0,0.0003,/home/danderety/Documents/GitHub/TCN_Transformer_anomaly_analizer/outputs/lo2/models/tcn_transformer_ae_seed43_best.pt,real_val_plus_val_synthetic,0.7457627118644068,0.5057471264367817,0.6027397260273972,15.0,43.0,2.29437266588211,2.29437266588211,-0.8424021005630494,False,quantile,True,2.2864832401275628,-46.78898693811306,False,True,True,False,False,0.05,0.0033096481735507646,0.0033096481735507646,True,0.0033096481735507646,-46.78898693811306,0,2.5612685680389404
tcn_transformer_ae,341,1000,0.005822404753416777,0.0032908744954814515,9,9,5,0.0033096481735507646,0.0033096481735507646,-46.78898693811306,0,0.0003,/home/danderety/Documents/GitHub/TCN_Transformer_anomaly_analizer/outputs/lo2/models/tcn_transformer_ae_seed43_best.pt,real_val_plus_val_synthetic,,,,,,,,,,,False,,,False,False,True,False,False,0.05,0.0032908744954814515,0.0032908744954814515,True,0.0032908744954814515,-46.78898693811306,0,0.714942216873169
tcn_transformer_ae,342,1000,0.005787866190075874,0.0032715393075098595,9,9,5,0.0032908744954814515,0.0032908744954814515,-46.78898693811306,0,0.0003,/home/danderety/Documents/GitHub/TCN_Transformer_anomaly_analizer/outputs/lo2/models/tcn_transformer_ae_seed43_best.pt,real_val_plus_val_synthetic,,,,,,,,,,,False,,,False,False,True,False,False,0.05,0.0032715393075098595,0.0032715393075098595,True,0.0032715393075098595,-46.78898693811306,0,2.679947853088379
tcn_transformer_ae,343,1000,0.005753396389385064,0.003252147464081645,9,9,5,0.0032715393075098595,0.0032715393075098595,-46.78898693811306,0,0.0003,/home/danderety/Documents/GitHub/TCN_Transformer_anomaly_analizer/outputs/lo2/models/tcn_transformer_ae_seed43_best.pt,real_val_plus_val_synthetic,,,,,,,,,,,False,,,False,False,True,False,False,0.05,0.003252147464081645,0.003252147464081645,True,0.003252147464081645,-46.78898693811306,0,0.7541401386260986
tcn_transformer_ae,344,1000,0.0056950608268380165,0.00323303765617311,9,9,5,0.003252147464081645,0.003252147464081645,-46.78898693811306,0,0.0003,/home/danderety/Documents/GitHub/TCN_Transformer_anomaly_analizer/outputs/lo2/models/tcn_transformer_ae_seed43_best.pt,real_val_plus_val_synthetic,,,,,,,,,,,False,,,False,False,True,False,False,0.05,0.00323303765617311,0.00323303765617311,True,0.00323303765617311,-46.78898693811306,0,2.0457513332366943
tcn_transformer_ae,345,1000,0.005651895422488451,0.0032143155888964734,9,9,5,0.00323303765617311,0.00323303765617311,-46.78898693811306,0,0.0003,/home/danderety/Documents/GitHub/TCN_Transformer_anomaly_analizer/outputs/lo2/models/tcn_transformer_ae_seed43_best.pt,real_val_plus_val_synthetic,0.7457627118644068,0.5057471264367817,0.6027397260273972,15.0,43.0,2.2957246422767636,2.2957246422767636,-0.8459101915359498,False,quantile,True,2.29437266588211,-46.78898693811306,False,True,True,False,False,0.05,0.0032143155888964734,0.0032143155888964734,True,0.0032143155888964734,-46.78898693811306,0,2.092288017272949
tcn_transformer_ae,346,1000,0.0056182776267329855,0.0031960015185177326,9,9,5,0.0032143155888964734,0.0032143155888964734,-46.78898693811306,0,0.0003,/home/danderety/Documents/GitHub/TCN_Transformer_anomaly_analizer/outputs/lo2/models/tcn_transformer_ae_seed43_best.pt,real_val_plus_val_synthetic,,,,,,,,,,,False,,,False,False,True,False,False,0.05,0.0031960015185177326,0.0031960015185177326,True,0.0031960015185177326,-46.78898693811306,0,0.6778874397277832
tcn_transformer_ae,347,1000,0.005599126685410738,0.003177533857524395,9,9,5,0.0031960015185177326,0.0031960015185177326,-46.78898693811306,0,0.0003,/home/danderety/Documents/GitHub/TCN_Transformer_anomaly_analizer/outputs/lo2/models/tcn_transformer_ae_seed43_best.pt,real_val_plus_val_synthetic,,,,,,,,,,,False,,,False,False,True,False,False,0.05,0.003177533857524395,0.003177533857524395,True,0.003177533857524395,-46.78898693811306,0,2.384706974029541
tcn_transformer_ae,348,1000,0.005566042227049668,0.0031593929355343184,9,9,5,0.003177533857524395,0.003177533857524395,-46.78898693811306,0,0.0003,/home/danderety/Documents/GitHub/TCN_Transformer_anomaly_analizer/outputs/lo2/models/tcn_transformer_ae_seed43_best.pt,real_val_plus_val_synthetic,,,,,,,,,,,False,,,False,False,True,False,False,0.05,0.0031593929355343184,0.0031593929355343184,True,0.0031593929355343184,-46.78898693811306,0,0.6933338642120361
tcn_transformer_ae,349,1000,0.005503710980216662,0.0031412246947487197,9,9,5,0.0031593929355343184,0.0031593929355343184,-46.78898693811306,0,0.0003,/home/danderety/Documents/GitHub/TCN_Transformer_anomaly_analizer/outputs/lo2/models/tcn_transformer_ae_seed43_best.pt,real_val_plus_val_synthetic,,,,,,,,,,,False,,,False,False,True,False,False,0.05,0.0031412246947487197,0.0031412246947487197,True,0.0031412246947487197,-46.78898693811306,0,1.8446781635284424
tcn_transformer_ae,350,1000,0.00547973004480203,0.0031230656895786524,9,9,5,0.0031412246947487197,0.0031412246947487197,-46.78898693811306,0,0.0003,/home/danderety/Documents/GitHub/TCN_Transformer_anomaly_analizer/outputs/lo2/models/tcn_transformer_ae_seed43_best.pt,real_val_plus_val_synthetic,0.7457627118644068,0.5057471264367817,0.6027397260273972,15.0,43.0,2.2999583959579466,2.2999583959579466,-0.8454195857048036,False,quantile,True,2.2957246422767636,-46.78898693811306,False,True,True,False,False,0.05,0.0031230656895786524,0.0031230656895786524,True,0.0031230656895786524,-46.78898693811306,0,2.139686346054077
tcn_transformer_ae,351,1000,0.005477363554139932,0.0031050740896413722,9,9,5,0.0031230656895786524,0.0031230656895786524,-46.78898693811306,0,0.0003,/home/danderety/Documents/GitHub/TCN_Transformer_anomaly_analizer/outputs/lo2/models/tcn_transformer_ae_seed43_best.pt,real_val_plus_val_synthetic,,,,,,,,,,,False,,,False,False,True,False,False,0.05,0.0031050740896413722,0.0031050740896413722,True,0.0031050740896413722,-46.78898693811306,0,2.6369876861572266
tcn_transformer_ae,352,1000,0.005444187670946121,0.003087361187984546,9,9,5,0.0031050740896413722,0.0031050740896413722,-46.78898693811306,0,0.0003,/home/danderety/Documents/GitHub/TCN_Transformer_anomaly_analizer/outputs/lo2/models/tcn_transformer_ae_seed43_best.pt,real_val_plus_val_synthetic,,,,,,,,,,,False,,,False,False,True,False,False,0.05,0.003087361187984546,0.003087361187984546,True,0.003087361187984546,-46.78898693811306,0,0.6533548831939697
tcn_transformer_ae,353,1000,0.005427035503089428,0.003070061095058918,9,9,5,0.003087361187984546,0.003087361187984546,-46.78898693811306,0,0.0003,/home/danderety/Documents/GitHub/TCN_Transformer_anomaly_analizer/outputs/lo2/models/tcn_transformer_ae_seed43_best.pt,real_val_plus_val_synthetic,,,,,,,,,,,False,,,False,False,True,False,False,0.05,0.003070061095058918,0.003070061095058918,True,0.003070061095058918,-46.78898693811306,0,2.4726619720458984
tcn_transformer_ae,354,1000,0.005388235052426656,0.003052815251673261,9,9,5,0.003070061095058918,0.003070061095058918,-46.78898693811306,0,0.0003,/home/danderety/Documents/GitHub/TCN_Transformer_anomaly_analizer/outputs/lo2/models/tcn_transformer_ae_seed43_best.pt,real_val_plus_val_synthetic,,,,,,,,,,,False,,,False,False,True,False,False,0.05,0.003052815251673261,0.003052815251673261,True,0.003052815251673261,-46.78898693811306,0,0.7066831588745117
tcn_transformer_ae,355,1000,0.005352307887127002,0.003035855091487368,9,9,5,0.003052815251673261,0.003052815251673261,-46.78898693811306,0,0.0003,/home/danderety/Documents/GitHub/TCN_Transformer_anomaly_analizer/outputs/lo2/models/tcn_transformer_ae_seed43_best.pt,real_val_plus_val_synthetic,0.7457627118644068,0.5057471264367817,0.6027397260273972,15.0,43.0,2.301080536842346,2.301080536842346,-0.8513752818107606,False,quantile,True,2.2999583959579466,-46.78898693811306,False,True,True,False,False,0.05,0.003035855091487368,0.003035855091487368,True,0.003035855091487368,-46.78898693811306,0,2.063098430633545
tcn_transformer_ae,356,1000,0.005324922346820434,0.0030189916336288056,9,9,5,0.003035855091487368,0.003035855091487368,-46.78898693811306,0,0.0003,/home/danderety/Documents/GitHub/TCN_Transformer_anomaly_analizer/outputs/lo2/models/tcn_transformer_ae_seed43_best.pt,real_val_plus_val_synthetic,,,,,,,,,,,False,,,False,False,True,False,False,0.05,0.0030189916336288056,0.0030189916336288056,True,0.0030189916336288056,-46.78898693811306,0,0.6778786182403564
tcn_transformer_ae,357,1000,0.005303490596512954,0.0030019100910673537,9,9,5,0.0030189916336288056,0.0030189916336288056,-46.78898693811306,0,0.0003,/home/danderety/Documents/GitHub/TCN_Transformer_anomaly_analizer/outputs/lo2/models/tcn_transformer_ae_seed43_best.pt,real_val_plus_val_synthetic,,,,,,,,,,,False,,,False,False,True,False,False,0.05,0.0030019100910673537,0.0030019100910673537,True,0.0030019100910673537,-46.78898693811306,0,2.367948055267334
tcn_transformer_ae,358,1000,0.005244973270843427,0.0029851108944664397,9,9,5,0.0030019100910673537,0.0030019100910673537,-46.78898693811306,0,0.0003,/home/danderety/Documents/GitHub/TCN_Transformer_anomaly_analizer/outputs/lo2/models/tcn_transformer_ae_seed43_best.pt,real_val_plus_val_synthetic,,,,,,,,,,,False,,,False,False,True,False,False,0.05,0.0029851108944664397,0.0029851108944664397,True,0.0029851108944664397,-46.78898693811306,0,0.7048332691192627
tcn_transformer_ae,359,1000,0.005251672274122636,0.00296841220309337,9,9,5,0.0029851108944664397,0.0029851108944664397,-46.78898693811306,0,0.0003,/home/danderety/Documents/GitHub/TCN_Transformer_anomaly_analizer/outputs/lo2/models/tcn_transformer_ae_seed43_best.pt,real_val_plus_val_synthetic,,,,,,,,,,,False,,,False,False,True,False,False,0.05,0.00296841220309337,0.00296841220309337,True,0.00296841220309337,-46.78898693811306,0,2.5124289989471436
tcn_transformer_ae,360,1000,0.005221720319241285,0.002952010448401173,9,9,5,0.00296841220309337,0.00296841220309337,-46.78898693811306,0,0.0003,/home/danderety/Documents/GitHub/TCN_Transformer_anomaly_analizer/outputs/lo2/models/tcn_transformer_ae_seed43_best.pt,real_val_plus_val_synthetic,0.7457627118644068,0.5057471264367817,0.6027397260273972,15.0,43.0,2.2888101220130914,2.2888101220130914,-0.8526684045791627,False,quantile,True,2.301080536842346,-46.78898693811306,False,True,True,False,False,0.05,0.002952010448401173,0.002952010448401173,True,0.002952010448401173,-46.78898693811306,0,2.1383063793182373
tcn_transformer_ae,361,1000,0.0051523020180563135,0.0029356125742197037,9,9,5,0.002952010448401173,0.002952010448401173,-46.78898693811306,0,0.0003,/home/danderety/Documents/GitHub/TCN_Transformer_anomaly_analizer/outputs/lo2/models/tcn_transformer_ae_seed43_best.pt,real_val_plus_val_synthetic,,,,,,,,,,,False,,,False,False,True,False,False,0.05,0.0029356125742197037,0.0029356125742197037,True,0.0029356125742197037,-46.78898693811306,0,2.7114686965942383
tcn_transformer_ae,362,1000,0.005170769679049651,0.0029193699980775514,9,9,5,0.0029356125742197037,0.0029356125742197037,-46.78898693811306,0,0.0003,/home/danderety/Documents/GitHub/TCN_Transformer_anomaly_analizer/outputs/lo2/models/tcn_transformer_ae_seed43_best.pt,real_val_plus_val_synthetic,,,,,,,,,,,False,,,False,False,True,False,False,0.05,0.0029193699980775514,0.0029193699980775514,True,0.0029193699980775514,-46.78898693811306,0,0.6061384677886963
tcn_transformer_ae,363,1000,0.005154668198277553,0.0029034409672021866,9,9,5,0.0029193699980775514,0.0029193699980775514,-46.78898693811306,0,0.0003,/home/danderety/Documents/GitHub/TCN_Transformer_anomaly_analizer/outputs/lo2/models/tcn_transformer_ae_seed43_best.pt,real_val_plus_val_synthetic,,,,,,,,,,,False,,,False,False,True,False,False,0.05,0.0029034409672021866,0.0029034409672021866,True,0.0029034409672021866,-46.78898693811306,0,0.6323869228363037
tcn_transformer_ae,364,1000,0.005105202707151572,0.0028877838825186095,9,9,5,0.0029034409672021866,0.0029034409672021866,-46.78898693811306,0,0.0003,/home/danderety/Documents/GitHub/TCN_Transformer_anomaly_analizer/outputs/lo2/models/tcn_transformer_ae_seed43_best.pt,real_val_plus_val_synthetic,,,,,,,,,,,False,,,False,False,True,False,False,0.05,0.0028877838825186095,0.0028877838825186095,True,0.0028877838825186095,-46.78898693811306,0,0.7307925224304199
tcn_transformer_ae,365,1000,0.00505796338741978,0.0028719432496776185,9,9,5,0.0028877838825186095,0.0028877838825186095,-46.78898693811306,0,0.0003,/home/danderety/Documents/GitHub/TCN_Transformer_anomaly_analizer/outputs/lo2/models/tcn_transformer_ae_seed43_best.pt,real_val_plus_val_synthetic,0.7457627118644068,0.5057471264367817,0.6027397260273972,15.0,43.0,2.2900257825851438,2.2900257825851438,-0.8554755449295045,False,quantile,True,2.2888101220130914,-46.78898693811306,False,True,True,False,False,0.05,0.0028719432496776185,0.0028719432496776185,True,0.0028719432496776185,-46.78898693811306,0,2.0695221424102783
tcn_transformer_ae,366,1000,0.005072317086160183,0.0028563585753242173,9,9,5,0.0028719432496776185,0.0028719432496776185,-46.78898693811306,0,0.0003,/home/danderety/Documents/GitHub/TCN_Transformer_anomaly_analizer/outputs/lo2/models/tcn_transformer_ae_seed43_best.pt,real_val_plus_val_synthetic,,,,,,,,,,,False,,,False,False,True,False,False,0.05,0.0028563585753242173,0.0028563585753242173,True,0.0028563585753242173,-46.78898693811306,0,0.6269497871398926
tcn_transformer_ae,367,1000,0.0050011153022448225,0.0028407523253311715,9,9,5,0.0028563585753242173,0.0028563585753242173,-46.78898693811306,0,0.0003,/home/danderety/Documents/GitHub/TCN_Transformer_anomaly_analizer/outputs/lo2/models/tcn_transformer_ae_seed43_best.pt,real_val_plus_val_synthetic,,,,,,,,,,,False,,,False,False,True,False,False,0.05,0.0028407523253311715,0.0028407523253311715,True,0.0028407523253311715,-46.78898693811306,0,0.6745531558990479
tcn_transformer_ae,368,1000,0.00501865241676569,0.0028251666420449815,9,9,5,0.0028407523253311715,0.0028407523253311715,-46.78898693811306,0,0.0003,/home/danderety/Documents/GitHub/TCN_Transformer_anomaly_analizer/outputs/lo2/models/tcn_transformer_ae_seed43_best.pt,real_val_plus_val_synthetic,,,,,,,,,,,False,,,False,False,True,False,False,0.05,0.0028251666420449815,0.0028251666420449815,True,0.0028251666420449815,-46.78898693811306,0,2.324118137359619
tcn_transformer_ae,369,1000,0.004982693586498499,0.002809749683365226,9,9,5,0.0028251666420449815,0.0028251666420449815,-46.78898693811306,0,0.0003,/home/danderety/Documents/GitHub/TCN_Transformer_anomaly_analizer/outputs/lo2/models/tcn_transformer_ae_seed43_best.pt,real_val_plus_val_synthetic,,,,,,,,,,,False,,,False,False,True,False,False,0.05,0.002809749683365226,0.002809749683365226,True,0.002809749683365226,-46.78898693811306,0,0.706629753112793
tcn_transformer_ae,370,1000,0.004956013057380915,0.002794563459853331,9,9,5,0.002809749683365226,0.002809749683365226,-46.78898693811306,0,0.0003,/home/danderety/Documents/GitHub/TCN_Transformer_anomaly_analizer/outputs/lo2/models/tcn_transformer_ae_seed43_best.pt,real_val_plus_val_synthetic,0.7457627118644068,0.5057471264367817,0.6027397260273972,15.0,43.0,2.297045850753784,2.297045850753784,-0.8527097702026368,False,quantile,True,2.2900257825851438,-46.78898693811306,False,True,True,False,False,0.05,0.002794563459853331,0.002794563459853331,True,0.002794563459853331,-46.78898693811306,0,2.1264936923980713
tcn_transformer_ae,371,1000,0.004894807779540618,0.00277943117544055,9,9,5,0.002794563459853331,0.002794563459853331,-46.78898693811306,0,0.0003,/home/danderety/Documents/GitHub/TCN_Transformer_anomaly_analizer/outputs/lo2/models/tcn_transformer_ae_seed43_best.pt,real_val_plus_val_synthetic,,,,,,,,,,,False,,,False,False,True,False,False,0.05,0.00277943117544055,0.00277943117544055,True,0.00277943117544055,-46.78898693811306,0,1.9614229202270508
tcn_transformer_ae,372,1000,0.004891212098300457,0.0027644863973061242,9,9,5,0.00277943117544055,0.00277943117544055,-46.78898693811306,0,0.0003,/home/danderety/Documents/GitHub/TCN_Transformer_anomaly_analizer/outputs/lo2/models/tcn_transformer_ae_seed43_best.pt,real_val_plus_val_synthetic,,,,,,,,,,,False,,,False,False,True,False,False,0.05,0.0027644863973061242,0.0027644863973061242,True,0.0027644863973061242,-46.78898693811306,0,0.6782829761505127
tcn_transformer_ae,373,1000,0.004851968182871739,0.002749743560949961,9,9,5,0.0027644863973061242,0.0027644863973061242,-46.78898693811306,0,0.0003,/home/danderety/Documents/GitHub/TCN_Transformer_anomaly_analizer/outputs/lo2/models/tcn_transformer_ae_seed43_best.pt,real_val_plus_val_synthetic,,,,,,,,,,,False,,,False,False,True,False,False,0.05,0.002749743560949961,0.002749743560949961,True,0.002749743560949961,-46.78898693811306,0,2.4713430404663086
tcn_transformer_ae,374,1000,0.004839560482650995,0.0027354757767170668,9,9,5,0.002749743560949961,0.002749743560949961,-46.78898693811306,0,0.0003,/home/danderety/Documents/GitHub/TCN_Transformer_anomaly_analizer/outputs/lo2/models/tcn_transformer_ae_seed43_best.pt,real_val_plus_val_synthetic,,,,,,,,,,,False,,,False,False,True,False,False,0.05,0.0027354757767170668,0.0027354757767170668,True,0.0027354757767170668,-46.78898693811306,0,0.6027939319610596
tcn_transformer_ae,375,1000,0.004815704034020503,0.002720895456150174,9,9,5,0.0027354757767170668,0.0027354757767170668,-46.78898693811306,0,0.0003,/home/danderety/Documents/GitHub/TCN_Transformer_anomaly_analizer/outputs/lo2/models/tcn_transformer_ae_seed43_best.pt,real_val_plus_val_synthetic,0.7457627118644068,0.5057471264367817,0.6027397260273972,15.0,43.0,2.315577495098114,2.315577495098114,-0.8546027541160585,False,quantile,True,2.297045850753784,-46.78898693811306,False,True,True,False,False,0.05,0.002720895456150174,0.002720895456150174,True,0.002720895456150174,-46.78898693811306,0,2.1332719326019287
tcn_transformer_ae,376,1000,0.004790699419875939,0.0027066897600889206,9,9,5,0.002720895456150174,0.002720895456150174,-46.78898693811306,0,0.0003,/home/danderety/Documents/GitHub/TCN_Transformer_anomaly_analizer/outputs/lo2/models/tcn_transformer_ae_seed43_best.pt,real_val_plus_val_synthetic,,,,,,,,,,,False,,,False,False,True,False,False,0.05,0.0027066897600889206,0.0027066897600889206,True,0.0027066897600889206,-46.78898693811306,0,0.681725263595581
tcn_transformer_ae,377,1000,0.004786527405182521,0.0026925225586940846,9,9,5,0.0027066897600889206,0.0027066897600889206,-46.78898693811306,0,0.0003,/home/danderety/Documents/GitHub/TCN_Transformer_anomaly_analizer/outputs/lo2/models/tcn_transformer_ae_seed43_best.pt,real_val_plus_val_synthetic,,,,,,,,,,,False,,,False,False,True,False,False,0.05,0.0026925225586940846,0.0026925225586940846,True,0.0026925225586940846,-46.78898693811306,0,1.728729486465454
tcn_transformer_ae,378,1000,0.004750772379338741,0.0026779490678260722,9,9,5,0.0026925225586940846,0.0026925225586940846,-46.78898693811306,0,0.0003,/home/danderety/Documents/GitHub/TCN_Transformer_anomaly_analizer/outputs/lo2/models/tcn_transformer_ae_seed43_best.pt,real_val_plus_val_synthetic,,,,,,,,,,,False,,,False,False,True,False,False,0.05,0.0026779490678260722,0.0026779490678260722,True,0.0026779490678260722,-46.78898693811306,0,2.224489450454712
tcn_transformer_ae,379,1000,0.004713370930403471,0.0026636370457708836,9,9,5,0.0026779490678260722,0.0026779490678260722,-46.78898693811306,0,0.0003,/home/danderety/Documents/GitHub/TCN_Transformer_anomaly_analizer/outputs/lo2/models/tcn_transformer_ae_seed43_best.pt,real_val_plus_val_synthetic,,,,,,,,,,,False,,,False,False,True,False,False,0.05,0.0026636370457708836,0.0026636370457708836,True,0.0026636370457708836,-46.78898693811306,0,0.882777214050293
tcn_transformer_ae,380,1000,0.004703536940117677,0.0026498017832636833,9,9,5,0.0026636370457708836,0.0026636370457708836,-46.78898693811306,0,0.0003,/home/danderety/Documents/GitHub/TCN_Transformer_anomaly_analizer/outputs/lo2/models/tcn_transformer_ae_seed43_best.pt,real_val_plus_val_synthetic,0.7457627118644068,0.5057471264367817,0.6027397260273972,15.0,43.0,2.306789433956146,2.306789433956146,-0.8543252348899842,False,quantile,True,2.315577495098114,-46.78898693811306,False,True,True,False,False,0.05,0.0026498017832636833,0.0026498017832636833,True,0.0026498017832636833,-46.78898693811306,0,2.139936923980713
tcn_transformer_ae,381,1000,0.004684646458675464,0.0026362665618459382,9,9,5,0.0026498017832636833,0.0026498017832636833,-46.78898693811306,0,0.0003,/home/danderety/Documents/GitHub/TCN_Transformer_anomaly_analizer/outputs/lo2/models/tcn_transformer_ae_seed43_best.pt,real_val_plus_val_synthetic,,,,,,,,,,,False,,,False,False,True,False,False,0.05,0.0026362665618459382,0.0026362665618459382,True,0.0026362665618459382,-46.78898693811306,0,1.9345779418945312
tcn_transformer_ae,382,1000,0.004638010015090306,0.0026226480646679797,9,9,5,0.0026362665618459382,0.0026362665618459382,-46.78898693811306,0,0.0003,/home/danderety/Documents/GitHub/TCN_Transformer_anomaly_analizer/outputs/lo2/models/tcn_transformer_ae_seed43_best.pt,real_val_plus_val_synthetic,,,,,,,,,,,False,,,False,False,True,False,False,0.05,0.0026226480646679797,0.0026226480646679797,True,0.0026226480646679797,-46.78898693811306,0,0.9145894050598145
tcn_transformer_ae,383,1000,0.004610073287039995,0.002608923319106301,9,9,5,0.0026226480646679797,0.0026226480646679797,-46.78898693811306,0,0.0003,/home/danderety/Documents/GitHub/TCN_Transformer_anomaly_analizer/outputs/lo2/models/tcn_transformer_ae_seed43_best.pt,real_val_plus_val_synthetic,,,,,,,,,,,False,,,False,False,True,False,False,0.05,0.002608923319106301,0.002608923319106301,True,0.002608923319106301,-46.78898693811306,0,2.2676219940185547
tcn_transformer_ae,384,1000,0.004604122291008632,0.002595391279707352,9,9,5,0.002608923319106301,0.002608923319106301,-46.78898693811306,0,0.0003,/home/danderety/Documents/GitHub/TCN_Transformer_anomaly_analizer/outputs/lo2/models/tcn_transformer_ae_seed43_best.pt,real_val_plus_val_synthetic,,,,,,,,,,,False,,,False,False,True,False,False,0.05,0.002595391279707352,0.002595391279707352,True,0.002595391279707352,-46.78898693811306,0,0.6829454898834229
tcn_transformer_ae,385,1000,0.004577236094822486,0.0025817448428521552,9,9,5,0.002595391279707352,0.002595391279707352,-46.78898693811306,0,0.0003,/home/danderety/Documents/GitHub/TCN_Transformer_anomaly_analizer/outputs/lo2/models/tcn_transformer_ae_seed43_best.pt,real_val_plus_val_synthetic,0.7586206896551724,0.5057471264367817,0.6068965517241379,14.0,43.0,2.3121463656425476,2.3121463656425476,-0.8563097715377809,False,quantile,True,2.306789433956146,-46.781167108753316,True,True,True,True,True,0.05,0.0025817448428521552,0.0025817448428521552,True,0.0025817448428521552,-46.781167108753316,0,2.1158041954040527
tcn_transformer_ae,386,1000,0.004553383371482293,0.0025683914621671042,9,9,5,0.0025817448428521552,0.0025817448428521552,-46.781167108753316,0,0.0003,/home/danderety/Documents/GitHub/TCN_Transformer_anomaly_analizer/outputs/lo2/models/tcn_transformer_ae_seed43_best.pt,real_val_plus_val_synthetic,,,,,,,,,,,False,,,False,False,True,False,False,0.05,0.0025683914621671042,0.0025683914621671042,True,0.0025683914621671042,-46.781167108753316,0,0.6934404373168945
tcn_transformer_ae,387,1000,0.004548601806163788,0.002554995628694693,9,9,5,0.0025683914621671042,0.0025683914621671042,-46.781167108753316,0,0.0003,/home/danderety/Documents/GitHub/TCN_Transformer_anomaly_analizer/outputs/lo2/models/tcn_transformer_ae_seed43_best.pt,real_val_plus_val_synthetic,,,,,,,,,,,False,,,False,False,True,False,False,0.05,0.002554995628694693,0.002554995628694693,True,0.002554995628694693,-46.781167108753316,0,2.4939496517181396
tcn_transformer_ae,388,1000,0.0045160298856596155,0.0025416810531169176,9,9,5,0.002554995628694693,0.002554995628694693,-46.781167108753316,0,0.0003,/home/danderety/Documents/GitHub/TCN_Transformer_anomaly_analizer/outputs/lo2/models/tcn_transformer_ae_seed43_best.pt,real_val_plus_val_synthetic,,,,,,,,,,,False,,,False,False,True,False,False,0.05,0.0025416810531169176,0.0025416810531169176,True,0.0025416810531169176,-46.781167108753316,0,1.0245475769042969
tcn_transformer_ae,389,1000,0.004497470644613107,0.0025285050893823304,9,9,5,0.0025416810531169176,0.0025416810531169176,-46.781167108753316,0,0.0003,/home/danderety/Documents/GitHub/TCN_Transformer_anomaly_analizer/outputs/lo2/models/tcn_transformer_ae_seed43_best.pt,real_val_plus_val_synthetic,,,,,,,,,,,False,,,False,False,True,False,False,0.05,0.0025285050893823304,0.0025285050893823304,True,0.0025285050893823304,-46.781167108753316,0,1.24027419090271
tcn_transformer_ae,390,1000,0.004473116248846054,0.0025155567564070225,9,9,5,0.0025285050893823304,0.0025285050893823304,-46.781167108753316,0,0.0003,/home/danderety/Documents/GitHub/TCN_Transformer_anomaly_analizer/outputs/lo2/models/tcn_transformer_ae_seed43_best.pt,real_val_plus_val_synthetic,0.7586206896551724,0.5057471264367817,0.6068965517241379,14.0,43.0,2.3109178304672238,2.3109178304672238,-0.8581009507179261,False,quantile,True,2.3121463656425476,-46.781167108753316,False,True,True,False,False,0.05,0.0025155567564070225,0.0025155567564070225,True,0.0025155567564070225,-46.781167108753316,0,2.12546968460083
tcn_transformer_ae,391,1000,0.004449196935941775,0.002502803225070238,9,9,5,0.0025155567564070225,0.0025155567564070225,-46.781167108753316,0,0.0003,/home/danderety/Documents/GitHub/TCN_Transformer_anomaly_analizer/outputs/lo2/models/tcn_transformer_ae_seed43_best.pt,real_val_plus_val_synthetic,,,,,,,,,,,False,,,False,False,True,False,False,0.05,0.002502803225070238,0.002502803225070238,True,0.002502803225070238,-46.781167108753316,0,2.565136194229126
tcn_transformer_ae,392,1000,0.004407625024517377,0.0024900486848006644,9,9,5,0.002502803225070238,0.002502803225070238,-46.781167108753316,0,0.0003,/home/danderety/Documents/GitHub/TCN_Transformer_anomaly_analizer/outputs/lo2/models/tcn_transformer_ae_seed43_best.pt,real_val_plus_val_synthetic,,,,,,,,,,,False,,,False,False,True,False,False,0.05,0.0024900486848006644,0.0024900486848006644,True,0.0024900486848006644,-46.781167108753316,0,0.9768214225769043
tcn_transformer_ae,393,1000,0.004394884376476209,0.0024774253834038973,9,9,5,0.0024900486848006644,0.0024900486848006644,-46.781167108753316,0,0.0003,/home/danderety/Documents/GitHub/TCN_Transformer_anomaly_analizer/outputs/lo2/models/tcn_transformer_ae_seed43_best.pt,real_val_plus_val_synthetic,,,,,,,,,,,False,,,False,False,True,False,False,0.05,0.0024774253834038973,0.0024774253834038973,True,0.0024774253834038973,-46.781167108753316,0,1.9532020092010498
tcn_transformer_ae,394,1000,0.0043744042826195555,0.0024649543532480798,9,9,5,0.0024774253834038973,0.0024774253834038973,-46.781167108753316,0,0.0003,/home/danderety/Documents/GitHub/TCN_Transformer_anomaly_analizer/outputs/lo2/models/tcn_transformer_ae_seed43_best.pt,real_val_plus_val_synthetic,,,,,,,,,,,False,,,False,False,True,False,False,0.05,0.0024649543532480798,0.0024649543532480798,True,0.0024649543532480798,-46.781167108753316,0,0.6034445762634277
tcn_transformer_ae,395,1000,0.004364546854048967,0.002452739824851354,9,9,5,0.0024649543532480798,0.0024649543532480798,-46.781167108753316,0,0.0003,/home/danderety/Documents/GitHub/TCN_Transformer_anomaly_analizer/outputs/lo2/models/tcn_transformer_ae_seed43_best.pt,real_val_plus_val_synthetic,0.7586206896551724,0.5057471264367817,0.6068965517241379,14.0,43.0,2.3062757372856137,2.3062757372856137,-0.8594290018081666,False,quantile,True,2.3109178304672238,-46.781167108753316,False,True,True,False,False,0.05,0.002452739824851354,0.002452739824851354,True,0.002452739824851354,-46.781167108753316,0,2.0625126361846924
tcn_transformer_ae,396,1000,0.004353479947894812,0.002440536937986811,9,9,5,0.002452739824851354,0.002452739824851354,-46.781167108753316,0,0.0003,/home/danderety/Documents/GitHub/TCN_Transformer_anomaly_analizer/outputs/lo2/models/tcn_transformer_ae_seed43_best.pt,real_val_plus_val_synthetic,,,,,,,,,,,False,,,False,False,True,False,False,0.05,0.002440536937986811,0.002440536937986811,True,0.002440536937986811,-46.781167108753316,0,0.7122454643249512
tcn_transformer_ae,397,1000,0.004327876182893912,0.002428365172818303,9,9,5,0.002440536937986811,0.002440536937986811,-46.781167108753316,0,0.0003,/home/danderety/Documents/GitHub/TCN_Transformer_anomaly_analizer/outputs/lo2/models/tcn_transformer_ae_seed43_best.pt,real_val_plus_val_synthetic,,,,,,,,,,,False,,,False,False,True,False,False,0.05,0.002428365172818303,0.002428365172818303,True,0.002428365172818303,-46.781167108753316,0,2.832385778427124
tcn_transformer_ae,398,1000,0.0043007742303113146,0.002415903223057588,9,9,5,0.002428365172818303,0.002428365172818303,-46.781167108753316,0,0.0003,/home/danderety/Documents/GitHub/TCN_Transformer_anomaly_analizer/outputs/lo2/models/tcn_transformer_ae_seed43_best.pt,real_val_plus_val_synthetic,,,,,,,,,,,False,,,False,False,True,False,False,0.05,0.002415903223057588,0.002415903223057588,True,0.002415903223057588,-46.781167108753316,0,0.7368738651275635
tcn_transformer_ae,399,1000,0.004257283794383208,0.002403899095952511,9,9,5,0.002415903223057588,0.002415903223057588,-46.781167108753316,0,0.0003,/home/danderety/Documents/GitHub/TCN_Transformer_anomaly_analizer/outputs/lo2/models/tcn_transformer_ae_seed43_best.pt,real_val_plus_val_synthetic,,,,,,,,,,,False,,,False,False,True,False,False,0.05,0.002403899095952511,0.002403899095952511,True,0.002403899095952511,-46.781167108753316,0,1.034935474395752
tcn_transformer_ae,400,1000,0.004257771496971448,0.0023921007135262093,9,9,5,0.002403899095952511,0.002403899095952511,-46.781167108753316,0,0.0003,/home/danderety/Documents/GitHub/TCN_Transformer_anomaly_analizer/outputs/lo2/models/tcn_transformer_ae_seed43_best.pt,real_val_plus_val_synthetic,0.7586206896551724,0.5057471264367817,0.6068965517241379,14.0,43.0,2.303029704093933,2.303029704093933,-0.8551147580146791,False,quantile,True,2.3062757372856137,-46.781167108753316,False,True,True,False,False,0.05,0.0023921007135262093,0.0023921007135262093,True,0.0023921007135262093,-46.781167108753316,0,2.1824705600738525
tcn_transformer_ae,401,1000,0.004226870213945706,0.0023803162233283124,9,9,5,0.0023921007135262093,0.0023921007135262093,-46.781167108753316,0,0.0003,/home/danderety/Documents/GitHub/TCN_Transformer_anomaly_analizer/outputs/lo2/models/tcn_transformer_ae_seed43_best.pt,real_val_plus_val_synthetic,,,,,,,,,,,False,,,False,False,True,False,False,0.05,0.0023803162233283124,0.0023803162233283124,True,0.0023803162233283124,-46.781167108753316,0,2.6534860134124756
tcn_transformer_ae,402,1000,0.004204864924152692,0.0023683238929758468,9,9,5,0.0023803162233283124,0.0023803162233283124,-46.781167108753316,0,0.0003,/home/danderety/Documents/GitHub/TCN_Transformer_anomaly_analizer/outputs/lo2/models/tcn_transformer_ae_seed43_best.pt,real_val_plus_val_synthetic,,,,,,,,,,,False,,,False,False,True,False,False,0.05,0.0023683238929758468,0.0023683238929758468,True,0.0023683238929758468,-46.781167108753316,0,0.6384756565093994
tcn_transformer_ae,403,1000,0.004205049015581608,0.002356551820412278,9,9,5,0.0023683238929758468,0.0023683238929758468,-46.781167108753316,0,0.0003,/home/danderety/Documents/GitHub/TCN_Transformer_anomaly_analizer/outputs/lo2/models/tcn_transformer_ae_seed43_best.pt,real_val_plus_val_synthetic,,,,,,,,,,,False,,,False,False,True,False,False,0.05,0.002356551820412278,0.002356551820412278,True,0.002356551820412278,-46.781167108753316,0,0.6054410934448242
tcn_transformer_ae,404,1000,0.004171749111264944,0.002344785025343299,9,9,5,0.002356551820412278,0.002356551820412278,-46.781167108753316,0,0.0003,/home/danderety/Documents/GitHub/TCN_Transformer_anomaly_analizer/outputs/lo2/models/tcn_transformer_ae_seed43_best.pt,real_val_plus_val_synthetic,,,,,,,,,,,False,,,False,False,True,False,False,0.05,0.002344785025343299,0.002344785025343299,True,0.002344785025343299,-46.781167108753316,0,0.6637470722198486
tcn_transformer_ae,405,1000,0.004147656417141358,0.0023333278174201646,9,9,5,0.002344785025343299,0.002344785025343299,-46.781167108753316,0,0.0003,/home/danderety/Documents/GitHub/TCN_Transformer_anomaly_analizer/outputs/lo2/models/tcn_transformer_ae_seed43_best.pt,real_val_plus_val_synthetic,0.7586206896551724,0.5057471264367817,0.6068965517241379,14.0,43.0,2.3030106544494626,2.3030106544494626,-0.8542312383651735,False,quantile,True,2.303029704093933,-46.781167108753316,False,True,True,False,False,0.05,0.0023333278174201646,0.0023333278174201646,True,0.0023333278174201646,-46.781167108753316,0,2.6841115951538086
tcn_transformer_ae,406,1000,0.00414925254881382,0.0023220406534771123,9,9,5,0.0023333278174201646,0.0023333278174201646,-46.781167108753316,0,0.0003,/home/danderety/Documents/GitHub/TCN_Transformer_anomaly_analizer/outputs/lo2/models/tcn_transformer_ae_seed43_best.pt,real_val_plus_val_synthetic,,,,,,,,,,,False,,,False,False,True,False,False,0.05,0.0023220406534771123,0.0023220406534771123,True,0.0023220406534771123,-46.781167108753316,0,1.1137254238128662
tcn_transformer_ae,407,1000,0.004114072459439437,0.002310615343352159,9,9,5,0.0023220406534771123,0.0023220406534771123,-46.781167108753316,0,0.0003,/home/danderety/Documents/GitHub/TCN_Transformer_anomaly_analizer/outputs/lo2/models/tcn_transformer_ae_seed43_best.pt,real_val_plus_val_synthetic,,,,,,,,,,,False,,,False,False,True,False,False,0.05,0.002310615343352159,0.002310615343352159,True,0.002310615343352159,-46.781167108753316,0,1.5132746696472168
tcn_transformer_ae,408,1000,0.004086826307078202,0.002299194224178791,9,9,5,0.002310615343352159,0.002310615343352159,-46.781167108753316,0,0.0003,/home/danderety/Documents/GitHub/TCN_Transformer_anomaly_analizer/outputs/lo2/models/tcn_transformer_ae_seed43_best.pt,real_val_plus_val_synthetic,,,,,,,,,,,False,,,False,False,True,False,False,0.05,0.002299194224178791,0.002299194224178791,True,0.002299194224178791,-46.781167108753316,0,1.687530755996704
tcn_transformer_ae,409,1000,0.004076454633225997,0.002287982264533639,9,9,5,0.002299194224178791,0.002299194224178791,-46.781167108753316,0,0.0003,/home/danderety/Documents/GitHub/TCN_Transformer_anomaly_analizer/outputs/lo2/models/tcn_transformer_ae_seed43_best.pt,real_val_plus_val_synthetic,,,,,,,,,,,False,,,False,False,True,False,False,0.05,0.002287982264533639,0.002287982264533639,True,0.002287982264533639,-46.781167108753316,0,2.1107990741729736
tcn_transformer_ae,410,1000,0.004050035184870164,0.0022769117883096137,9,9,5,0.002287982264533639,0.002287982264533639,-46.781167108753316,0,0.0003,/home/danderety/Documents/GitHub/TCN_Transformer_anomaly_analizer/outputs/lo2/models/tcn_transformer_ae_seed43_best.pt,real_val_plus_val_synthetic,0.7457627118644068,0.5057471264367817,0.6027397260273972,15.0,43.0,2.2937808156013486,2.2937808156013486,-0.8536396026611329,False,quantile,True,2.3030106544494626,-46.78898693811306,False,True,True,False,False,0.05,0.0022769117883096137,0.0022769117883096137,True,0.0022769117883096137,-46.781167108753316,0,2.4137866497039795
tcn_transformer_ae,411,1000,0.0040412722155451775,0.002265914110466838,9,9,5,0.0022769117883096137,0.0022769117883096137,-46.781167108753316,0,0.0003,/home/danderety/Documents/GitHub/TCN_Transformer_anomaly_analizer/outputs/lo2/models/tcn_transformer_ae_seed43_best.pt,real_val_plus_val_synthetic,,,,,,,,,,,False,,,False,False,True,False,False,0.05,0.002265914110466838,0.002265914110466838,True,0.002265914110466838,-46.781167108753316,0,1.1158347129821777
tcn_transformer_ae,412,1000,0.004026052386810382,0.0022548584577937922,9,9,5,0.002265914110466838,0.002265914110466838,-46.781167108753316,0,0.0003,/home/danderety/Documents/GitHub/TCN_Transformer_anomaly_analizer/outputs/lo2/models/tcn_transformer_ae_seed43_best.pt,real_val_plus_val_synthetic,,,,,,,,,,,False,,,False,False,True,False,False,0.05,0.0022548584577937922,0.0022548584577937922,True,0.0022548584577937922,-46.781167108753316,0,1.5734972953796387
tcn_transformer_ae,413,1000,0.003999638215949138,0.002243772071475784,9,9,5,0.0022548584577937922,0.0022548584577937922,-46.781167108753316,0,0.0003,/home/danderety/Documents/GitHub/TCN_Transformer_anomaly_analizer/outputs/lo2/models/tcn_transformer_ae_seed43_best.pt,real_val_plus_val_synthetic,,,,,,,,,,,False,,,False,False,True,False,False,0.05,0.002243772071475784,0.002243772071475784,True,0.002243772071475784,-46.781167108753316,0,1.5895674228668213
tcn_transformer_ae,414,1000,0.003977167808140318,0.002232885376239816,9,9,5,0.002243772071475784,0.002243772071475784,-46.781167108753316,0,0.0003,/home/danderety/Documents/GitHub/TCN_Transformer_anomaly_analizer/outputs/lo2/models/tcn_transformer_ae_seed43_best.pt,real_val_plus_val_synthetic,,,,,,,,,,,False,,,False,False,True,False,False,0.05,0.002232885376239816,0.002232885376239816,True,0.002232885376239816,-46.781167108753316,0,2.1280477046966553
tcn_transformer_ae,415,1000,0.00397106787810723,0.002222071789825956,9,9,5,0.002232885376239816,0.002232885376239816,-46.781167108753316,0,0.0003,/home/danderety/Documents/GitHub/TCN_Transformer_anomaly_analizer/outputs/lo2/models/tcn_transformer_ae_seed43_best.pt,real_val_plus_val_synthetic,0.7457627118644068,0.5057471264367817,0.6027397260273972,15.0,43.0,2.2840478420257564,2.2840478420257564,-0.8558017611503602,False,quantile,True,2.2937808156013486,-46.78898693811306,False,True,True,False,False,0.05,0.002222071789825956,0.002222071789825956,True,0.002222071789825956,-46.781167108753316,0,2.14536714553833
tcn_transformer_ae,416,1000,0.003937992344920834,0.0022114752791821957,9,9,5,0.002222071789825956,0.002222071789825956,-46.781167108753316,0,0.0003,/home/danderety/Documents/GitHub/TCN_Transformer_anomaly_analizer/outputs/lo2/models/tcn_transformer_ae_seed43_best.pt,real_val_plus_val_synthetic,,,,,,,,,,,False,,,False,False,True,False,False,0.05,0.0022114752791821957,0.0022114752791821957,True,0.0022114752791821957,-46.781167108753316,0,2.5512259006500244
tcn_transformer_ae,417,1000,0.003945066981638472,0.0022009697277098894,9,9,5,0.0022114752791821957,0.0022114752791821957,-46.781167108753316,0,0.0003,/home/danderety/Documents/GitHub/TCN_Transformer_anomaly_analizer/outputs/lo2/models/tcn_transformer_ae_seed43_best.pt,real_val_plus_val_synthetic,,,,,,,,,,,False,,,False,False,True,False,False,0.05,0.0022009697277098894,0.0022009697277098894,True,0.0022009697277098894,-46.781167108753316,0,0.6097979545593262
tcn_transformer_ae,418,1000,0.003922077516714732,0.0021907083379725614,9,9,5,0.0022009697277098894,0.0022009697277098894,-46.781167108753316,0,0.0003,/home/danderety/Documents/GitHub/TCN_Transformer_anomaly_analizer/outputs/lo2/models/tcn_transformer_ae_seed43_best.pt,real_val_plus_val_synthetic,,,,,,,,,,,False,,,False,False,True,False,False,0.05,0.0021907083379725614,0.0021907083379725614,True,0.0021907083379725614,-46.781167108753316,0,0.7105972766876221
tcn_transformer_ae,419,1000,0.0038767148119707904,0.0021801327044765153,9,9,5,0.0021907083379725614,0.0021907083379725614,-46.781167108753316,0,0.0003,/home/danderety/Documents/GitHub/TCN_Transformer_anomaly_analizer/outputs/lo2/models/tcn_transformer_ae_seed43_best.pt,real_val_plus_val_synthetic,,,,,,,,,,,False,,,False,False,True,False,False,0.05,0.0021801327044765153,0.0021801327044765153,True,0.0021801327044765153,-46.781167108753316,0,2.4025864601135254
tcn_transformer_ae,420,1000,0.0038598523630450168,0.0021696777548640966,9,9,5,0.0021801327044765153,0.0021801327044765153,-46.781167108753316,0,0.0003,/home/danderety/Documents/GitHub/TCN_Transformer_anomaly_analizer/outputs/lo2/models/tcn_transformer_ae_seed43_best.pt,real_val_plus_val_synthetic,0.7457627118644068,0.5057471264367817,0.6027397260273972,15.0,43.0,2.2835698127746578,2.2835698127746578,-0.8584439158439637,False,quantile,True,2.2840478420257564,-46.78898693811306,False,True,True,False,False,0.05,0.0021696777548640966,0.0021696777548640966,True,0.0021696777548640966,-46.781167108753316,0,2.187189817428589
tcn_transformer_ae,421,1000,0.003854828809077541,0.002159150860582789,9,9,5,0.0021696777548640966,0.0021696777548640966,-46.781167108753316,0,0.0003,/home/danderety/Documents/GitHub/TCN_Transformer_anomaly_analizer/outputs/lo2/models/tcn_transformer_ae_seed43_best.pt,real_val_plus_val_synthetic,,,,,,,,,,,False,,,False,False,True,False,False,0.05,0.002159150860582789,0.002159150860582789,True,0.002159150860582789,-46.781167108753316,0,2.7089006900787354
tcn_transformer_ae,422,1000,0.00384671272089084,0.002148656640201807,9,9,5,0.002159150860582789,0.002159150860582789,-46.781167108753316,0,0.0003,/home/danderety/Documents/GitHub/TCN_Transformer_anomaly_analizer/outputs/lo2/models/tcn_transformer_ae_seed43_best.pt,real_val_plus_val_synthetic,,,,,,,,,,,False,,,False,False,True,False,False,0.05,0.002148656640201807,0.002148656640201807,True,0.002148656640201807,-46.781167108753316,0,0.6361019611358643
tcn_transformer_ae,423,1000,0.0038183641930421195,0.0021383885759860277,9,9,5,0.002148656640201807,0.002148656640201807,-46.781167108753316,0,0.0003,/home/danderety/Documents/GitHub/TCN_Transformer_anomaly_analizer/outputs/lo2/models/tcn_transformer_ae_seed43_best.pt,real_val_plus_val_synthetic,,,,,,,,,,,False,,,False,False,True,False,False,0.05,0.0021383885759860277,0.0021383885759860277,True,0.0021383885759860277,-46.781167108753316,0,0.6141841411590576
tcn_transformer_ae,424,1000,0.0038168925481537976,0.0021283929236233234,9,9,5,0.0021383885759860277,0.0021383885759860277,-46.781167108753316,0,0.0003,/home/danderety/Documents/GitHub/TCN_Transformer_anomaly_analizer/outputs/lo2/models/tcn_transformer_ae_seed43_best.pt,real_val_plus_val_synthetic,,,,,,,,,,,False,,,False,False,False,False,False,0.05,0.0021283929236233234,0.0021383885759860277,False,0.0021283929236233234,-46.781167108753316,1,0.3182852268218994
tcn_transformer_ae,425,1000,0.003771295538172126,0.002118539453173677,9,9,5,0.0021283929236233234,0.0021383885759860277,-46.781167108753316,1,0.0003,/home/danderety/Documents/GitHub/TCN_Transformer_anomaly_analizer/outputs/lo2/models/tcn_transformer_ae_seed43_best.pt,real_val_plus_val_synthetic,0.7457627118644068,0.5057471264367817,0.6027397260273972,15.0,43.0,2.283256840705871,2.283256840705871,-0.8586781024932862,False,quantile,True,2.2835698127746578,-46.78898693811306,False,True,False,False,False,0.05,0.002118539453173677,0.0021383885759860277,False,0.002118539453173677,-46.781167108753316,2,1.7735505104064941
tcn_transformer_ae,426,1000,0.003778116932759682,0.00210879424897333,9,9,5,0.002118539453173677,0.0021383885759860277,-46.781167108753316,2,0.0003,/home/danderety/Documents/GitHub/TCN_Transformer_anomaly_analizer/outputs/lo2/models/tcn_transformer_ae_seed43_best.pt,real_val_plus_val_synthetic,,,,,,,,,,,False,,,False,False,False,False,False,0.05,0.00210879424897333,0.0021383885759860277,False,0.00210879424897333,-46.781167108753316,3,0.3179473876953125
tcn_transformer_ae,427,1000,0.0037559074504921832,0.0020991692629953227,9,9,5,0.00210879424897333,0.0021383885759860277,-46.781167108753316,3,0.0003,/home/danderety/Documents/GitHub/TCN_Transformer_anomaly_analizer/outputs/lo2/models/tcn_transformer_ae_seed43_best.pt,real_val_plus_val_synthetic,,,,,,,,,,,False,,,False,False,False,False,False,0.05,0.0020991692629953227,0.0021383885759860277,False,0.0020991692629953227,-46.781167108753316,4,0.31531214714050293
tcn_transformer_ae,428,1000,0.003744531267633041,0.002089327434077859,9,9,5,0.0020991692629953227,0.0021383885759860277,-46.781167108753316,4,0.0003,/home/danderety/Documents/GitHub/TCN_Transformer_anomaly_analizer/outputs/lo2/models/tcn_transformer_ae_seed43_best.pt,real_val_plus_val_synthetic,,,,,,,,,,,False,,,False,False,False,False,False,0.05,0.002089327434077859,0.0021383885759860277,False,0.002089327434077859,-46.781167108753316,5,0.31508803367614746
tcn_transformer_ae,429,1000,0.0037195018182198205,0.0020793873506287732,9,9,5,0.002089327434077859,0.0021383885759860277,-46.781167108753316,5,0.0003,/home/danderety/Documents/GitHub/TCN_Transformer_anomaly_analizer/outputs/lo2/models/tcn_transformer_ae_seed43_best.pt,real_val_plus_val_synthetic,,,,,,,,,,,False,,,False,False,False,False,False,0.05,0.0020793873506287732,0.0021383885759860277,False,0.0020793873506287732,-46.781167108753316,6,0.31737208366394043
tcn_transformer_ae,430,1000,0.003711663962652286,0.0020695083464185395,9,9,5,0.0020793873506287732,0.0021383885759860277,-46.781167108753316,6,0.0003,/home/danderety/Documents/GitHub/TCN_Transformer_anomaly_analizer/outputs/lo2/models/tcn_transformer_ae_seed43_best.pt,real_val_plus_val_synthetic,0.7457627118644068,0.5057471264367817,0.6027397260273972,15.0,43.0,2.2807385921478263,2.2807385921478263,-0.8576642274856568,False,quantile,True,2.283256840705871,-46.78898693811306,False,True,False,False,False,0.05,0.0020695083464185395,0.0021383885759860277,False,0.0020695083464185395,-46.781167108753316,7,1.7668571472167969
tcn_transformer_ae,431,1000,0.0036820142219463983,0.002059929228077332,9,9,5,0.0020695083464185395,0.0021383885759860277,-46.781167108753316,7,0.0003,/home/danderety/Documents/GitHub/TCN_Transformer_anomaly_analizer/outputs/lo2/models/tcn_transformer_ae_seed43_best.pt,real_val_plus_val_synthetic,0.7457627118644068,0.5057471264367817,0.6027397260273972,15.0,43.0,2.282155549526214,2.282155549526214,-0.8572117090225221,False,quantile,True,2.2807385921478263,-46.78898693811306,False,True,False,False,False,0.05,0.002059929228077332,0.0021383885759860277,False,0.002059929228077332,-46.781167108753316,8,1.7673301696777344
tcn_transformer_ae,432,1000,0.0036751010144750276,0.0020506021101027727,9,9,5,0.002059929228077332,0.0021383885759860277,-46.781167108753316,8,0.0003,/home/danderety/Documents/GitHub/TCN_Transformer_anomaly_analizer/outputs/lo2/models/tcn_transformer_ae_seed43_best.pt,real_val_plus_val_synthetic,0.7457627118644068,0.5057471264367817,0.6027397260273972,15.0,43.0,2.285026574134826,2.285026574134826,-0.8569133281707765,False,quantile,True,2.282155549526214,-46.78898693811306,False,True,False,False,False,0.05,0.0020506021101027727,0.0021383885759860277,False,0.0020506021101027727,-46.781167108753316,9,1.765202522277832
